sequence_index,query_id,family,map,source_split,scenario,scenario_index,scenario_row,source_line,source_bucket,start_x,start_y,goal_x,goal_y,oracle_cost,manhattan_search_ns_r0,manhattan_search_ns_r1,manhattan_search_ns_r2,manhattan_search_ns_r3,manhattan_search_ns_r4,manhattan_search_ns_r5,manhattan_search_ns_r6,manhattan_search_ns_r7,manhattan_median_search_ns,manhattan_expanded,manhattan_generated,manhattan_relaxations,manhattan_reopened,manhattan_pops,manhattan_stale_pops,manhattan_requeues,manhattan_manhattan_calls,manhattan_prefix_calls,manhattan_suffix_calls,manhattan_full_calls,manhattan_pivot_evaluations,manhattan_distance_table_reads,manhattan_heuristic_cache_hits,manhattan_unique_discovered,manhattan_max_open_entries,manhattan_max_live_states,eager_full_search_ns_r0,eager_full_search_ns_r1,eager_full_search_ns_r2,eager_full_search_ns_r3,eager_full_search_ns_r4,eager_full_search_ns_r5,eager_full_search_ns_r6,eager_full_search_ns_r7,eager_full_median_search_ns,eager_full_expanded,eager_full_generated,eager_full_relaxations,eager_full_reopened,eager_full_pops,eager_full_stale_pops,eager_full_requeues,eager_full_manhattan_calls,eager_full_prefix_calls,eager_full_suffix_calls,eager_full_full_calls,eager_full_pivot_evaluations,eager_full_distance_table_reads,eager_full_heuristic_cache_hits,eager_full_unique_discovered,eager_full_max_open_entries,eager_full_max_live_states,lazy_full_search_ns_r0,lazy_full_search_ns_r1,lazy_full_search_ns_r2,lazy_full_search_ns_r3,lazy_full_search_ns_r4,lazy_full_search_ns_r5,lazy_full_search_ns_r6,lazy_full_search_ns_r7,lazy_full_median_search_ns,lazy_full_expanded,lazy_full_generated,lazy_full_relaxations,lazy_full_reopened,lazy_full_pops,lazy_full_stale_pops,lazy_full_requeues,lazy_full_manhattan_calls,lazy_full_prefix_calls,lazy_full_suffix_calls,lazy_full_full_calls,lazy_full_pivot_evaluations,lazy_full_distance_table_reads,lazy_full_heuristic_cache_hits,lazy_full_unique_discovered,lazy_full_max_open_entries,lazy_full_max_live_states,staged_search_ns_r0,staged_search_ns_r1,staged_search_ns_r2,staged_search_ns_r3,staged_search_ns_r4,staged_search_ns_r5,staged_search_ns_r6,staged_search_ns_r7,staged_median_search_ns,staged_expanded,staged_generated,staged_relaxations,staged_reopened,staged_pops,staged_stale_pops,staged_requeues,staged_manhattan_calls,staged_prefix_calls,staged_suffix_calls,staged_full_calls,staged_pivot_evaluations,staged_distance_table_reads,staged_heuristic_cache_hits,staged_unique_discovered,staged_max_open_entries,staged_max_live_states,staged_lazy_time_ratio,staged_lazy_log_time_ratio,pivot_saved,pivot_saving,read_saved,read_saving,suffix_avoided_calls,suffix_avoidance_rate,lazy_full_open_operations,staged_open_operations,extra_open_work
0,sealed_evaluation:maze-128-128-2:s1:r2,maze,maze-128-128-2.map,validation,maze-128-128-2-random-1.scen,1,1,2,94,40,101,88,70,403,37375400,25249000,28583000,28699200,25520200,24870600,26910700,21703000,26215450,2309,6887,2449,0,2429,119,0,2331,0,0,0,0,0,119,2331,58,58,20821700,18621200,29741700,18731600,20994600,17903000,21792300,20001300,20411500,403,1250,816,0,404,0,0,817,0,0,817,26144,26176,0,817,414,414,23584100,25189400,22923000,24638200,21628500,20016800,19051200,23468900,23195950,403,1250,816,0,1212,0,808,817,0,0,809,25888,25920,0,817,414,414,18817200,19340500,18845700,17433300,18828100,17881000,16159200,17192200,18349100,403,1250,816,0,1614,0,1210,817,809,403,0,14520,14552,0,817,414,414,0.79104757511548351,-0.23439716749156841,11368,0.43912237330037085,11368,0.43858024691358027,406,0.50247524752475248,2837,3641,804
1,sealed_evaluation:maze-128-128-2:s1:r3,maze,maze-128-128-2.map,validation,maze-128-128-2-random-1.scen,1,2,3,86,103,34,72,70,373,30740000,36329400,37133100,39293400,29076100,35356100,32711300,32108200,34033700,2918,8765,3108,0,3065,146,0,2963,0,0,0,0,0,146,2963,68,51,18815700,17150600,15810500,22194600,19033900,18270400,21561200,21395400,18924800,373,1191,781,0,374,0,0,782,0,0,782,25024,25056,0,782,409,409,19521400,22097000,18808700,24147000,20873600,24223600,25624200,19908700,21485300,373,1191,781,0,1143,0,769,782,0,0,770,24640,24672,0,782,409,409,21779300,31313900,20852400,22246400,27220500,35815100,29693200,21509500,24733450,373,1191,781,0,1730,0,1356,782,770,588,0,19544,19576,0,782,409,409,1.1511801091909353,0.14078759811559827,5096,0.20681818181818182,5096,0.20654993514915693,182,0.23667100130039012,2694,3868,1174
2,sealed_evaluation:maze-128-128-2:s1:r4,maze,maze-128-128-2.map,validation,maze-128-128-2-random-1.scen,1,3,4,171,61,65,18,88,740,105505900,100912900,111249400,127771600,97429600,110115800,95035500,114173900,107810850,9204,27469,9704,0,9672,467,0,9238,0,0,0,0,0,467,9238,63,63,46230900,35554700,33176600,44485700,44804700,54551000,45504000,46824200,45154350,740,2357,1550,0,741,0,0,1551,0,0,1551,49632,49664,0,1551,811,811,46525000,40919100,44936300,54998100,54883000,52323900,52083200,46816500,49449850,740,2357,1550,0,2275,0,1534,1551,0,0,1535,49120,49152,0,1551,811,811,48139500,47345700,35215700,60802300,51304100,52625500,37170500,40365300,47742600,740,2357,1550,0,3265,0,2524,1551,1535,991,0,33888,33920,0,1551,811,811,0.9654751227759033,-0.035134943602016834,15232,0.31009771986970686,15232,0.30989583333333331,544,0.35462842242503262,5360,7340,1980
3,sealed_evaluation:maze-128-128-2:s1:r5,maze,maze-128-128-2.map,validation,maze-128-128-2-random-1.scen,1,4,5,105,101,43,7,26,457,36209600,51621200,50908900,54718100,46660300,39245500,47429900,42062200,47045100,3589,10761,3865,0,3820,230,0,3636,0,0,0,0,0,230,3636,79,74,21494300,24215100,30944100,28951300,25036500,28139500,35503700,24521700,26588000,607,1892,1099,0,608,0,0,1004,0,0,1004,32128,32160,96,1004,493,397,30136300,25501100,36087500,40881000,38926400,29416900,26212500,28123600,29776600,607,1892,1099,0,1592,0,984,1004,0,0,985,31520,31552,96,1004,493,397,29260800,28217600,33905600,41519300,29911300,36815300,27886200,43727700,31908450,607,1892,1099,0,2320,0,1712,1004,985,729,0,24352,24384,96,1004,493,397,1.071594809346937,0.069148014842073238,7168,0.22741116751269036,7168,0.22718052738336714,256,0.26016260162601629,3676,5132,1456
4,sealed_evaluation:maze-128-128-2:s1:r6,maze,maze-128-128-2.map,validation,maze-128-128-2-random-1.scen,1,5,6,130,4,19,86,41,562,31471200,34855700,39883900,40290900,43960900,45313500,36156200,41132500,40087400,3302,9925,3473,0,3444,141,0,3333,0,0,0,0,0,141,3333,69,57,26248800,27749300,29751500,26737300,39769300,28059200,31982200,30625500,28905350,562,1794,1183,0,563,0,0,1184,0,0,1184,37888,37920,0,1184,622,622,37432900,31436000,42842800,34888700,40964100,32922200,36537700,38703600,36985300,562,1794,1183,0,1738,0,1175,1184,0,0,1176,37632,37664,0,1184,622,622,38995200,28799000,34943100,28310100,41640600,43004100,38634700,34360500,36788900,562,1794,1183,0,2482,0,1919,1184,1176,745,0,25564,25596,0,1184,622,622,0.99468978215669468,-0.0053243671629524536,12068,0.32068452380952384,12068,0.32041206457094307,431,0.36680851063829789,4097,5585,1488
5,sealed_evaluation:maze-128-128-2:s1:r7,maze,maze-128-128-2.map,validation,maze-128-128-2-random-1.scen,1,6,7,4,1,69,11,76,21,463200,494900,512200,596000,449700,473700,661000,479600,487250,33,103,53,0,38,4,0,50,0,0,0,0,0,4,50,17,17,1104200,1212200,1442700,1146100,1297400,1130900,1570300,1314000,1254800,21,69,46,0,22,0,0,47,0,0,47,1504,1536,0,47,26,26,1017700,928600,1020700,918200,1172900,1002300,1206500,1036000,1019200,21,69,46,0,53,0,31,47,0,0,32,1024,1056,0,47,26,26,1069400,967100,965500,1436000,1006800,960100,1362600,1027400,1017100,21,69,46,0,74,0,52,47,32,22,0,744,776,0,47,26,26,0.99793956043956045,-0.0020625651863483679,280,0.2734375,280,0.26515151515151514,10,0.32258064516129031,131,173,42
6,sealed_evaluation:maze-128-128-2:s1:r8,maze,maze-128-128-2.map,validation,maze-128-128-2-random-1.scen,1,7,8,250,121,1,65,94,1079,133523700,112512100,145043100,110694200,160395400,126955000,115589800,149106200,130239350,10266,30643,10908,0,10882,615,0,10294,0,0,0,0,0,615,10294,83,82,82475200,63683000,76978100,66935100,69619900,70890000,59448600,69836700,69728300,1384,4248,2471,0,1385,0,0,2283,0,0,2283,73056,73088,189,2283,1088,899,80833600,95869100,68019800,65417500,88622100,109684500,95236200,102834400,91929150,1384,4248,2471,0,3644,0,2259,2283,0,0,2260,72320,72352,189,2283,1088,899,58952400,75555700,62685300,65894800,87521600,80515000,81056700,76626900,76091300,1384,4248,2471,0,5040,0,3655,2283,2260,1397,0,48156,48188,189,2283,1088,899,0.82771677971568325,-0.18908423659398804,24164,0.33412610619469024,24164,0.33397832817337464,863,0.38202744577246567,8375,11167,2792
7,sealed_evaluation:maze-128-128-2:s1:r9,maze,maze-128-128-2.map,validation,maze-128-128-2-random-1.scen,1,8,9,173,125,121,75,53,744,71678800,64900300,51790600,50496800,74628800,70263800,50896800,49694300,58345450,4730,14089,5008,0,4964,233,0,4776,0,0,0,0,0,233,4776,90,82,52080800,47720900,50141800,47281600,52442500,46211400,41831100,48839100,48280000,941,2902,1704,0,942,0,0,1581,0,0,1581,50592,50624,124,1581,764,640,45294200,42927600,57731100,50152600,47423300,51033800,50806700,48179500,49166050,941,2902,1704,0,2488,0,1546,1581,0,0,1547,49504,49536,124,1581,764,640,40798300,50204400,59454100,43647100,39290400,43262900,42424900,51598200,43455000,941,2902,1704,0,3503,0,2561,1581,1547,1016,0,34636,34668,124,1581,764,640,0.88384159394541562,-0.12347742477080381,14868,0.30033936651583709,14868,0.30014534883720928,531,0.34346701164294957,5739,7769,2030
8,sealed_evaluation:maze-128-128-2:s1:r10,maze,maze-128-128-2.map,validation,maze-128-128-2-random-1.scen,1,9,10,172,9,19,79,4,743,51478600,48330600,53579400,49794800,51773300,59379300,50989300,56172000,51625950,4520,13548,4763,0,4739,218,0,4546,0,0,0,0,0,218,4546,55,51,45300000,38743600,43874700,46565700,40839000,40012500,39213700,50616200,42356850,967,2994,1736,0,968,0,0,1611,0,0,1611,51552,51584,126,1611,770,644,42884100,56653500,46227900,57070800,55356900,54010100,58670500,40551500,54683500,967,2994,1736,0,2565,0,1597,1611,0,0,1598,51136,51168,126,1611,770,644,48926500,45513400,51503400,43603800,54901400,43284700,56998700,42189800,47219950,967,2994,1736,0,3564,0,2596,1611,1598,1000,0,34392,34424,126,1611,770,644,0.86351367414302305,-0.14674554580217358,16744,0.32744055068836048,16744,0.32723577235772355,598,0.3744520976831559,5899,7897,1998
9,sealed_evaluation:maze-128-128-2:s1:r11,maze,maze-128-128-2.map,validation,maze-128-128-2-random-1.scen,1,10,11,154,126,118,47,107,658,72767000,62749500,69524600,65089600,63725200,62440200,71540400,64032100,64560850,5760,17121,6091,0,6070,309,0,5783,0,0,0,0,0,309,5783,61,61,34221400,35348000,47510900,34404100,34636600,33088000,48539700,33931200,34520350,827,2535,1493,0,828,0,0,1394,0,0,1394,44608,44640,100,1394,667,567,48305900,42321900,37963000,51082400,41488000,38397400,39642800,45599000,41904950,827,2535,1493,0,2202,0,1374,1394,0,0,1375,44000,44032,100,1394,667,567,41070600,45815500,34462200,44840100,33580000,49031400,36821900,49952800,42955350,827,2535,1493,0,3046,0,2218,1394,1375,845,0,29160,29192,100,1394,667,567,1.0250662511230773,0.024757245743630838,14840,0.33727272727272728,14840,0.33702761627906974,530,0.38573508005822416,5070,6758,1688
10,sealed_evaluation:maze-128-128-2:s1:r12,maze,maze-128-128-2.map,validation,maze-128-128-2-random-1.scen,1,11,12,34,116,56,79,73,146,4704100,7291300,5748500,4420400,4180500,6280500,4573000,5697400,5200750,480,1434,521,0,507,26,0,496,0,0,0,0,0,26,496,33,32,8499500,11401700,5831300,5726700,7768700,7838400,7495200,8780900,7803550,146,460,302,0,147,0,0,303,0,0,303,9696,9728,0,303,157,157,6528100,11624600,11241000,7633700,10685700,8953800,6656200,10664600,9809200,146,460,302,0,435,0,288,303,0,0,289,9248,9280,0,303,157,157,7258100,10241000,5312100,6477800,9288800,5915500,7157600,6790700,6974150,146,460,302,0,580,0,433,303,289,146,0,5244,5276,0,303,157,157,0.71098050809444191,-0.34111026433043778,4004,0.43295847750865052,4004,0.43146551724137933,143,0.49652777777777779,1026,1316,290
11,sealed_evaluation:maze-128-128-2:s1:r13,maze,maze-128-128-2.map,validation,maze-128-128-2-random-1.scen,1,12,13,128,122,85,42,50,549,101869400,82298100,111331500,52793200,46232400,47330700,52506900,50888300,52650050,4591,13691,4885,0,4853,261,0,4625,0,0,0,0,0,261,4625,63,63,67450200,55932300,51362500,30259200,34269200,36067100,33751700,29102300,35168150,808,2454,1363,0,809,0,0,1255,0,0,1255,40160,40192,109,1255,556,449,56803900,58200700,55162400,36510400,40541200,43791400,37419400,35288700,42166300,808,2454,1363,0,2054,0,1245,1255,0,0,1246,39872,39904,109,1255,556,449,58837600,58375900,63007000,39128500,42689000,34769600,32371400,31483300,40908750,808,2454,1363,0,2885,0,2076,1255,1246,832,0,28280,28312,109,1255,556,449,0.97017642050642339,-0.030277347211544757,11592,0.2907303370786517,11592,0.29049719326383322,414,0.3325301204819277,4663,6325,1662
12,sealed_evaluation:maze-128-128-2:s1:r14,maze,maze-128-128-2.map,validation,maze-128-128-2-random-1.scen,1,13,14,107,113,25,50,118,462,60488300,66829800,66964800,54567800,54678700,64609100,61724300,63951100,62837700,5524,16510,5867,0,5837,312,0,5556,0,0,0,0,0,312,5556,87,82,27855600,20885300,22483200,22689000,28946700,22329800,23810000,21280400,22586100,462,1430,931,0,463,0,0,932,0,0,932,29824,29856,0,932,470,470,23415200,26664800,26976600,34153600,33618100,27055600,28279000,23445200,27016100,462,1430,931,0,1376,0,913,932,0,0,914,29248,29280,0,932,470,470,26145100,22168100,23567400,27479700,19981200,24320500,22050500,21283100,22867750,462,1430,931,0,1837,0,1374,932,914,462,0,16592,16624,0,932,470,470,0.84644896931829539,-0.16670536355181953,12656,0.4327133479212254,12656,0.43224043715846994,452,0.4950711938663746,3221,4143,922
13,sealed_evaluation:maze-128-128-2:s1:r15,maze,maze-128-128-2.map,validation,maze-128-128-2-random-1.scen,1,14,15,74,46,89,55,48,320,38335200,24115300,24156700,27772200,22872500,26656700,26275300,22496100,25216000,2289,6864,2414,0,2378,88,0,2324,0,0,0,0,0,91,2324,68,64,24847900,18339500,16295400,17543400,18662800,19316500,25545100,17393100,18501150,414,1285,752,0,415,0,0,692,0,0,692,22144,22176,61,692,339,278,18774100,22064000,18745000,19464200,22403400,21952400,18762500,18592400,19119150,414,1285,752,0,1089,0,674,692,0,0,675,21600,21632,61,692,339,278,20109300,17586100,20160000,26988200,20389200,17183400,16737200,18450900,19280100,414,1285,752,0,1560,0,1145,692,675,472,0,15916,15948,61,692,339,278,1.0084182612720753,0.0083830253228308373,5684,0.26314814814814813,5684,0.26275887573964496,203,0.30118694362017806,2516,3458,942
14,sealed_evaluation:maze-128-128-2:s1:r16,maze,maze-128-128-2.map,validation,maze-128-128-2-random-1.scen,1,15,16,2,80,112,70,112,10,343900,185600,259700,290300,273800,140300,140800,135000,222650,10,29,20,0,11,0,0,21,0,0,0,0,0,0,21,11,11,1018000,792500,836200,899900,845100,428200,421100,405600,814350,10,29,20,0,11,0,0,21,0,0,21,672,704,0,21,11,11,702700,546500,387200,624000,385900,299700,298700,289200,386550,10,29,20,0,20,0,9,21,0,0,10,320,352,0,21,11,11,603600,518500,620700,937600,406100,331200,332000,312800,462300,10,29,20,0,29,0,18,21,10,10,0,320,352,0,21,11,11,1.195964299573147,0.17895280522769591,0,0,0,0,0,0,50,68,18
15,sealed_evaluation:maze-128-128-2:s1:r17,maze,maze-128-128-2.map,validation,maze-128-128-2-random-1.scen,1,16,17,102,66,34,62,70,446,54338600,75349400,78228100,67368400,85257500,60659000,57582000,64577200,65972800,5151,15460,5465,0,5427,275,0,5191,0,0,0,0,0,275,5191,106,98,25093900,22277200,30432600,28089800,21584400,29616600,21760300,23261300,24177600,446,1416,929,0,447,0,0,930,0,0,930,29760,29792,0,930,484,484,29769100,21844200,32530800,30292600,23898300,25688400,23911300,25925600,25807000,446,1416,929,0,1349,0,902,930,0,0,903,28896,28928,0,930,484,484,22810200,18819200,27860100,24253800,20859500,25630100,25984100,20724000,23532000,446,1416,929,0,1794,0,1347,930,903,446,0,16100,16132,0,930,484,484,0.91184562328050534,-0.092284575954793419,12796,0.44282945736434109,12796,0.44233960176991149,457,0.50665188470066513,3181,4071,890
16,sealed_evaluation:maze-128-128-2:s1:r18,maze,maze-128-128-2.map,validation,maze-128-128-2-random-1.scen,1,17,18,197,49,52,68,97,848,108370800,117840200,186469300,226227700,128916100,131993400,208443600,123421500,130454750,10450,31194,11049,0,11035,584,0,10466,0,0,0,0,0,584,10466,75,68,52835800,53075500,78692300,80152500,67153500,58141600,101160300,49061000,62647550,1364,4156,2272,0,1365,0,0,2049,0,0,2049,65568,65600,224,2049,909,685,66359600,72456300,65374400,78997700,63790800,64200900,60957300,60164000,64787650,1364,4156,2272,0,3402,0,2037,2049,0,0,2038,65216,65248,224,2049,909,685,51894700,62293800,76222500,98327300,68244800,72572300,84973800,68880100,70726200,1364,4156,2272,0,4779,0,3414,2049,2038,1378,0,46736,46768,224,2049,909,685,1.0916617596100491,0.087701085395307438,18480,0.28336604514229635,18480,0.28322707209416381,660,0.32400589101620031,7712,10466,2754
17,sealed_evaluation:maze-128-128-2:s1:r19,maze,maze-128-128-2.map,validation,maze-128-128-2-random-1.scen,1,18,19,61,49,91,43,48,263,29899800,30390500,33808600,26537800,30184500,30431800,25333800,35353800,30287500,2534,7577,2683,0,2652,117,0,2567,0,0,0,0,0,117,2567,61,50,16787800,15581100,16247900,15226800,15873800,15111900,15199700,18661000,15727450,348,1078,626,0,349,0,0,577,0,0,577,18464,18496,50,577,279,229,16937400,15480900,15983400,16546000,16898100,17637600,14865800,15835500,16264700,348,1078,626,0,906,0,557,577,0,0,558,17856,17888,50,577,279,229,16568500,14980500,14829000,16310200,15988700,12532700,12860200,13945800,14904750,348,1078,626,0,1290,0,941,577,558,385,0,13012,13044,50,577,279,229,0.91638640737302257,-0.087317161148088684,4844,0.27128136200716846,4844,0.27079606440071557,173,0.3105924596050269,2090,2858,768
18,sealed_evaluation:maze-128-128-2:s1:r20,maze,maze-128-128-2.map,validation,maze-128-128-2-random-1.scen,1,19,20,60,55,108,80,65,254,19459600,18465200,28033200,20884200,31613300,18360900,19376900,18247700,19418250,1852,5564,1964,0,1927,74,0,1889,0,0,0,0,0,76,1889,43,43,12515800,13184500,12547000,15752500,16806600,12418600,19032200,20501900,14468500,334,1033,609,0,335,0,0,568,0,0,568,18176,18208,42,568,276,234,21795400,18640300,14379300,16359100,16923500,17481500,19618900,16223500,17202500,334,1033,609,0,882,0,547,568,0,0,548,17536,17568,42,568,276,234,13429500,15762500,16755900,21813200,16016000,14034000,12389300,14759200,15260850,334,1033,609,0,1269,0,934,568,548,388,0,13056,13088,42,568,276,234,0.88712977764859757,-0.11976399660988565,4480,0.25547445255474455,4480,0.25500910746812389,160,0.29250457038391225,2039,2813,774
19,sealed_evaluation:maze-128-128-2:s1:r21,maze,maze-128-128-2.map,validation,maze-128-128-2-random-1.scen,1,20,21,296,120,127,13,16,1272,135914500,175495800,150650000,179852100,126984700,136199800,110130900,123008000,136057150,9824,29297,10512,0,10467,642,0,9871,0,0,0,0,0,642,9871,91,83,95989400,94630400,104244400,80558900,85048600,115931200,103983900,97101300,96545350,1998,6079,3320,0,2003,4,0,3027,0,0,3027,96864,96896,294,3027,1319,1029,90896600,119676700,144609600,86525900,173299400,112060200,77322300,102991300,107525750,1998,6079,3320,0,4988,4,2985,3027,0,0,2986,95552,95584,294,3027,1319,1029,102547600,124094000,121918900,150347400,140104700,98344500,94273800,98209900,112233250,1998,6079,3320,0,7017,4,5014,3027,2986,2030,0,68784,68816,294,3027,1319,1029,1.0437802107867185,0.042848941230362286,26768,0.28014065639651708,26768,0.28004686976899901,956,0.32026800670016753,11294,15352,4058
20,sealed_evaluation:maze-128-128-2:s1:r22,maze,maze-128-128-2.map,validation,maze-128-128-2-random-1.scen,1,21,22,171,19,123,11,73,738,109717400,110979100,106567400,89493000,110474100,85018200,108117100,96233300,107342250,7683,22932,8095,0,8069,385,0,7711,0,0,0,0,0,385,7711,72,63,59180300,65706700,42986300,47405100,41043100,43964600,57074700,42377900,45684850,969,3016,1755,0,970,0,0,1606,0,0,1606,51392,51424,150,1606,787,637,68315400,72618600,66338700,47805500,55604800,45636100,46894800,56580700,56092750,969,3016,1755,0,2563,0,1593,1606,0,0,1594,51008,51040,150,1606,787,637,93920800,71763200,87125700,41382100,40735000,51645700,42242000,68419100,60032400,969,3016,1755,0,3584,0,2614,1606,1594,1022,0,34992,35024,150,1606,787,637,1.070234566855788,0.067877845808873072,16016,0.31398996235884569,16016,0.31379310344827588,572,0.35907093534212176,5912,7954,2042
21,sealed_evaluation:maze-128-128-2:s1:r23,maze,maze-128-128-2.map,validation,maze-128-128-2-random-1.scen,1,22,23,103,94,47,118,122,441,38868200,42238200,36494200,34990900,46720400,35610300,48719200,37388100,38128150,3498,10435,3717,0,3676,177,0,3539,0,0,0,0,0,179,3539,60,54,36001400,29808200,39597800,29275400,30026800,45375700,31708600,34492000,33100300,839,2528,1326,0,840,0,0,1175,0,0,1175,37600,37632,152,1175,488,336,42336300,45855200,38736600,41747200,51797400,35984700,32801500,38429600,40241900,839,2528,1326,0,2001,0,1161,1175,0,0,1162,37184,37216,152,1175,488,336,34375300,39179400,38985000,33230500,34558600,44212300,38352700,33107300,36455650,839,2528,1326,0,2879,0,2039,1175,1162,879,0,29260,29292,152,1175,488,336,0.90591274268859079,-0.098812288075555726,7924,0.21310240963855423,7924,0.21291917454858125,283,0.24375538329026702,4489,6245,1756
22,sealed_evaluation:maze-128-128-2:s1:r24,maze,maze-128-128-2.map,validation,maze-128-128-2-random-1.scen,1,23,24,199,28,79,90,127,856,132029900,131045600,113232300,141220800,146522900,156549400,129765000,147680900,136625350,9701,28930,10259,0,10226,524,0,9736,0,0,0,0,0,524,9736,68,61,48198600,58728800,50258200,53560000,78492000,54911700,60985200,73076900,56820250,1152,3524,2022,0,1153,0,0,1870,0,0,1870,59840,59872,153,1870,871,718,56379000,61667300,75686900,57288000,89191500,64323100,94805100,108970500,70005000,1152,3524,2022,0,2995,0,1842,1870,0,0,1843,58976,59008,153,1870,871,718,78611700,51777400,67378300,66269100,57325400,55580000,81529800,71867300,66823700,1152,3524,2022,0,4156,0,3003,1870,1843,1162,0,39908,39940,153,1870,871,718,0.95455610313549033,-0.046508860031365055,19068,0.32331795984807377,19068,0.3231426247288503,681,0.36970684039087948,6860,9182,2322
23,sealed_evaluation:maze-128-128-2:s1:r25,maze,maze-128-128-2.map,validation,maze-128-128-2-random-1.scen,1,24,25,113,2,16,61,47,490,26719300,36004400,40807400,51690100,37919100,48237100,33199100,48296000,39363250,2554,7674,2737,0,2677,122,0,2616,0,0,0,0,0,122,2616,64,64,42480700,46875300,36700000,42322700,49157600,29872300,36544400,29285600,39511350,733,2255,1261,0,737,3,0,1175,0,0,1175,37600,37632,87,1175,526,442,61983300,43765800,43600900,49550900,66793300,40820500,44041800,35357500,43903800,733,2255,1261,0,1857,3,1120,1175,0,0,1121,35872,35904,87,1175,526,442,50506600,46384600,38361600,42170500,61652500,46272400,52006500,35160300,46328500,733,2255,1261,0,2633,3,1896,1175,1121,777,0,26240,26272,87,1175,526,442,1.0552275657232404,0.053756445775011936,9632,0.26851025869759143,9632,0.26827094474153296,344,0.30714285714285716,4239,5791,1552
24,sealed_evaluation:maze-128-128-2:s1:r26,maze,maze-128-128-2.map,validation,maze-128-128-2-random-1.scen,1,25,26,62,77,71,44,45,271,25645800,17650800,18911800,21014000,19460900,24146000,21321900,43050800,21167950,1813,5457,1966,0,1922,108,0,1851,0,0,0,0,0,116,1851,46,44,14045900,28870800,14148700,13380500,12576300,19890900,23324200,27034500,17019800,271,858,563,0,272,0,0,564,0,0,564,18048,18080,0,564,293,293,15223800,14898000,16248900,17399000,16074800,19735700,20216700,22439100,16823950,271,858,563,0,828,0,556,564,0,0,557,17824,17856,0,564,293,293,20891700,15269200,15894400,14044000,17734300,20119100,15676300,19172100,16814350,271,858,563,0,1249,0,977,564,557,422,0,14044,14076,0,564,293,293,0.99942938489474831,-0.00057077796800844311,3780,0.21207360861759425,3780,0.21169354838709678,135,0.24280575539568344,1948,2790,842
25,sealed_evaluation:maze-128-128-2:s2:r2,maze,maze-128-128-2.map,validation,maze-128-128-2-random-2.scen,2,1,2,285,84,82,8,36,1230,88563400,94087800,100203500,98074000,96169100,119503800,98842400,96780000,97427000,8319,24776,8829,0,8813,493,0,8337,0,0,0,0,0,493,8337,68,62,75569600,83751300,91868000,71013100,68228500,64643500,67059400,66440500,69620800,1230,3891,2551,0,1231,0,0,2552,0,0,2552,81664,81696,0,2552,1322,1322,79567400,70142800,75782100,74768900,87549300,76426000,73319500,75759300,75770700,1230,3891,2551,0,3772,0,2541,2552,0,0,2542,81344,81376,0,2552,1322,1322,67103800,81321600,71489100,72855100,80218500,75706100,75455200,81874900,75580650,1230,3891,2551,0,5381,0,4150,2552,2542,1610,0,55248,55280,0,2552,1322,1322,0.99749177452498128,-0.002511376342362052,26096,0.32081038552321006,26096,0.32068423122296502,932,0.36678473042109405,8865,12083,3218
26,sealed_evaluation:maze-128-128-2:s2:r3,maze,maze-128-128-2.map,validation,maze-128-128-2-random-2.scen,2,2,3,104,32,7,80,51,456,30949200,26688400,28747000,30059700,26878400,32099600,24882000,24483400,27812700,2564,7704,2719,0,2687,122,0,2598,0,0,0,0,0,122,2598,73,63,28356000,24243000,20695100,23014000,20819500,32761400,23880400,20136500,23447200,456,1463,962,0,457,0,0,963,0,0,963,30816,30848,0,963,507,507,34553400,29086500,36717700,22199800,22923800,26299500,28906700,30171600,28996600,456,1463,962,0,1409,0,952,963,0,0,953,30496,30528,0,963,507,507,24170100,23656800,24393700,25768600,24754900,22795900,26808700,27328600,24574300,456,1463,962,0,2006,0,1549,963,953,598,0,20556,20588,0,963,507,507,0.8474890159535946,-0.16547740033825212,9940,0.32594438614900317,9940,0.32560272536687629,355,0.37289915966386555,3324,4518,1194
27,sealed_evaluation:maze-128-128-2:s2:r4,maze,maze-128-128-2.map,validation,maze-128-128-2-random-2.scen,2,3,4,20,73,106,97,89,87,3473800,3710500,3764700,4156300,3662300,3177100,8944000,3077100,3686400,361,1089,405,0,389,27,0,379,0,0,0,0,0,27,379,37,35,5582700,6994500,7800000,5837500,4528100,4913100,4822000,5959400,5710100,116,368,216,0,117,0,0,203,0,0,203,6496,6528,14,203,101,87,4027500,4861400,4174600,4449100,5823200,5509700,6983000,4192000,4655250,116,368,216,0,305,0,188,203,0,0,189,6048,6080,14,203,101,87,3389000,3654000,3410100,3839300,4714300,4285600,4237300,3405200,3746650,116,368,216,0,422,0,305,203,189,118,0,4060,4092,14,203,101,87,0.80482251221738899,-0.21713350759077008,1988,0.32870370370370372,1988,0.32697368421052631,71,0.37765957446808512,710,944,234
28,sealed_evaluation:maze-128-128-2:s2:r5,maze,maze-128-128-2.map,validation,maze-128-128-2-random-2.scen,2,4,5,76,74,17,102,10,325,13028700,11087000,9261300,11757300,10054100,11504600,16576100,14187900,11630950,1015,3026,1070,0,1049,33,0,1038,0,0,0,0,0,33,1038,26,25,17839500,17147500,15422100,18741100,15308100,15031700,18725600,15381600,16284800,325,1022,671,0,326,0,0,672,0,0,672,21504,21536,0,672,347,347,16792700,15492500,17432500,21729100,16439600,15997400,24960700,19632700,17112600,325,1022,671,0,976,0,650,672,0,0,651,20832,20864,0,672,347,347,14728100,13472200,14146500,16030500,13669500,15124400,22974800,14884500,14806300,325,1022,671,0,1300,0,974,672,651,325,0,11704,11736,0,672,347,347,0.86522796068394048,-0.14476226840745521,9128,0.43817204301075269,9128,0.4375,326,0.50153846153846149,2298,2946,648
29,sealed_evaluation:maze-128-128-2:s2:r6,maze,maze-128-128-2.map,validation,maze-128-128-2-random-2.scen,2,5,6,239,96,37,67,127,1029,126979500,121073200,135959600,105801200,141435700,108708800,117802000,134591300,124026350,10657,31814,11312,0,11286,628,0,10685,0,0,0,0,0,628,10685,101,93,55013400,64012300,64992900,59162100,56198100,56851900,62749600,58492500,58827300,1029,3245,2123,0,1030,0,0,2124,0,0,2124,67968,68000,0,2124,1095,1095,66656100,69442800,64598400,66604300,64997400,70937900,78412400,63457100,66630200,1029,3245,2123,0,3128,0,2098,2124,0,0,2099,67168,67200,0,2124,1095,1095,53416500,53133900,49580600,62459700,54260100,53093800,64982900,51034600,53275200,1029,3245,2123,0,4156,0,3126,2124,2099,1029,0,37208,37240,0,2124,1095,1095,0.79956536225315245,-0.22368699613716117,29960,0.44604573606479275,29960,0.44583333333333336,1070,0.51000953288846518,7350,9406,2056
30,sealed_evaluation:maze-128-128-2:s2:r7,maze,maze-128-128-2.map,validation,maze-128-128-2-random-2.scen,2,6,7,296,85,5,70,118,1272,126654700,138408700,152694800,130089300,125141000,181721300,158112000,155472400,145551750,10828,32305,11503,0,11489,660,0,10844,0,0,0,0,0,660,10844,83,80,88542200,74593500,94664700,97634500,65597000,74841200,91494100,66403100,81691700,1272,3987,2603,0,1273,0,0,2604,0,0,2604,83328,83360,0,2604,1332,1332,95957700,103963900,73754100,102474000,80346400,99465900,111226400,85005900,97711800,1272,3987,2603,0,3865,0,2592,2604,0,0,2593,82976,83008,0,2604,1332,1332,61944800,74793700,77652700,61921200,67889900,77249900,82227500,102065200,76021800,1272,3987,2603,0,5136,0,3863,2604,2593,1272,0,45988,46020,0,2604,1332,1332,0.77802066894684163,-0.25100218838691651,36988,0.44576745082915542,36988,0.44559560524286818,1321,0.50964506172839508,9061,11603,2542
31,sealed_evaluation:maze-128-128-2:s2:r8,maze,maze-128-128-2.map,validation,maze-128-128-2-random-2.scen,2,7,8,147,59,31,113,46,633,115396100,121860500,119539700,85749900,93727700,77140300,79635200,107186700,100457200,6997,20976,7351,0,7334,336,0,7016,0,0,0,0,0,336,7016,71,71,54321300,44667600,47677200,35316400,48095700,50190100,36602000,42437900,46172400,803,2482,1456,0,804,0,0,1351,0,0,1351,43232,43264,106,1351,654,548,37560500,60735700,39353400,45564300,51616100,44071900,42280700,41801200,43176300,803,2482,1456,0,2144,0,1340,1351,0,0,1341,42912,42944,106,1351,654,548,50777800,47634500,51757000,35530400,52216400,44345500,33507700,49638400,48636450,803,2482,1456,0,2991,0,2187,1351,1341,848,0,29108,29140,106,1351,654,548,1.1264617394264909,0.11908151620017798,13804,0.32168158090976884,13804,0.32144187779433681,493,0.36791044776119403,4941,6635,1694
32,sealed_evaluation:maze-128-128-2:s2:r9,maze,maze-128-128-2.map,validation,maze-128-128-2-random-2.scen,2,8,9,136,33,22,67,47,589,34177000,32914000,37266800,25925100,25771200,25792600,27312500,28265100,27788800,2459,7389,2616,0,2562,102,0,2515,0,0,0,0,0,102,2515,56,56,45571500,37385800,51173400,35487500,32935200,32178900,33190800,43274100,36436650,762,2375,1391,0,763,0,0,1294,0,0,1294,41408,41440,98,1294,630,532,36966900,34658500,40305200,33944900,35619300,36838900,46288600,50457400,36902900,762,2375,1391,0,2008,0,1245,1294,0,0,1246,39872,39904,98,1294,630,532,55988500,33480200,44088900,40535100,43478200,34559700,42582400,34886200,41558750,762,2375,1391,0,2919,0,2156,1294,1246,912,0,30520,30552,98,1294,630,532,1.1261648813507881,0.11881795003729667,9352,0.2345505617977528,9352,0.23436246992782678,334,0.26827309236947794,4645,6467,1822
33,sealed_evaluation:maze-128-128-2:s2:r10,maze,maze-128-128-2.map,validation,maze-128-128-2-random-2.scen,2,9,10,111,35,29,68,60,484,62898400,64296300,66436100,60108700,58740700,62236500,64079500,62537800,62718100,5353,16055,5656,0,5632,278,0,5379,0,0,0,0,0,278,5379,82,82,25254800,30997500,24579800,28207900,26590500,34329600,26919800,25973500,26755150,484,1539,1010,0,485,0,0,1011,0,0,1011,32352,32384,0,1011,527,527,31838700,44520300,29074000,28334000,33621600,28858300,32908200,43061700,32373450,484,1539,1010,0,1485,0,1000,1011,0,0,1001,32032,32064,0,1011,527,527,30188000,29749500,24361000,26876900,30424900,24573500,26983000,32031600,28366250,484,1539,1010,0,2158,0,1673,1011,1001,674,0,22876,22908,0,1011,527,527,0.87621955645752925,-0.13213858422401659,9156,0.28583916083916083,9156,0.28555389221556887,327,0.32700000000000001,3496,4842,1346
34,sealed_evaluation:maze-128-128-2:s2:r11,maze,maze-128-128-2.map,validation,maze-128-128-2-random-2.scen,2,10,11,87,101,20,48,70,377,54924400,51862300,73879600,53192800,57894200,49949800,42515000,42302800,52527550,4128,12379,4388,0,4365,236,0,4153,0,0,0,0,0,236,4153,66,64,17950900,26443900,31058200,27045400,32031500,33190900,20750000,19475700,26744650,377,1193,783,0,378,0,0,784,0,0,784,25088,25120,0,784,407,407,22240200,25865700,21876300,33511300,31520500,26928100,20422600,33666300,26396900,377,1193,783,0,1149,0,771,784,0,0,772,24704,24736,0,784,407,407,27136000,25507100,27115700,30278300,31301100,23687800,24801000,22388900,26311400,377,1193,783,0,1655,0,1277,784,772,507,0,17284,17316,0,784,407,407,0.99676098329728113,-0.00324427367199595,7420,0.30035621761658032,7420,0.29996765847347995,265,0.3437094682230869,2704,3716,1012
35,sealed_evaluation:maze-128-128-2:s2:r12,maze,maze-128-128-2.map,validation,maze-128-128-2-random-2.scen,2,11,12,278,62,20,74,127,1199,109070800,121598400,128795400,112453700,117110700,123981200,131497400,138174300,122789800,10685,31890,11332,0,11307,621,0,10712,0,0,0,0,0,621,10712,74,73,67127900,61644500,63573500,65821100,70797200,63600400,61661100,84826300,64710750,1199,3786,2478,0,1200,0,0,2479,0,0,2479,79328,79360,0,2479,1280,1280,63680500,63977400,68633500,87978800,73982700,66871300,68850000,73152900,68741750,1199,3786,2478,0,3653,0,2453,2479,0,0,2454,78528,78560,0,2479,1280,1280,79202100,55268500,69559500,66459000,57693200,61790500,83868700,58078800,64124750,1199,3786,2478,0,4851,0,3651,2479,2454,1199,0,43388,43420,0,2479,1280,1280,0.93283557663283234,-0.069526324498248263,35140,0.44748370008149957,35140,0.44730142566191444,1255,0.51161842641663269,8585,10981,2396
36,sealed_evaluation:maze-128-128-2:s2:r13,maze,maze-128-128-2.map,validation,maze-128-128-2-random-2.scen,2,12,13,155,98,52,79,127,668,82782700,102894400,84627600,79748000,104013500,86583000,77766700,79681800,83705150,7369,21956,7747,0,7718,348,0,7400,0,0,0,0,0,348,7400,73,72,41992700,35084700,50650400,36255400,31742500,44196500,37778200,35245100,37016800,668,2096,1367,0,669,0,0,1368,0,0,1368,43776,43808,0,1368,700,700,38431800,35406700,42299000,37198300,37614700,39063200,37782400,39985100,38107100,668,2096,1367,0,2011,0,1342,1368,0,0,1343,42976,43008,0,1368,700,700,35734900,31986200,32986700,34927900,34188400,34511400,43910200,38532000,34719650,668,2096,1367,0,2678,0,2009,1368,1343,668,0,24076,24108,0,1368,700,700,0.91110711652159304,-0.093094807381191663,18900,0.43978034251675352,18900,0.439453125,675,0.50298062593144566,4721,6055,1334
37,sealed_evaluation:maze-128-128-2:s2:r14,maze,maze-128-128-2.map,validation,maze-128-128-2-random-2.scen,2,13,14,63,38,53,56,91,270,39209400,38390500,46832000,37784800,48339900,38886200,44308900,79617700,41759150,2799,8414,2935,0,2909,109,0,2827,0,0,0,0,0,109,2827,53,51,24845600,19881600,24463900,36921100,41803600,39716000,23321300,33198600,29022100,435,1331,720,0,438,2,0,640,0,0,640,20480,20512,81,640,284,205,25492700,21779300,29631300,29785000,36746700,32246100,28307600,38953900,29708150,435,1331,720,0,1063,2,625,640,0,0,626,20032,20064,81,640,284,205,17980600,25317400,38043400,22296000,31719800,27661600,26188100,29699700,26924850,435,1331,720,0,1501,2,1063,640,626,439,0,14796,14828,81,640,284,205,0.90631190430908692,-0.098371766943021188,5236,0.26138178913738019,5236,0.26096491228070173,187,0.29920000000000002,2409,3285,876
38,sealed_evaluation:maze-128-128-2:s2:r15,maze,maze-128-128-2.map,validation,maze-128-128-2-random-2.scen,2,14,15,210,65,23,108,115,901,154709000,174669900,145737500,138123000,125815500,103297900,103875000,101377800,131969250,9480,28309,10026,0,10015,534,0,9493,0,0,0,0,0,534,9493,79,73,65636600,65864400,70804400,67161900,47908400,43940400,46514800,46947700,56772500,901,2848,1871,0,902,0,0,1872,0,0,1872,59904,59936,0,1872,971,971,74172900,94185100,95088800,72283000,56744600,56330000,55083500,64991600,68637300,901,2848,1871,0,2766,0,1864,1872,0,0,1865,59680,59712,0,1872,971,971,69090900,68218500,77050500,58584600,44497000,45619100,49126300,50453500,54519050,901,2848,1871,0,3666,0,2764,1872,1865,901,0,32688,32720,0,1872,971,971,0.79430644853454313,-0.23028593686342458,26992,0.45227882037533512,26992,0.45203644158628081,964,0.51716738197424894,6502,8302,1800
39,sealed_evaluation:maze-128-128-2:s2:r16,maze,maze-128-128-2.map,validation,maze-128-128-2-random-2.scen,2,15,16,202,20,100,48,76,874,78164200,116750600,80364100,80633500,98177800,82101400,81642700,77632600,81138100,7211,21625,7604,0,7571,359,0,7240,0,0,0,0,0,365,7240,81,81,56315200,44906200,47198800,48016500,52555400,43969300,49568900,61464800,48792700,874,2779,1829,0,875,0,0,1830,0,0,1830,58560,58592,0,1830,956,956,49918000,53387200,75513700,48988800,49741600,51859300,50637800,54904000,51248550,874,2779,1829,0,2687,0,1812,1830,0,0,1813,58016,58048,0,1830,956,956,52825400,58989500,69232900,50472700,59426900,46519500,59760600,48500100,55907450,874,2779,1829,0,4054,0,3179,1830,1813,1368,0,45556,45588,0,1830,956,956,1.0909079378831206,0.087010320048598391,12460,0.21476833976833976,12460,0.21464994487320838,445,0.24558498896247241,6329,9063,2734
40,sealed_evaluation:maze-128-128-2:s2:r17,maze,maze-128-128-2.map,validation,maze-128-128-2-random-2.scen,2,16,17,176,127,125,47,77,752,65475500,71638400,82628400,62264300,70843500,69339200,71605900,53305300,70091350,5136,15315,5458,0,5430,293,0,5166,0,0,0,0,0,293,5166,92,86,37436200,38889300,42806500,43574200,43106200,35682100,44385400,45386300,42956350,752,2368,1554,0,753,0,0,1555,0,0,1555,49760,49792,0,1555,803,803,52018000,57050800,46287000,59270400,41626100,43381400,61023100,48163800,50090900,752,2368,1554,0,2299,0,1546,1555,0,0,1547,49504,49536,0,1555,803,803,46072500,54302800,57956700,37535300,42244000,38353300,55880600,42404300,44238400,752,2368,1554,0,3284,0,2531,1555,1547,986,0,33796,33828,0,1555,803,803,0.88316241073727964,-0.12424616467154388,15708,0.31730769230769229,15708,0.31710271317829458,561,0.3628719275549806,5400,7370,1970
41,sealed_evaluation:maze-128-128-2:s2:r18,maze,maze-128-128-2.map,validation,maze-128-128-2-random-2.scen,2,17,18,81,127,40,38,95,344,19423700,14862400,20194100,16202000,14840300,25653500,25153700,26074000,19808900,1437,4319,1577,0,1551,113,0,1465,0,0,0,0,0,113,1465,49,46,17641400,20778800,19943200,19378400,19179800,30732100,53051400,23747600,20361000,464,1422,823,0,465,0,0,755,0,0,755,24160,24192,69,755,360,291,26906100,20479600,20438400,20802500,24086100,27336500,36556700,22916500,23501300,464,1422,823,0,1211,0,746,755,0,0,747,23904,23936,69,755,360,291,20107100,20417900,22575400,28055100,35837100,27209500,22494800,50645300,24892450,464,1422,823,0,1791,0,1326,755,747,581,0,19256,19288,69,755,360,291,1.0591945977456567,0.057508805871943638,4648,0.19444444444444445,4648,0.19418449197860962,166,0.22252010723860591,2781,3941,1160
42,sealed_evaluation:maze-128-128-2:s2:r19,maze,maze-128-128-2.map,validation,maze-128-128-2-random-2.scen,2,18,19,174,95,12,113,107,749,145830000,130814000,129882800,123709300,131781700,121956000,96127500,117369100,126796050,9106,27211,9611,0,9577,470,0,9142,0,0,0,0,0,470,9142,77,74,50084900,71170500,52727700,40658900,47627100,43104300,42472900,37712000,45365700,749,2354,1541,0,750,0,0,1542,0,0,1542,49344,49376,0,1542,793,793,67919200,74430300,63245200,43547700,40678900,44226700,54958200,42044100,49592450,749,2354,1541,0,2270,0,1520,1542,0,0,1521,48672,48704,0,1542,793,793,56818800,75334300,52310300,50719200,45838200,45685600,36018300,52033400,51376300,749,2354,1541,0,3018,0,2268,1542,1521,749,0,27056,27088,0,1542,793,793,1.0359701930434975,0.035338372229857327,21616,0.44411571334648259,21616,0.44382391590013143,772,0.50789473684210529,5332,6828,1496
43,sealed_evaluation:maze-128-128-2:s2:r20,maze,maze-128-128-2.map,validation,maze-128-128-2-random-2.scen,2,19,20,215,53,118,87,91,923,87618000,103044600,91073100,117390100,107609700,100410800,103456900,109737100,103250750,8487,25309,8934,0,8912,424,0,8511,0,0,0,0,0,424,8511,60,53,57397900,55308100,68597800,66407200,62041200,70298900,62086000,54650100,62063600,1404,4254,2359,0,1405,0,0,2159,0,0,2159,69088,69120,201,2159,956,755,77931300,68631100,69997800,64434400,63268700,67105700,74626800,66259100,67868400,1404,4254,2359,0,3550,0,2145,2159,0,0,2146,68672,68704,201,2159,956,755,62568100,62200200,61714000,71019300,71504000,68773700,67309400,71665600,68041550,1404,4254,2359,0,4967,0,3562,2159,2146,1418,0,48288,48320,201,2159,956,755,1.0025512609697591,0.0025480120282497299,20384,0.29683131407269336,20384,0.29669306008383789,728,0.33939393939393941,8055,10889,2834
44,sealed_evaluation:maze-128-128-2:s2:r21,maze,maze-128-128-2.map,validation,maze-128-128-2-random-2.scen,2,20,21,267,52,17,70,94,1153,131131200,119257200,126562300,112665200,156324000,120648300,143788100,127962700,127262500,10261,30628,10854,0,10833,571,0,10284,0,0,0,0,0,571,10284,77,77,67865300,84715300,62889800,68753600,83897200,73717100,88348000,69505100,71611100,1506,4646,2689,0,1507,0,0,2476,0,0,2476,79232,79264,214,2476,1184,970,78614200,105736700,66146400,77503800,75254400,92128300,74328600,82040000,78059000,1506,4646,2689,0,3964,0,2457,2476,0,0,2458,78656,78688,214,2476,1184,970,68459500,103508900,72678000,72470300,62773400,75955300,73106700,91112300,72892350,1506,4646,2689,0,5483,0,3976,2476,2458,1520,0,52392,52424,214,2476,1184,970,0.93381096350196646,-0.068481255775342004,26264,0.33390968266883647,26264,0.33377389182594552,938,0.38176638176638178,9111,12149,3038
45,sealed_evaluation:maze-128-128-2:s2:r22,maze,maze-128-128-2.map,validation,maze-128-128-2-random-2.scen,2,21,22,49,92,82,115,100,217,16277400,25317600,15243500,12736100,14870000,14678500,13589600,18880300,15056750,1411,4188,1513,0,1492,80,0,1434,0,0,0,0,0,80,1434,34,33,9560000,12653900,13992600,8125500,15610100,11380000,13055400,11730400,12192150,286,881,508,0,287,0,0,463,0,0,463,14816,14848,46,463,223,179,12300200,11633000,10465700,13589100,12103900,11447900,13038700,11113600,11868450,286,881,508,0,733,0,446,463,0,0,447,14304,14336,46,463,223,179,11382200,11607700,15960600,12057500,12442900,12068800,10612400,16220100,12063150,286,881,508,0,1019,0,732,463,447,287,0,9824,9856,46,463,223,179,1.0164048380369803,0.016271732425959643,4480,0.31319910514541388,4480,0.3125,160,0.35874439461883406,1688,2260,572
46,sealed_evaluation:maze-128-128-2:s2:r23,maze,maze-128-128-2.map,validation,maze-128-128-2-random-2.scen,2,22,23,277,7,89,125,122,1191,134140100,121489200,115728000,111094100,109981500,118563500,102985900,116731200,116229600,9637,28778,10149,0,10127,489,0,9661,0,0,0,0,0,489,9661,71,71,90886800,94711900,102730000,84722400,98309900,89248800,82536500,84411200,90067800,2090,6342,3385,0,2091,0,0,3032,0,0,3032,97024,97056,354,3032,1296,942,101068200,106921400,111683800,90463200,104144700,95194200,94187100,145060700,102606450,2090,6342,3385,0,5105,0,3014,3032,0,0,3015,96480,96512,354,3032,1296,942,90090900,96154700,94400200,98356000,93005900,95999000,100106800,105979000,96076850,2090,6342,3385,0,7414,0,5323,3032,3015,2310,0,76740,76772,354,3032,1296,942,0.93636267505600279,-0.065752404202527773,19740,0.20460199004975124,19740,0.20453415119363394,705,0.23390842733908426,11505,16123,4618
47,sealed_evaluation:maze-128-128-2:s2:r24,maze,maze-128-128-2.map,validation,maze-128-128-2-random-2.scen,2,23,24,32,29,97,50,80,142,22751900,15620700,19344200,34491700,19262000,28885800,23279800,23013500,22882700,1390,4180,1469,0,1432,41,0,1429,0,0,0,0,0,41,1429,57,50,12845500,6117600,10665300,11368000,13220500,6930500,9747300,9689100,10206300,155,490,310,0,156,0,0,306,0,0,306,9792,9824,5,306,156,151,6784800,10530000,9165900,12611000,17319000,10042900,13798600,12644200,11570500,155,490,310,0,446,0,290,306,0,0,291,9312,9344,5,306,156,151,8733600,9116300,7059200,13335300,19171800,9110600,13632600,6150400,9113450,155,490,310,0,606,0,450,306,291,161,0,5672,5704,5,306,156,151,0.78764530487014395,-0.23870741118216793,3640,0.39089347079037801,3640,0.38955479452054792,130,0.44827586206896552,1047,1367,320
48,sealed_evaluation:maze-128-128-2:s2:r25,maze,maze-128-128-2.map,validation,maze-128-128-2-random-2.scen,2,24,25,86,86,74,85,34,371,83917400,58905000,74004400,68524700,92891700,42102200,60926100,39383800,64725400,3755,11255,3992,0,3957,201,0,3792,0,0,0,0,0,201,3792,71,62,27386100,21483200,54371700,18093300,35495600,20179200,27465300,38572400,27425700,371,1175,771,0,372,0,0,772,0,0,772,24704,24736,0,772,401,401,32610500,32643200,25750200,22970100,25545700,25650700,24574400,29866800,25700450,371,1175,771,0,1133,0,761,772,0,0,762,24384,24416,0,772,401,401,43061100,27525600,27496400,38577700,19944300,33352900,30939900,25612200,29232750,371,1175,771,0,1585,0,1213,772,762,453,0,15732,15764,0,772,401,401,1.1374411732090295,0.12878115464546336,8652,0.35482283464566927,8652,0.35435779816513763,309,0.40604467805519051,2666,3570,904
49,sealed_evaluation:maze-128-128-2:s2:r26,maze,maze-128-128-2.map,validation,maze-128-128-2-random-2.scen,2,25,26,178,4,54,94,61,769,79909700,85724100,91963600,147277600,69280600,80207200,100821900,84743100,85233600,6526,19558,6858,0,6848,321,0,6538,0,0,0,0,0,321,6538,72,72,52455600,52081800,97624800,47654700,52910900,62110800,47513300,51508600,52268700,1108,3409,1895,0,1109,0,0,1737,0,0,1737,55584,55616,159,1737,788,629,54201000,54747600,74408400,55735400,56003700,55666600,51111200,68162200,55701000,1108,3409,1895,0,2837,0,1728,1737,0,0,1729,55328,55360,159,1737,788,629,63389600,62883300,73297300,92539300,59882500,56515500,57904100,54295900,61382900,1108,3409,1895,0,4115,0,3006,1737,1729,1279,0,42728,42760,159,1737,788,629,1.1020071452936213,0.097133194642207876,12600,0.22773279352226722,12600,0.22760115606936415,450,0.26041666666666669,6461,9017,2556
50,sealed_evaluation:maze-128-128-2:s3:r2,maze,maze-128-128-2.map,validation,maze-128-128-2-random-3.scen,3,1,2,52,40,73,56,63,224,7410600,8651500,7697500,6657000,10975700,9344800,11330100,9433200,8998150,727,2185,764,0,750,22,0,743,0,0,0,0,0,22,743,32,31,12176600,11094300,11525200,14565000,15910800,11092500,10334900,8983900,11309750,224,711,468,0,225,0,0,469,0,0,469,15008,15040,0,469,245,245,11925400,12648700,17594500,13393700,17166000,16176700,13435200,11221900,13414450,224,711,468,0,680,0,455,469,0,0,456,14592,14624,0,469,245,245,8292200,9181000,10968500,10548000,14860500,9248700,19736200,8773100,9898350,224,711,468,0,903,0,678,469,456,224,0,8096,8128,0,469,245,245,0.73788712917786414,-0.30396440757181642,6496,0.44517543859649122,6496,0.44420131291028447,232,0.50989010989010985,1604,2050,446
51,sealed_evaluation:maze-128-128-2:s3:r3,maze,maze-128-128-2.map,validation,maze-128-128-2-random-3.scen,3,2,3,72,91,64,46,41,312,33208600,27143200,32783100,31887300,29286200,24338300,28321200,24929800,28803700,2335,7002,2505,0,2469,133,0,2373,0,0,0,0,0,133,2373,59,56,16979900,14785300,34510100,22044600,17191700,17659400,15954400,21212900,17425550,379,1173,702,0,380,0,0,656,0,0,656,20992,21024,47,656,324,277,20791700,17859500,17873300,24605700,17710500,20516300,17266000,17586700,17866400,379,1173,702,0,1019,0,639,656,0,0,640,20480,20512,47,656,324,277,16826600,22973200,21994500,26131800,26996900,16011200,15800300,23178800,22483850,379,1173,702,0,1423,0,1043,656,640,405,0,13900,13932,47,656,324,277,1.2584432230331797,0.22987541978266585,6580,0.3212890625,6580,0.32078783151326051,235,0.36776212832550859,2361,3169,808
52,sealed_evaluation:maze-128-128-2:s3:r4,maze,maze-128-128-2.map,validation,maze-128-128-2-random-3.scen,3,3,4,38,125,36,100,12,165,9264900,11627500,9788600,9774600,8789500,11841200,11054800,9182400,9781600,910,2712,983,0,958,47,0,937,0,0,0,0,0,47,937,47,45,8593700,7096000,7019000,8347900,9945700,10253700,12504300,15882600,9269700,178,554,349,0,179,0,0,346,0,0,346,11072,11104,4,346,172,168,7620300,9725800,9246100,9864200,8054700,8505400,8675500,11796800,8960800,178,554,349,0,501,0,322,346,0,0,323,10336,10368,4,346,172,168,8257900,6378200,6871300,9585000,7751500,11143100,7565000,8103900,7927700,178,554,349,0,678,0,499,346,323,178,0,6276,6308,4,346,172,168,0.88470895455762877,-0.12249655296876384,4060,0.3928018575851393,4060,0.3915895061728395,145,0.4503105590062112,1173,1527,354
53,sealed_evaluation:maze-128-128-2:s3:r5,maze,maze-128-128-2.map,validation,maze-128-128-2-random-3.scen,3,4,5,160,81,83,56,73,689,50700000,47360200,32392400,33419700,41579600,35001100,38189700,33181600,36595400,3080,9142,3251,0,3240,159,0,3093,0,0,0,0,0,159,3093,68,62,79633500,41717700,39818100,44184400,41355300,33033600,41183400,49261400,41536500,689,2174,1424,0,690,0,0,1425,0,0,1425,45600,45632,0,1425,736,736,55530400,58971300,40725400,40536500,64759400,46467700,37151800,61891800,50999050,689,2174,1424,0,2106,0,1416,1425,0,0,1417,45344,45376,0,1425,736,736,45323500,52975500,39714400,38301900,36452900,38790100,39954500,47623500,39834450,689,2174,1424,0,3007,0,2317,1425,1417,902,0,30924,30956,0,1425,736,736,0.7810821966291529,-0.24707488931652369,14420,0.31801340860973887,14420,0.31778913963328631,515,0.36370056497175141,4947,6749,1802
54,sealed_evaluation:maze-128-128-2:s3:r6,maze,maze-128-128-2.map,validation,maze-128-128-2-random-3.scen,3,5,6,276,81,2,76,99,1194,116808200,108659000,113212000,115534700,108270000,114286200,129741500,118306800,114910450,10241,30565,10842,0,10829,587,0,10256,0,0,0,0,0,587,10256,76,73,101531200,68572300,81820800,77717700,80351500,76051000,78763500,70913200,78240600,1635,5028,2857,0,1637,1,0,2622,0,0,2622,83904,83936,236,2622,1222,987,133228600,77855200,84444600,78791700,91473700,83611500,83154500,80814200,83383000,1635,5028,2857,0,4245,1,2608,2622,0,0,2609,83488,83520,236,2622,1222,987,83301500,71336500,78814000,76976500,72089500,84383900,75105100,91072600,77895250,1635,5028,2857,0,5904,1,4267,2622,2609,1660,0,56916,56948,236,2622,1222,987,0.93418622500989412,-0.068079476248816356,26572,0.31827328478344191,26572,0.3181513409961686,949,0.36388036809815949,9711,13029,3318
55,sealed_evaluation:maze-128-128-2:s3:r7,maze,maze-128-128-2.map,validation,maze-128-128-2-random-3.scen,3,6,7,177,74,43,115,115,757,102006200,101246200,105531800,104529800,101727400,105988500,103917400,94361400,102961800,9089,27145,9606,0,9588,498,0,9109,0,0,0,0,0,498,9109,76,73,43126300,60862400,61789100,48354800,53660900,50776100,48597400,49902100,50339100,1204,3650,2007,0,1205,0,0,1792,0,0,1792,57344,57376,216,1792,804,588,45809300,69762500,58493800,51046600,58363100,51706700,53679100,50131200,52692900,1204,3650,2007,0,2987,0,1782,1792,0,0,1783,57056,57088,216,1792,804,588,55084000,57962100,50690100,57949200,50150600,56057100,51982800,71020800,55570550,1204,3650,2007,0,4248,0,3043,1792,1783,1262,0,42468,42500,216,1792,804,588,1.0546117218828344,0.053172663056097004,14588,0.25567863151991027,14588,0.25553531390134532,521,0.29236812570145904,6777,9299,2522
56,sealed_evaluation:maze-128-128-2:s3:r8,maze,maze-128-128-2.map,validation,maze-128-128-2-random-3.scen,3,7,8,174,25,124,8,74,753,112003500,98509400,110296900,105498100,92983800,77103600,87162900,104981800,101745600,7595,22667,8002,0,7973,377,0,7626,0,0,0,0,0,377,7626,72,59,58559000,60342700,58123100,50500500,53977100,43877500,40250700,46757700,52238800,1071,3292,1856,0,1072,0,0,1698,0,0,1698,54336,54368,159,1698,786,627,59511400,71975500,50441200,52004100,68351800,51832800,48129100,49616500,51918450,1071,3292,1856,0,2757,0,1685,1698,0,0,1686,53952,53984,159,1698,786,627,59597000,62750800,51334000,63428800,66127200,47194600,49134000,64607300,61173900,1071,3292,1856,0,3855,0,2783,1698,1686,1099,0,37516,37548,159,1698,786,627,1.1782689968594979,0.16404640963634939,16436,0.30464116251482798,16436,0.30446058091286304,587,0.34836795252225522,6299,8495,2196
57,sealed_evaluation:maze-128-128-2:s3:r9,maze,maze-128-128-2.map,validation,maze-128-128-2-random-3.scen,3,8,9,179,123,4,115,110,768,95084000,93337400,110862300,88337700,105970000,113143800,112043300,84325700,100527000,8078,24135,8563,0,8532,453,0,8111,0,0,0,0,0,453,8111,73,67,38464300,53383600,49560100,44529300,50905600,55192800,43003900,45126500,47343300,768,2399,1566,0,769,0,0,1567,0,0,1567,50144,50176,0,1567,799,799,50050800,45292200,46743200,49479600,56775200,64317900,48603100,61038800,49765200,768,2399,1566,0,2318,0,1549,1567,0,0,1550,49600,49632,0,1567,799,799,53345300,43267700,44049500,46204200,39781000,48515600,47012900,73784900,46608550,768,2399,1566,0,3085,0,2316,1567,1550,768,0,27704,27736,0,1567,799,799,0.93656912862803732,-0.065531943882013569,21896,0.44145161290322582,21896,0.44116698903932944,782,0.50484183344092959,5434,6968,1534
58,sealed_evaluation:maze-128-128-2:s3:r10,maze,maze-128-128-2.map,validation,maze-128-128-2-random-3.scen,3,9,10,99,114,5,69,4,434,61663100,33773100,29247100,31272200,35359400,33498800,40812300,31815400,33635950,2881,8630,3045,0,3022,140,0,2906,0,0,0,0,0,140,2906,59,56,50769300,27986600,33195200,26256200,30921100,28472700,20813800,19887400,28229650,434,1374,899,0,435,0,0,900,0,0,900,28800,28832,0,900,466,466,31447200,30831900,23272200,25845400,30331500,30575300,22256700,24573100,28088450,434,1374,899,0,1318,0,883,900,0,0,884,28288,28320,0,900,466,466,27099200,21385600,27952700,20925900,26709300,20298400,23676100,25200600,24438350,434,1374,899,0,1863,0,1428,900,884,546,0,18824,18856,0,900,466,466,0.87004978914820863,-0.13920484006503209,9464,0.33455882352941174,9464,0.334180790960452,338,0.38278595696489243,3101,4191,1090
59,sealed_evaluation:maze-128-128-2:s3:r11,maze,maze-128-128-2.map,validation,maze-128-128-2-random-3.scen,3,10,11,135,26,101,91,41,589,37906300,34353900,37139900,36008100,50819700,93818400,43567300,40700700,39303500,3074,9234,3245,0,3214,139,0,3107,0,0,0,0,0,139,3107,53,47,33607700,36821700,40442100,31673600,45027200,58249600,33538200,34374800,35598250,589,1879,1237,0,590,0,0,1238,0,0,1238,39616,39648,0,1238,649,649,36019800,49043200,49804900,35218900,56393600,53369200,37710200,35967200,43376700,589,1879,1237,0,1806,0,1216,1238,0,0,1217,38944,38976,0,1238,649,649,37332800,42830500,43853700,45414100,50374900,51477900,52097000,35587700,44633900,589,1879,1237,0,2807,0,2217,1238,1217,1002,0,32924,32956,0,1238,649,649,1.0289833020953645,0.028571229407677333,6020,0.15458093672966311,6020,0.15445402298850575,215,0.17680921052631579,4260,6262,2002
60,sealed_evaluation:maze-128-128-2:s3:r12,maze,maze-128-128-2.map,validation,maze-128-128-2-random-3.scen,3,11,12,92,113,43,45,83,396,34860900,38140500,36416600,39146400,32545200,44672100,31978200,34949900,35683250,2899,8690,3119,0,3056,156,0,2964,0,0,0,0,0,156,2964,70,65,31928700,24928200,18327000,26170700,19675500,27960500,20321500,23584800,24256500,396,1255,827,0,397,0,0,828,0,0,828,26496,26528,0,828,432,432,31255400,26310700,24045600,20780200,22545600,21807800,24770100,25082400,24407850,396,1255,827,0,1195,0,798,828,0,0,799,25568,25600,0,828,432,432,27451800,22565900,19161500,20456700,19637100,31424900,19892000,21146900,20801800,396,1255,827,0,1749,0,1352,828,799,555,0,18736,18768,0,828,432,432,0.85225859713166052,-0.15986528044485354,6832,0.26720901126408009,6832,0.26687499999999997,244,0.30576441102756891,2821,3929,1108
61,sealed_evaluation:maze-128-128-2:s3:r13,maze,maze-128-128-2.map,validation,maze-128-128-2-random-3.scen,3,12,13,111,87,35,22,6,486,65584800,59742400,56015100,64714800,61879100,59138000,54475800,52935700,59440200,4870,14603,5185,0,5158,287,0,4899,0,0,0,0,0,287,4899,68,64,27973900,23649000,25876900,23200500,25742700,25796300,24705100,30538000,25769500,486,1560,1024,0,487,0,0,1025,0,0,1025,32800,32832,0,1025,539,539,28517000,27572800,23655300,33335700,28210800,28272500,27391500,27156200,27891800,486,1560,1024,0,1502,0,1015,1025,0,0,1016,32512,32544,0,1025,539,539,24487000,21221200,25255100,27617900,21760600,20399900,25969100,31670300,24871050,486,1560,1024,0,1987,0,1500,1025,1016,486,0,17672,17704,0,1025,539,539,0.89169755985630184,-0.11462826235250315,14840,0.45644685039370081,14840,0.45599803343166173,530,0.52216748768472909,3542,4512,970
62,sealed_evaluation:maze-128-128-2:s3:r14,maze,maze-128-128-2.map,validation,maze-128-128-2-random-3.scen,3,13,14,51,64,39,31,91,221,19637200,16097400,14055200,16431100,14897900,16424600,14148300,15936900,16017150,1454,4371,1538,0,1509,54,0,1485,0,0,0,0,0,54,1485,39,37,20679600,9306600,14374600,9493500,14262800,10336000,19009500,9678000,12299400,221,695,458,0,222,0,0,459,0,0,459,14688,14720,0,459,238,238,14929600,12176900,14667400,11297300,16756600,13248600,13261300,15099100,13964350,221,695,458,0,657,0,435,459,0,0,436,13952,13984,0,459,238,238,10419400,10756800,7386100,11150800,11829900,10097200,10466800,9723700,10443100,221,695,458,0,877,0,655,459,436,221,0,7932,7964,0,459,238,238,0.74784003551901812,-0.29056618013616725,6020,0.43147935779816515,6020,0.43049199084668194,215,0.4942528735632184,1551,1991,440
63,sealed_evaluation:maze-128-128-2:s3:r15,maze,maze-128-128-2.map,validation,maze-128-128-2-random-3.scen,3,14,15,226,3,104,39,110,974,97512500,97336000,91111600,102836900,94355700,116298300,95948500,111535900,97424250,8111,24265,8560,0,8538,426,0,8135,0,0,0,0,0,426,8135,82,78,53414400,54249500,62875800,54653200,57670200,54975900,67933200,57568500,56272200,1265,3910,2273,0,1266,0,0,2091,0,0,2091,66912,66944,183,2091,1009,826,68833400,58857300,84816900,61829100,71530600,64173900,84160300,67015200,67924300,1265,3910,2273,0,3343,0,2077,2091,0,0,2078,66496,66528,183,2091,1009,826,60643500,77722900,66583100,70294500,58301300,56852500,70975400,72655400,68438800,1265,3910,2273,0,4699,0,3433,2091,2078,1357,0,46308,46340,183,2091,1009,826,1.0075746087924351,0.0075460654888790581,20188,0.30359720885466795,20188,0.30345117845117847,721,0.34713529128550796,7694,10406,2712
64,sealed_evaluation:maze-128-128-2:s3:r16,maze,maze-128-128-2.map,validation,maze-128-128-2-random-3.scen,3,15,16,60,34,76,104,25,259,34551500,30903800,34611000,29069400,24940700,28337800,37061600,36993800,32727650,2468,7425,2718,0,2638,169,0,2550,0,0,0,0,0,169,2550,82,82,15756000,16007600,21198400,13685400,11559100,12610800,16558200,16185700,15881800,259,812,532,0,260,0,0,533,0,0,533,17056,17088,0,533,274,274,20602600,14998600,12254700,13577400,13252500,13010500,16895100,17654200,14288000,259,812,532,0,741,0,481,533,0,0,482,15424,15456,0,533,274,274,12047200,16954500,18377800,11528600,12974900,13101700,16470900,15161200,14131450,259,812,532,0,999,0,739,533,482,259,0,9180,9212,0,533,274,274,0.98904325307950725,-0.011017214160520615,6244,0.40482365145228216,6244,0.40398550724637683,223,0.46361746361746364,1755,2271,516
65,sealed_evaluation:maze-128-128-2:s3:r17,maze,maze-128-128-2.map,validation,maze-128-128-2-random-3.scen,3,16,17,168,11,75,3,113,726,67754800,86379800,61418800,57209000,67976600,78157500,105647200,84113600,73067050,5223,15688,5508,0,5458,234,0,5275,0,0,0,0,0,234,5275,65,65,36713600,38320200,43275700,44851200,52424000,48796400,52474100,72023700,46823800,726,2306,1519,0,727,0,0,1520,0,0,1520,48640,48672,0,1520,794,794,51412200,48591400,44803200,47718500,79966300,64974900,56761400,68688700,54086800,726,2306,1519,0,2214,0,1487,1520,0,0,1488,47616,47648,0,1520,794,794,41082000,55586100,38338200,44915300,62595300,57260500,59813300,52401500,53993800,726,2306,1519,0,3337,0,2610,1520,1488,1124,0,37424,37456,0,1520,794,794,0.99828054164786972,-0.0017209383173783467,10192,0.21404569892473119,10192,0.21390194761584957,364,0.24478816408876933,5221,7467,2246
66,sealed_evaluation:maze-128-128-2:s3:r18,maze,maze-128-128-2.map,validation,maze-128-128-2-random-3.scen,3,17,18,215,73,115,36,86,922,56484400,42693000,60008500,46532700,42982800,42498800,47142200,48322900,46837450,3785,11266,4004,0,3974,188,0,3817,0,0,0,0,0,188,3817,68,68,65802900,75434800,68632000,55003100,54006100,67245400,56672700,56405000,61237800,1264,3881,2219,0,1265,0,0,2045,0,0,2045,65440,65472,175,2045,956,781,79197100,84622900,79920400,59707800,66556200,81561500,61165500,73060500,76128800,1264,3881,2219,0,3287,0,2022,2045,0,0,2023,64736,64768,175,2045,956,781,79597700,70044000,77501500,107075100,89294700,69143700,60222800,66184600,73772750,1264,3881,2219,0,4628,0,3363,2045,2023,1342,0,45668,45700,175,2045,956,781,0.9690517911749561,-0.031437220454697573,19068,0.29455017301038061,19068,0.29440464426877472,681,0.33679525222551931,7529,10211,2682
67,sealed_evaluation:maze-128-128-2:s3:r19,maze,maze-128-128-2.map,validation,maze-128-128-2-random-3.scen,3,18,19,65,68,72,76,31,285,28133600,20240200,21903700,22864600,31911200,27157300,27606200,22090100,25010950,1923,5786,2086,0,2042,118,0,1969,0,0,0,0,0,118,1969,67,62,17037200,16341100,13720300,13442200,23631500,21148300,21778900,18246000,17641600,285,904,590,0,286,0,0,591,0,0,591,18912,18944,0,591,306,306,14543100,14571100,16426000,22619900,26032400,25091400,19278200,19513100,19395650,285,904,590,0,857,0,571,591,0,0,572,18304,18336,0,591,306,306,15124200,15443300,9789100,11157600,22613100,21545600,14187800,15137500,15130850,285,904,590,0,1141,0,855,591,572,285,0,10268,10300,0,591,306,306,0.78011564448729487,-0.24831310812504936,8036,0.43902972027972026,8036,0.43826352530541013,287,0.50262697022767078,2019,2587,568
68,sealed_evaluation:maze-128-128-2:s3:r20,maze,maze-128-128-2.map,validation,maze-128-128-2-random-3.scen,3,19,20,139,37,86,107,116,594,71497300,80999600,68145800,79813900,73438200,80651200,77611700,73449500,75530600,6344,18911,6692,0,6670,325,0,6368,0,0,0,0,0,325,6368,63,56,30971500,35262300,38210000,36569200,34756800,31518800,30118600,35434000,35009550,594,1876,1235,0,595,0,0,1236,0,0,1236,39552,39584,0,1236,642,642,35027300,30272000,35681700,34079800,42997200,37265700,37821500,35131300,35406500,594,1876,1235,0,1818,0,1223,1236,0,0,1224,39168,39200,0,1236,642,642,27162100,29787400,39091500,30394800,30797000,26575500,36418900,36205800,30595900,594,1876,1235,0,2411,0,1816,1236,1224,594,0,21528,21560,0,1236,642,642,0.8641322920932597,-0.14602940605043635,17640,0.45036764705882354,17640,0.45000000000000001,630,0.51512673753066229,4277,5463,1186
69,sealed_evaluation:maze-128-128-2:s3:r21,maze,maze-128-128-2.map,validation,maze-128-128-2-random-3.scen,3,20,21,74,88,121,100,61,316,25109900,23148600,25311900,25757800,24462400,22936700,21472600,32136900,24786150,2123,6297,2266,0,2250,126,0,2141,0,0,0,0,0,126,2141,70,64,16200000,20458600,27207800,19703500,19768900,26245200,19916700,20725000,20187650,510,1531,839,0,511,0,0,758,0,0,758,24256,24288,82,758,330,248,24042700,23628000,20551200,21621200,20041900,20183800,31583800,20182400,21086200,510,1531,839,0,1255,0,744,758,0,0,745,23840,23872,82,758,330,248,19016300,19211000,21038200,19992100,19682100,19787400,19998600,25943700,19889750,510,1531,839,0,1764,0,1253,758,745,510,0,17260,17292,82,758,330,248,0.94325909836765276,-0.058414274419431832,6580,0.27600671140939598,6580,0.27563672922252008,235,0.31586021505376344,2839,3857,1018
70,sealed_evaluation:maze-128-128-2:s3:r22,maze,maze-128-128-2.map,validation,maze-128-128-2-random-3.scen,3,21,22,3,36,62,40,63,17,449900,697900,459900,440600,614700,437500,561200,497200,478550,47,142,61,0,48,0,0,62,0,0,0,0,0,0,62,15,15,710300,1013200,717000,710500,737800,717200,952100,723800,720500,17,54,36,0,18,0,0,37,0,0,37,1184,1216,0,37,20,20,609400,1032800,986800,608000,620200,604900,771500,607500,614800,17,54,36,0,42,0,24,37,0,0,25,800,832,0,37,20,20,578000,940200,577300,572600,575400,576000,1014800,637300,577650,17,54,36,0,58,0,40,37,25,17,0,576,608,0,37,20,20,0.93957384515289522,-0.062328862735413243,224,0.28000000000000003,224,0.26923076923076922,8,0.33333333333333331,103,135,32
71,sealed_evaluation:maze-128-128-2:s3:r23,maze,maze-128-128-2.map,validation,maze-128-128-2-random-3.scen,3,22,23,109,103,41,97,49,472,53502100,59402500,48485900,59139600,43084500,50361500,53381700,42850400,51871600,4233,12692,4436,0,4404,170,0,4267,0,0,0,0,0,170,4267,62,60,34404300,45968500,24641100,22254300,26491000,21663900,30379600,20469500,25566050,472,1494,980,0,473,0,0,981,0,0,981,31392,31424,0,981,509,509,31970900,36329900,25016600,32768300,31201900,26098600,25810000,29470900,30336400,472,1494,980,0,1438,0,965,981,0,0,966,30912,30944,0,981,509,509,60875000,26492800,29059200,23689800,23936100,30520700,31224900,24284500,27776000,472,1494,980,0,2132,0,1659,981,966,695,0,23324,23356,0,981,509,509,0.91559974156458912,-0.088175973161750049,7588,0.24547101449275363,7588,0.2452171664943123,271,0.28082901554404144,3384,4772,1388
72,sealed_evaluation:maze-128-128-2:s3:r24,maze,maze-128-128-2.map,validation,maze-128-128-2-random-3.scen,3,23,24,7,102,55,125,62,34,821000,1140000,681400,684900,677200,1046700,1165800,1067300,933850,69,214,95,0,73,3,0,93,0,0,0,0,0,3,93,26,26,1439100,2285900,1419300,1437700,3509400,2482400,2452900,2604700,2369400,40,126,73,0,42,1,0,73,0,0,73,2336,2368,1,73,33,33,2204400,1589300,2028900,1361100,1961300,2463200,2093600,2110300,2061250,40,126,73,0,101,1,59,73,0,0,60,1920,1952,1,73,33,33,2041300,2347200,1309400,1291800,2320600,2710200,2363400,1817400,2180950,40,126,73,0,142,1,100,73,60,42,0,1416,1448,1,73,33,33,1.0580715585203153,0.056447966801391969,504,0.26250000000000001,504,0.25819672131147542,18,0.30508474576271188,234,316,82
73,sealed_evaluation:maze-128-128-2:s3:r25,maze,maze-128-128-2.map,validation,maze-128-128-2-random-3.scen,3,24,25,159,7,28,94,70,687,92594200,68680100,87302900,83711200,89920100,80219400,75891000,71353600,81965300,6724,20160,7085,0,7068,343,0,6743,0,0,0,0,0,343,6743,72,72,42251700,37705500,42386600,38834100,40237400,52220100,46843600,44737400,42319150,1010,3088,1720,0,1011,0,0,1551,0,0,1551,49632,49664,170,1551,711,541,47170700,53721200,51478700,44564700,40065300,46545500,61910900,65363500,49324700,1010,3088,1720,0,2553,0,1542,1551,0,0,1543,49376,49408,170,1551,711,541,50470700,46269300,43966500,49331800,44774000,44399300,53025800,47103700,46686500,1010,3088,1720,0,3659,0,2648,1551,1543,1107,0,37168,37200,170,1551,711,541,0.94651361285522262,-0.054969926127443704,12208,0.2472456254050551,12208,0.24708549222797926,436,0.28274967574578469,5816,8028,2212
74,sealed_evaluation:maze-128-128-2:s3:r26,maze,maze-128-128-2.map,validation,maze-128-128-2-random-3.scen,3,25,26,145,41,23,70,44,624,31480300,29372000,30776900,33116000,42793500,34405600,32189000,31028900,31834650,2884,8663,3021,0,3001,116,0,2906,0,0,0,0,0,116,2906,56,48,34417000,34033300,36327500,39188900,33665800,31698800,43579500,38966800,35372250,811,2524,1473,0,812,0,0,1370,0,0,1370,43840,43872,104,1370,663,559,40241700,38594300,39058900,41751900,36410000,39579300,39694200,38702600,39319100,811,2524,1473,0,2169,0,1357,1370,0,0,1358,43456,43488,104,1370,663,559,49749900,37106600,37122900,45722000,37670800,42333600,43259200,39319100,40826350,811,2524,1473,0,3126,0,2314,1370,1358,958,0,32256,32288,104,1370,663,559,1.0383337868872888,0.037617300380799336,11200,0.25773195876288657,11200,0.25754231052244297,400,0.29476787030213708,5000,6914,1914
75,sealed_evaluation:maze-128-128-2:s4:r2,maze,maze-128-128-2.map,validation,maze-128-128-2-random-4.scen,4,1,2,122,23,38,110,38,527,24822900,37341700,26476100,28457900,22781100,27222700,26779700,32901600,27001200,2388,7176,2527,0,2486,97,0,2428,0,0,0,0,0,100,2428,56,48,24946000,28628000,33650500,26050500,44630700,28514100,28916700,23109600,28571050,527,1683,1111,0,528,0,0,1112,0,0,1112,35584,35616,0,1112,585,585,37486100,33585600,29119900,31019200,31331800,31708700,29585000,30644500,31175500,527,1683,1111,0,1615,0,1087,1112,0,0,1088,34816,34848,0,1112,585,585,28177900,22466600,25646400,29616600,21846600,33660300,24941400,26214100,25930250,527,1683,1111,0,2141,0,1613,1112,1088,527,0,19108,19140,0,1112,585,585,0.83175089413160974,-0.18422228908369626,15708,0.451171875,15708,0.45075757575757575,561,0.51609935602575896,3814,4866,1052
76,sealed_evaluation:maze-128-128-2:s4:r3,maze,maze-128-128-2.map,validation,maze-128-128-2-random-4.scen,4,2,3,138,37,111,121,71,590,49465300,41252900,51140200,54627300,44954700,52060200,49484500,53563300,50312350,4148,12390,4391,0,4360,211,0,4181,0,0,0,0,0,211,4181,58,58,44790600,25901600,29676400,28494000,28042000,30318000,32929700,26943400,29085200,590,1833,1194,0,591,0,0,1195,0,0,1195,38240,38272,0,1195,605,605,36348000,28971800,37535200,31486500,33240300,32829000,32153000,33240800,33034650,590,1833,1194,0,1776,0,1185,1195,0,0,1186,37952,37984,0,1195,605,605,28593200,33703200,29291200,45050700,29977800,26546000,32104400,28893200,29634500,590,1833,1194,0,2365,0,1774,1195,1186,590,0,21264,21296,0,1195,605,605,0.89707322462929073,-0.10861778744654349,16688,0.4397133220910624,16688,0.43934288121314236,596,0.50295358649789035,4156,5334,1178
77,sealed_evaluation:maze-128-128-2:s4:r4,maze,maze-128-128-2.map,validation,maze-128-128-2-random-4.scen,4,3,4,113,36,47,57,70,488,52506700,51873800,67843000,52222200,62849400,52919800,65904800,53660700,53290250,5115,15353,5430,0,5390,274,0,5155,0,0,0,0,0,276,5155,78,75,27479200,25954300,29126500,26544500,24161900,23905200,30322000,26870000,26707250,488,1553,1021,0,489,0,0,1022,0,0,1022,32704,32736,0,1022,534,534,41610000,36262500,27862600,31774800,26392200,31845100,30424900,26828400,31099850,488,1553,1021,0,1488,0,999,1022,0,0,1000,32000,32032,0,1022,534,534,33072300,26935600,26398100,25066900,33838800,29268900,28484100,31216900,28876500,488,1553,1021,0,2175,0,1686,1022,1000,688,0,23264,23296,0,1022,534,534,0.92850930149180788,-0.074174880477779231,8736,0.27300000000000002,8736,0.27272727272727271,312,0.31231231231231232,3509,4883,1374
78,sealed_evaluation:maze-128-128-2:s4:r5,maze,maze-128-128-2.map,validation,maze-128-128-2-random-4.scen,4,4,5,68,43,59,112,7,297,30428400,33990000,35826200,32296600,38122300,30927300,30264300,32650300,32473450,2849,8578,3146,0,3088,238,0,2903,0,0,0,0,0,244,2903,91,91,15212800,14676900,16329100,16166000,15476000,16297300,19169200,15205100,15821000,351,1085,651,0,352,0,0,619,0,0,619,19808,19840,33,619,301,268,18305300,17687400,18214700,16533800,17273200,18417300,20036400,17578800,17951050,351,1085,651,0,959,0,607,619,0,0,608,19456,19488,33,619,301,268,14013500,15259000,18304200,22885500,20270900,16496900,15843900,15252600,16170400,351,1085,651,0,1310,0,958,619,608,352,0,12288,12320,33,619,301,268,0.90080524537561868,-0.10446619859454995,7168,0.36842105263157893,7168,0.36781609195402298,256,0.42174629324546953,2218,2920,702
79,sealed_evaluation:maze-128-128-2:s4:r6,maze,maze-128-128-2.map,validation,maze-128-128-2-random-4.scen,4,5,6,87,24,82,47,17,380,22668900,19121800,17847400,21720500,20929500,20751900,17710000,17049300,19936850,1667,5007,1797,0,1783,115,0,1683,0,0,0,0,0,115,1683,53,47,22187700,22599600,20773100,22071500,35137800,24987500,21912500,20916600,22129600,527,1646,923,0,528,0,0,861,0,0,861,27552,27584,63,861,397,334,23681700,24184400,23231500,25801600,25495800,21428000,25859900,26337900,24840100,527,1646,923,0,1378,0,850,861,0,0,851,27232,27264,63,861,397,334,28430900,24584900,26126700,29581700,23396800,27535900,27249800,28422600,27392850,527,1646,923,0,2161,0,1633,861,851,784,0,25356,25388,63,861,397,334,1.1027672996485522,0.097822747613755423,1876,0.068889541715628666,1876,0.068808685446009391,67,0.078823529411764709,3152,4718,1566
80,sealed_evaluation:maze-128-128-2:s4:r7,maze,maze-128-128-2.map,validation,maze-128-128-2-random-4.scen,4,6,7,29,88,112,91,95,130,11184100,10210200,8922400,9372600,7399100,8368700,7679900,8640500,8781450,815,2442,881,0,859,43,0,839,0,0,0,0,0,43,839,36,35,6471300,12992600,7308300,6044100,10919800,6809500,6250400,5955800,6640400,165,514,304,0,166,0,0,291,0,0,291,9312,9344,14,291,140,126,8414000,8403800,6850300,8128300,11074100,8722100,7465900,8837200,8408900,165,514,304,0,441,0,275,291,0,0,276,8832,8864,14,291,140,126,6097400,5527500,9256700,5812000,7216300,6645100,6170600,5507000,6134000,165,514,304,0,607,0,441,291,276,167,0,5780,5812,14,291,140,126,0.72946520948043148,-0.31544360306753616,3052,0.34556159420289856,3052,0.34431407942238268,109,0.39636363636363636,1021,1353,332
81,sealed_evaluation:maze-128-128-2:s4:r8,maze,maze-128-128-2.map,validation,maze-128-128-2-random-4.scen,4,7,8,90,7,122,124,60,387,48539800,50990400,40210600,41680700,50648100,46369200,41487600,48149600,47259400,3904,11674,4174,0,4149,244,0,3931,0,0,0,0,0,244,3931,68,65,19971900,21762500,26568600,29561000,17727500,18245300,22674000,19230300,20867200,387,1226,807,0,388,0,0,808,0,0,808,25856,25888,0,808,421,421,23311700,21476600,20151100,21464100,21561800,25803100,24975600,22240400,21901100,387,1226,807,0,1186,0,798,808,0,0,799,25568,25600,0,808,421,421,27720500,23577100,18578900,20945800,36171600,27639300,18828200,23200400,23388750,387,1226,807,0,1664,0,1276,808,799,479,0,16608,16640,0,808,421,421,1.0679258119455186,0.065718273654746834,8960,0.35043804755944929,8960,0.34999999999999998,320,0.40100250626566414,2792,3748,956
82,sealed_evaluation:maze-128-128-2:s4:r9,maze,maze-128-128-2.map,validation,maze-128-128-2-random-4.scen,4,8,9,82,12,41,76,43,354,30522500,42056700,40281800,29656000,43553900,30504700,31294700,37347800,34321250,2688,8074,2815,0,2793,104,0,2712,0,0,0,0,0,104,2712,48,45,19199600,18636800,24554400,19529100,29081500,19628900,25163100,23444600,21536750,452,1407,826,0,453,0,0,768,0,0,768,24576,24608,59,768,375,316,21067500,29394800,25638300,24808600,25653900,21846900,19639000,32219100,25223450,452,1407,826,0,1208,0,755,768,0,0,756,24192,24224,59,768,375,316,22215400,23345000,30854600,25298900,42048800,21381900,26907400,30120100,26103150,452,1407,826,0,1754,0,1301,768,756,547,0,18340,18372,59,768,375,316,1.0348762758464842,0.034281879326885083,5852,0.24189814814814814,5852,0.2415785997357992,209,0.27682119205298011,2790,3882,1092
83,sealed_evaluation:maze-128-128-2:s4:r10,maze,maze-128-128-2.map,validation,maze-128-128-2-random-4.scen,4,9,10,210,42,80,14,80,908,113673000,136629200,104929200,121074200,135694800,130555300,143094600,135950600,133125050,9225,27526,9686,0,9668,442,0,9245,0,0,0,0,0,442,9245,66,63,45347700,49249300,50894800,50994800,62644600,57524600,69163700,62285400,54259700,908,2886,1900,0,909,0,0,1901,0,0,1901,60832,60864,0,1901,993,993,57381000,54971200,63631800,72536100,58369500,88783300,76918100,73473900,68083950,908,2886,1900,0,2800,0,1891,1901,0,0,1892,60544,60576,0,1901,993,993,59399000,63637800,56824200,54448100,66560800,75558400,66828700,58744300,61518400,908,2886,1900,0,4088,0,3179,1901,1892,1289,0,43660,43692,0,1901,993,993,0.90356684651815888,-0.10140518550168406,16884,0.2788715644820296,16884,0.27872424722662442,603,0.31887890005288205,6592,9168,2576
84,sealed_evaluation:maze-128-128-2:s4:r11,maze,maze-128-128-2.map,validation,maze-128-128-2-random-4.scen,4,10,11,96,69,11,12,50,424,36056700,47933400,50504300,34668400,47336200,45263200,34909500,39331200,42297200,3317,9972,3511,0,3456,138,0,3374,0,0,0,0,0,138,3374,62,62,25473800,27946300,30007700,22473500,25893100,32359500,22456500,26029200,25961150,424,1355,888,0,425,0,0,889,0,0,889,28448,28480,0,889,465,465,22765100,33224300,30505700,39806900,33031700,34603800,25520600,24473600,31768700,424,1355,888,0,1306,0,881,889,0,0,882,28224,28256,0,889,465,465,23549000,25720900,25645000,17954800,32992700,32793100,19161900,20567600,24597000,424,1355,888,0,1729,0,1304,889,882,424,0,15400,15432,0,889,465,465,0.77425264489890988,-0.25585704405599013,12824,0.45436507936507936,12824,0.45385050962627405,458,0.51986379114642456,3076,3922,846
85,sealed_evaluation:maze-128-128-2:s4:r12,maze,maze-128-128-2.map,validation,maze-128-128-2-random-4.scen,4,11,12,104,114,49,53,89,449,47065500,61374100,51405100,79154900,45402200,59460300,49287000,58322800,54863950,4535,13595,4805,0,4778,242,0,4564,0,0,0,0,0,242,4564,91,91,24840600,25767200,30114700,26299300,28200000,29965600,26209500,24033300,26254400,606,1863,1070,0,607,0,0,982,0,0,982,31424,31456,89,982,465,376,33008700,28534000,30593200,30665500,32846000,32034200,31647800,25881800,31156650,606,1863,1070,0,1576,0,969,982,0,0,970,31040,31072,89,982,465,376,23920900,30226900,27456500,33280000,25795200,25618000,26967800,25984300,26476050,606,1863,1070,0,2211,0,1604,982,970,636,0,21688,21720,89,982,465,376,0.84977203903500542,-0.16278715483755721,9352,0.30128865979381442,9352,0.3009783728115345,334,0.34468524251805988,3616,4886,1270
86,sealed_evaluation:maze-128-128-2:s4:r13,maze,maze-128-128-2.map,validation,maze-128-128-2-random-4.scen,4,12,13,195,105,88,89,28,840,50508400,46692800,51219600,56268700,48382600,56253800,49412400,48549300,49960400,4633,13800,4925,0,4869,235,0,4691,0,0,0,0,0,235,4691,68,62,45997000,35735100,37150800,39708200,50790300,40672500,45754300,50715600,43213400,840,2636,1722,0,841,0,0,1723,0,0,1723,55136,55168,0,1723,883,883,54441000,52931900,52237400,64896400,62193100,54329700,47043300,56438900,54385350,840,2636,1722,0,2527,0,1686,1723,0,0,1687,53984,54016,0,1723,883,883,41688600,40056800,49028100,35228800,46226300,47555500,41669400,41355500,41679000,840,2636,1722,0,3366,0,2525,1723,1687,840,0,30268,30300,0,1723,883,883,0.76636447131442564,-0.26609741128832187,23716,0.43931535269709543,23716,0.43905509478672988,847,0.50237247924080664,5936,7614,1678
87,sealed_evaluation:maze-128-128-2:s4:r14,maze,maze-128-128-2.map,validation,maze-128-128-2-random-4.scen,4,13,14,122,94,25,28,19,528,74151000,83334500,83270800,82128100,94394000,87358500,113059600,102944000,85346500,6986,20925,7375,0,7344,357,0,7019,0,0,0,0,0,357,7019,80,70,38551200,33981300,35988000,32218700,33738100,39235400,31000900,35629000,34805150,687,2151,1257,0,688,0,0,1157,0,0,1157,37024,37056,101,1157,571,470,37677900,38764200,51324000,28821600,36943300,42665200,46763600,40059300,39411750,687,2151,1257,0,1825,0,1137,1157,0,0,1138,36416,36448,101,1157,571,470,28617800,30934500,36125500,37280500,39847900,42168200,43482200,29578700,36703000,687,2151,1257,0,2558,0,1870,1157,1138,734,0,25104,25136,101,1157,571,470,0.93127049674272266,-0.071205499605511313,11312,0.31063268892794377,11312,0.31035996488147499,404,0.35532102022867196,4220,5686,1466
88,sealed_evaluation:maze-128-128-2:s4:r15,maze,maze-128-128-2.map,validation,maze-128-128-2-random-4.scen,4,14,15,13,81,74,62,81,54,2535300,2454300,2330100,2799000,1559100,1597300,2367000,2597000,2410650,160,487,181,0,167,6,0,176,0,0,0,0,0,6,176,20,20,3904200,2906200,3463200,2630400,2515300,3304200,3590200,3983800,3383700,54,171,115,0,55,0,0,116,0,0,116,3712,3744,0,116,62,62,4075900,3372700,4722600,2542400,4323500,2327000,4628400,3994200,4035050,54,171,115,0,161,0,106,116,0,0,107,3424,3456,0,116,62,62,3704100,3400800,3547300,3230100,2974800,1923300,2902700,3858700,3315450,54,171,115,0,214,0,159,116,107,54,0,1940,1972,0,116,62,62,0.82166268075984183,-0.19642533218744329,1484,0.43341121495327101,1484,0.42939814814814814,53,0.5,383,489,106
89,sealed_evaluation:maze-128-128-2:s4:r16,maze,maze-128-128-2.map,validation,maze-128-128-2-random-4.scen,4,15,16,343,25,80,89,94,1480,213154000,194184600,160608900,123653600,115589700,115297800,128311600,113094800,125982600,10241,30567,10748,0,10738,496,0,10253,0,0,0,0,0,496,10253,75,75,138423000,130332000,100706000,98473700,101081100,110308100,93618000,100898200,100989650,2422,7375,4011,0,2423,0,0,3634,0,0,3634,116288,116320,378,3634,1590,1212,145997800,177504300,149892000,108446000,128503300,106281000,114131100,107412300,121317200,2422,7375,4011,0,6047,0,3624,3634,0,0,3625,116000,116032,378,3634,1590,1212,129111100,177074000,139498900,117683400,125025000,138693900,112447100,126646000,127878550,2422,7375,4011,0,8800,0,6377,3634,3625,2754,0,91612,91644,378,3634,1590,1212,1.0540842518620608,0.052672382277509346,24388,0.21024137931034484,24388,0.21018339768339769,871,0.24034216335540839,13683,19189,5506
90,sealed_evaluation:maze-128-128-2:s4:r17,maze,maze-128-128-2.map,validation,maze-128-128-2-random-4.scen,4,16,17,13,28,49,47,40,60,1723600,2045100,2316200,2625400,1829300,2343400,2274000,3215100,2295100,210,638,246,0,226,15,0,232,0,0,0,0,0,15,232,30,27,2081400,5153600,2433000,4051600,2397100,3109100,2653200,3431400,2881150,60,186,122,0,61,0,0,123,0,0,123,3936,3968,0,123,63,63,2778600,2526100,5415200,2975100,2931600,2439900,3994600,3116100,2953350,60,186,122,0,169,0,108,123,0,0,109,3488,3520,0,123,63,63,5328900,2796900,2898400,2318100,4238700,2305800,3346200,2977700,2938050,60,186,122,0,245,0,184,123,109,77,0,2592,2624,0,123,63,63,0.99481944232820352,-0.0051940232870893183,896,0.25688073394495414,896,0.25454545454545452,32,0.29629629629629628,400,552,152
91,sealed_evaluation:maze-128-128-2:s4:r18,maze,maze-128-128-2.map,validation,maze-128-128-2-random-4.scen,4,17,18,117,23,2,30,56,511,35116700,34646700,37525000,30600700,32435100,33898400,40644400,33905600,34276150,3124,9386,3352,0,3305,180,0,3173,0,0,0,0,0,180,3173,66,63,35152100,31408100,38441800,40437700,35626600,35827500,32996000,30431300,35389350,752,2305,1286,0,753,0,0,1186,0,0,1186,37952,37984,101,1186,535,434,33282300,31614600,34187400,32306800,31700500,37277800,36606400,42829300,33734850,752,2305,1286,0,1909,0,1156,1186,0,0,1157,37024,37056,101,1186,535,434,38559200,32599200,31113500,30110700,26565300,28547800,35401600,44729800,31856350,752,2305,1286,0,2667,0,1914,1186,1157,759,0,25880,25912,101,1186,535,434,0.94431574469724933,-0.057294693446151866,11144,0.30099394987035438,11144,0.30073402417962003,398,0.34429065743944637,4352,5868,1516
92,sealed_evaluation:maze-128-128-2:s4:r19,maze,maze-128-128-2.map,validation,maze-128-128-2-random-4.scen,4,18,19,145,104,125,37,86,620,40352200,45085200,43189900,54823400,44582900,41076000,53649400,47148300,44834050,3776,11239,4052,0,4022,245,0,3808,0,0,0,0,0,245,3808,77,77,40489700,32947200,34649400,34508300,32436500,32916800,33994300,34630400,34251300,807,2490,1453,0,808,0,0,1337,0,0,1337,42784,42816,117,1337,647,530,37977600,38001700,45649400,46386200,35095800,41582700,39969200,36282700,38985450,807,2490,1453,0,2123,0,1315,1337,0,0,1316,42112,42144,117,1337,647,530,46259600,41234500,36177000,41080200,34402200,45308100,42552200,34655600,41157350,807,2490,1453,0,2996,0,2188,1337,1316,874,0,29736,29768,117,1337,647,530,1.0557105279020762,0.0542140264011053,12376,0.29388297872340424,12376,0.29365983295368259,442,0.3361216730038023,4892,6638,1746
93,sealed_evaluation:maze-128-128-2:s4:r20,maze,maze-128-128-2.map,validation,maze-128-128-2-random-4.scen,4,19,20,54,38,117,43,79,235,23730900,20540700,19168400,18060400,27927200,16708000,19076600,17133700,19122500,1790,5337,1908,0,1885,94,0,1815,0,0,0,0,0,94,1815,78,63,15489400,10967800,12490200,11923700,11895400,14071100,14075300,11174700,12206950,235,747,489,0,236,0,0,490,0,0,490,15680,15712,0,490,255,255,12192100,12671200,12228600,11069700,12017700,13172100,14598500,13355100,12449900,235,747,489,0,717,0,481,490,0,0,482,15424,15456,0,490,255,255,8544300,16102100,14430500,10321200,10516500,12146300,10727100,12901300,11436700,235,747,489,0,999,0,763,490,482,283,0,9852,9884,0,490,255,255,0.91861782022345562,-0.08488510794978682,5572,0.36125518672199169,5572,0.36050724637681159,199,0.41372141372141374,1688,2252,564
94,sealed_evaluation:maze-128-128-2:s4:r21,maze,maze-128-128-2.map,validation,maze-128-128-2-random-4.scen,4,20,21,125,97,103,41,93,536,42197500,43340700,45082600,42570000,35441200,41047100,45250200,40303400,42383750,3689,10977,3931,0,3903,213,0,3719,0,0,0,0,0,213,3719,60,60,28392000,28961600,33850200,29636300,28070200,27059800,29199700,28620600,28791100,686,2113,1243,0,687,0,0,1154,0,0,1154,36928,36960,90,1154,558,468,32075600,32804900,33251600,30444200,35467100,33684100,34034700,40404200,33467850,686,2113,1243,0,1825,0,1138,1154,0,0,1139,36448,36480,90,1154,558,468,33474000,33174300,25173000,34243800,28216500,37001600,33592800,36355700,33533400,686,2113,1243,0,2558,0,1871,1154,1139,734,0,25108,25140,90,1154,558,468,1.0019585960854969,0.0019566805369665642,11340,0.31112818261633013,11340,0.31085526315789475,405,0.35588752196836554,4207,5673,1466
95,sealed_evaluation:maze-128-128-2:s4:r22,maze,maze-128-128-2.map,validation,maze-128-128-2-random-4.scen,4,21,22,20,65,37,110,36,88,4069000,5059800,3826100,4612500,6535400,6127000,3833900,5104000,4836150,433,1319,501,0,452,18,0,476,0,0,0,0,0,26,476,51,44,5253600,4624700,5352400,3833600,5098600,3529400,3481300,3522000,4229150,88,273,179,0,89,0,0,180,0,0,180,5760,5792,0,180,92,92,3957100,3518400,4405200,3779000,5255000,4771200,4035300,3470400,3996200,88,273,179,0,247,0,158,180,0,0,159,5088,5120,0,180,92,92,6972100,3165700,3788000,3326100,3229700,4018500,3721100,3738000,3729550,88,273,179,0,334,0,245,180,159,88,0,3100,3132,0,180,92,92,0.93327411040488462,-0.069056326637810583,1988,0.39072327044025157,1988,0.38828125000000002,71,0.44936708860759494,585,759,174
96,sealed_evaluation:maze-128-128-2:s4:r23,maze,maze-128-128-2.map,validation,maze-128-128-2-random-4.scen,4,22,23,125,74,55,13,42,542,70043700,83538000,73814800,81608600,63626600,72840600,85566100,78419000,76116900,5935,17724,6292,0,6246,310,0,5983,0,0,0,0,0,310,5983,78,60,27508100,34622000,35053000,30137400,38424400,36737100,38193000,38561800,35895050,542,1724,1133,0,543,0,0,1134,0,0,1134,36288,36320,0,1134,592,592,41281600,35734600,31613400,30736600,33007700,42990600,32286000,42153800,34371150,542,1724,1133,0,1646,0,1103,1134,0,0,1104,35328,35360,0,1134,592,592,35573900,44505100,34288000,35403100,39768400,35426100,33771600,42683500,35500000,542,1724,1133,0,2380,0,1837,1134,1104,735,0,24996,25028,0,1134,592,592,1.0328429511378001,0.032315146767103051,10332,0.29245923913043476,10332,0.29219457013574662,369,0.33454215775158658,3883,5351,1468
97,sealed_evaluation:maze-128-128-2:s4:r24,maze,maze-128-128-2.map,validation,maze-128-128-2-random-4.scen,4,23,24,178,125,67,56,8,770,91454700,93264400,81255700,96415600,110705700,100471500,98792400,106321000,97604000,8081,24067,8582,0,8546,464,0,8119,0,0,0,0,0,464,8119,92,73,40099000,45109200,40958200,43576100,46787400,41526000,43213200,37240200,42369600,770,2437,1596,0,771,0,0,1597,0,0,1597,51104,51136,0,1597,827,827,43428000,64444600,44878400,47571900,51769200,41636500,46786100,52256900,47179000,770,2437,1596,0,2335,0,1564,1597,0,0,1565,50080,50112,0,1597,827,827,37750600,47994500,42263300,39266000,36741700,42815300,40274500,40095400,40184950,770,2437,1596,0,3104,0,2333,1597,1565,770,0,27820,27852,0,1597,827,827,0.85175501812246979,-0.1604563309145714,22260,0.44448881789137379,22260,0.44420498084291188,795,0.50831202046035806,5496,7034,1538
98,sealed_evaluation:maze-128-128-2:s4:r25,maze,maze-128-128-2.map,validation,maze-128-128-2-random-4.scen,4,24,25,23,16,5,59,2,100,3982400,5451600,8203500,3968100,3999900,4617900,4141700,5774600,4379800,456,1371,495,0,480,23,0,473,0,0,0,0,0,23,473,36,36,7483500,6530900,6444500,4023300,3995100,7711500,3989000,4392300,5418400,100,322,214,0,101,0,0,215,0,0,215,6880,6912,0,215,115,115,4736600,4287100,5493900,6965200,6800800,7667000,4415900,5545400,5519650,100,322,214,0,300,0,199,215,0,0,200,6400,6432,0,215,115,115,3399900,3810700,3953500,8792300,6856800,4822300,7958600,4721900,4772100,100,322,214,0,419,0,318,215,200,120,0,4160,4192,0,215,115,115,0.86456568804181422,-0.14552799289138257,2240,0.34999999999999998,2240,0.34825870646766172,80,0.4020100502512563,714,952,238
99,sealed_evaluation:maze-128-128-2:s4:r26,maze,maze-128-128-2.map,validation,maze-128-128-2-random-4.scen,4,25,26,316,104,117,4,67,1358,148967300,130227800,122844300,117221000,124862000,108437200,128063200,136815300,126462600,10546,31462,11124,0,11091,544,0,10581,0,0,0,0,0,544,10581,72,66,88514700,82844300,87862500,87432300,87956800,82471200,91982200,114190700,87909650,2051,6264,3470,0,2052,0,0,3158,0,0,3158,101056,101088,313,3158,1420,1107,103933600,95510200,117004300,104168300,103889800,100676900,96159300,104788400,103911700,2051,6264,3470,0,5183,0,3131,3158,0,0,3132,100224,100256,313,3158,1420,1107,101641600,102343800,89401400,85960600,95189500,96016600,93531200,92954400,94360350,2051,6264,3470,0,7289,0,5237,3158,3132,2107,0,71524,71556,313,3158,1420,1107,0.90808205428262645,-0.096420536311126986,28700,0.28635855683269479,28700,0.28626715608043407,1025,0.32737144682210156,11785,15997,4212
100,sealed_evaluation:random-32-32-20:s1:r2,random,random-32-32-20.map,validation,random-32-32-20-random-1.scen,1,1,2,7,5,16,31,24,36,1400900,871900,2112100,899000,894700,934600,908000,2109900,921300,86,281,148,0,91,4,0,129,0,0,0,0,0,20,129,59,43,3658100,1594900,1839600,1447400,2330300,1564300,2419700,2483100,2084950,43,133,78,0,44,0,0,79,0,0,79,2528,2560,0,79,36,36,2572600,1228100,1402700,1196200,1858100,1209600,1207700,1575700,1315400,43,133,78,0,93,0,49,79,0,0,50,1600,1632,0,79,36,36,1929400,1245700,3281300,1555400,1658900,1346400,1347400,5091200,1607150,43,133,78,0,142,0,98,79,50,50,0,1600,1632,0,79,36,36,1.2217956515128479,0.20032162214457022,0,0,0,0,0,0,221,319,98
101,sealed_evaluation:random-32-32-20:s1:r3,random,random-32-32-20.map,validation,random-32-32-20-random-1.scen,1,2,3,2,21,29,24,22,12,988300,244200,239700,238500,238200,258200,672600,303400,251200,21,69,37,0,22,0,0,34,0,0,0,0,0,4,34,17,13,986400,639100,465600,470000,465500,462000,802300,541200,505600,12,38,25,0,13,0,0,26,0,0,26,832,864,0,26,14,14,684000,428900,423500,425800,429300,423800,643400,495900,429100,12,38,25,0,31,0,18,26,0,0,19,608,640,0,26,14,14,633500,395400,399000,397200,395500,845100,916600,471000,435000,12,38,25,0,42,0,29,26,19,12,0,412,444,0,26,14,14,1.0137497086926124,0.013656039091205012,196,0.32236842105263158,196,0.30625000000000002,7,0.3888888888888889,75,97,22
102,sealed_evaluation:random-32-32-20:s1:r4,random,random-32-32-20.map,validation,random-32-32-20-random-1.scen,1,3,4,6,27,1,28,23,29,905100,1186900,970500,1120900,986100,1540200,1180800,1148100,1134500,99,311,143,0,105,5,0,131,0,0,0,0,0,13,131,40,32,1576100,1335600,1180400,1371600,1186600,1302600,1187100,1185200,1244850,32,100,66,0,33,0,0,67,0,0,67,2144,2176,0,67,35,35,1317500,2473400,1470200,2004800,1240600,1232400,2049200,1237300,1393850,32,100,66,0,93,0,60,67,0,0,61,1952,1984,0,67,35,35,2148600,1964800,1547000,1901200,1459100,1229000,2010000,1225000,1724100,32,100,66,0,138,0,105,67,61,46,0,1532,1564,0,67,35,35,1.2369336729203286,0.21263547266828062,420,0.2151639344262295,420,0.21169354838709678,15,0.25,220,310,90
103,sealed_evaluation:random-32-32-20:s1:r5,random,random-32-32-20.map,validation,random-32-32-20-random-1.scen,1,4,5,4,20,14,16,28,20,911600,345300,417100,379500,347400,365700,388200,362900,372600,32,100,57,0,33,0,0,52,0,0,0,0,0,6,52,26,20,2172000,1150900,1377300,927300,751000,1344900,839400,1509600,1247900,20,67,47,0,21,0,0,48,0,0,48,1536,1568,0,48,28,28,2109500,698500,671600,696600,664300,758800,740600,1138400,719550,20,67,47,0,53,0,32,48,0,0,33,1056,1088,0,48,28,28,1375500,761800,761300,858600,754400,827300,828700,827400,827350,20,67,47,0,85,0,64,48,33,33,0,1056,1088,0,48,28,28,1.1498158571329302,0.13960180532167055,0,0,0,0,0,0,133,197,64
104,sealed_evaluation:random-32-32-20:s1:r6,random,random-32-32-20.map,validation,random-32-32-20-random-1.scen,1,5,6,6,29,25,7,18,31,623200,625600,980800,578100,613500,691800,619300,613100,621250,59,171,91,0,62,2,0,89,0,0,0,0,0,3,89,31,30,1851000,2719800,1540500,2259300,1368700,1357400,1381500,1371400,1461000,44,133,77,0,45,0,0,75,0,0,75,2400,2432,3,75,34,31,2286800,1785500,1145200,1278000,1266500,1355000,2226500,1277200,1316500,44,133,77,0,100,0,55,75,0,0,56,1792,1824,3,75,34,31,2055800,1559100,1299700,1545900,1424400,2606100,1573700,1425700,1552500,44,133,77,0,155,0,110,75,56,56,0,1792,1824,3,75,34,31,1.1792631978731485,0.16488983487126974,0,0,0,0,0,0,233,343,110
105,sealed_evaluation:random-32-32-20:s1:r7,random,random-32-32-20.map,validation,random-32-32-20-random-1.scen,1,6,7,5,25,8,5,8,24,644400,631600,1353000,637600,624300,851400,786400,630800,641000,59,200,104,0,62,2,0,91,0,0,0,0,0,14,91,44,33,994200,989800,2999300,990200,988800,1101200,997900,988500,992200,24,81,56,0,25,0,0,57,0,0,57,1824,1856,0,57,33,33,870000,869500,1063400,863900,857800,2396700,1401200,869800,869900,24,81,56,0,63,0,38,57,0,0,39,1248,1280,0,57,33,33,872100,862900,1610100,985500,896600,1512700,1280100,870200,941050,24,81,56,0,92,0,67,57,39,30,0,996,1028,0,57,33,33,1.0817910104609725,0.078618010623077911,252,0.20192307692307693,252,0.19687499999999999,9,0.23684210526315788,158,216,58
106,sealed_evaluation:random-32-32-20:s1:r8,random,random-32-32-20.map,validation,random-32-32-20-random-1.scen,1,7,8,3,23,30,12,28,15,276000,296400,265600,263100,267000,356400,265300,268200,267600,20,71,45,0,21,0,0,44,0,0,0,0,0,2,44,26,24,1453700,1418200,697400,692100,681000,1273800,690300,684200,694750,15,54,39,0,16,0,0,40,0,0,40,1280,1312,0,40,25,25,1218000,515600,496900,472400,972200,680200,496000,473700,506250,15,54,39,0,33,0,17,40,0,0,18,576,608,0,40,25,25,1152200,537600,529900,517000,857100,596700,525200,520300,533750,15,54,39,0,49,0,33,40,18,17,0,548,580,0,40,25,25,1.0543209876543209,0.052896946122085349,28,0.048611111111111112,28,0.046052631578947366,1,0.058823529411764705,90,122,32
107,sealed_evaluation:random-32-32-20:s1:r9,random,random-32-32-20.map,validation,random-32-32-20-random-1.scen,1,8,9,2,20,23,25,28,10,150600,265200,267200,262200,240700,297800,173600,237100,251450,11,35,23,0,12,0,0,24,0,0,0,0,0,0,24,13,13,416000,449500,791100,749600,700000,784200,784400,629700,724800,10,33,22,0,11,0,0,23,0,0,23,736,768,0,23,13,13,336000,300300,585800,468300,492100,497000,549400,852800,494550,10,33,22,0,21,0,10,23,0,0,11,352,384,0,23,13,13,319700,318900,687300,661000,596500,455600,499300,438200,477450,10,33,22,0,30,0,19,23,11,10,0,324,356,0,23,13,13,0.96542311191992725,-0.035188815789638186,28,0.079545454545454544,28,0.072916666666666671,1,0.10000000000000001,54,72,18
108,sealed_evaluation:random-32-32-20:s1:r10,random,random-32-32-20.map,validation,random-32-32-20-random-1.scen,1,9,10,0,15,9,17,11,4,121000,113200,110000,110900,121300,139300,99900,123900,117100,4,13,9,0,5,0,0,10,0,0,0,0,0,0,10,6,6,350400,461200,327100,269000,407900,363400,367200,386200,365300,4,13,9,0,5,0,0,10,0,0,10,320,352,0,10,6,6,234800,215700,168900,210600,258700,223500,241600,162000,219600,4,13,9,0,8,0,3,10,0,0,4,128,160,0,10,6,6,528500,167900,200400,252600,207300,171700,205900,176700,203150,4,13,9,0,11,0,6,10,4,4,0,128,160,0,10,6,6,0.92509107468123863,-0.077863087201639786,0,0,0,0,0,0,21,27,6
109,sealed_evaluation:random-32-32-20:s1:r11,random,random-32-32-20.map,validation,random-32-32-20-random-1.scen,1,10,11,3,11,7,0,3,15,490000,423200,520300,264800,217300,218400,241300,258600,261700,18,57,38,0,19,0,0,39,0,0,0,0,0,0,39,21,21,1278200,1180400,1182200,619400,765100,1112700,587700,589700,938900,17,54,36,0,18,0,0,37,0,0,37,1184,1216,0,37,20,20,938300,802500,793900,434200,867000,733500,429700,425100,763700,17,54,36,0,35,0,17,37,0,0,18,576,608,0,37,20,20,1017700,933800,994300,814200,825000,742500,471600,461600,819600,17,54,36,0,51,0,33,37,18,17,0,548,580,0,37,20,20,1.0731962812622757,0.070641374470406221,28,0.048611111111111112,28,0.046052631578947366,1,0.058823529411764705,89,121,32
110,sealed_evaluation:random-32-32-20:s1:r12,random,random-32-32-20.map,validation,random-32-32-20-random-1.scen,1,11,12,4,12,18,28,14,22,556300,447000,609200,422100,421600,420800,529100,442800,444900,40,123,72,0,41,0,0,69,0,0,0,0,0,4,69,33,29,1629700,976500,935600,872500,910100,1637100,1000500,962600,969550,28,89,53,0,29,0,0,54,0,0,54,1728,1760,0,54,26,26,911800,811400,814200,732900,1381400,771500,735700,804300,807850,28,89,53,0,62,0,33,54,0,0,34,1088,1120,0,54,26,26,1099900,886800,1171300,821400,1455000,820700,1544500,896900,998400,28,89,53,0,94,0,65,54,34,33,0,1060,1092,0,54,26,26,1.2358729962245467,0.21177759989232378,28,0.025735294117647058,28,0.025000000000000001,1,0.030303030303030304,149,213,64
111,sealed_evaluation:random-32-32-20:s1:r13,random,random-32-32-20.map,validation,random-32-32-20-random-1.scen,1,12,13,4,30,30,17,20,23,518900,338500,334900,365000,543300,337900,334300,358700,348600,28,85,52,0,29,0,0,53,0,0,0,0,0,0,53,25,25,1005300,985600,895000,1024400,1097500,990300,890500,887600,987950,23,76,50,0,24,0,0,51,0,0,51,1632,1664,0,51,28,28,685100,692200,736700,1121400,765700,937900,671800,676500,714450,23,76,50,0,50,0,26,51,0,0,27,864,896,0,51,28,28,1001200,712900,712400,708600,777800,836900,706400,699800,712650,23,76,50,0,72,0,48,51,27,23,0,752,784,0,51,28,28,0.99748057946672264,-0.0025225996139390809,112,0.12962962962962962,112,0.125,4,0.15384615384615385,127,171,44
112,sealed_evaluation:random-32-32-20:s1:r14,random,random-32-32-20.map,validation,random-32-32-20-random-1.scen,1,13,14,2,22,22,31,23,10,163400,215100,233200,134400,133800,134000,136700,133200,135550,10,29,19,0,11,0,0,20,0,0,0,0,0,0,20,10,10,699300,598100,504500,375800,393300,369800,372200,375100,384550,10,29,19,0,11,0,0,20,0,0,20,640,672,0,20,10,10,458100,374100,420000,283000,275100,275600,276100,323800,303400,10,29,19,0,20,0,9,20,0,0,10,320,352,0,20,10,10,714900,544900,509500,318900,310900,308400,449000,309100,383950,10,29,19,0,29,0,18,20,10,10,0,320,352,0,20,10,10,1.2654911008569545,0.23546026886212065,0,0,0,0,0,0,49,67,18
113,sealed_evaluation:random-32-32-20:s1:r15,random,random-32-32-20.map,validation,random-32-32-20-random-1.scen,1,14,15,10,3,27,24,0,48,880300,2535300,1358900,880700,866400,1550000,876100,865600,880500,78,254,147,0,79,0,0,131,0,0,0,0,0,17,131,71,54,1946800,3360700,1978200,1929700,3022500,2119000,1922200,3680200,2048600,48,162,110,0,49,0,0,111,0,0,111,3552,3584,0,111,63,63,1464000,2991500,4799700,1463300,2345300,3914400,1976500,2455600,2400450,48,162,110,0,108,0,59,111,0,0,60,1920,1952,0,111,63,63,1498800,3149200,1876300,1509800,2407400,3121000,1521900,1481900,1699100,48,162,110,0,155,0,106,111,60,48,0,1584,1616,0,111,63,63,0.70782561603032768,-0.3455575206683959,336,0.17499999999999999,336,0.1721311475409836,12,0.20338983050847459,278,372,94
114,sealed_evaluation:random-32-32-20:s1:r16,random,random-32-32-20.map,validation,random-32-32-20-random-1.scen,1,15,16,5,27,26,7,25,23,348900,593100,378000,347100,344800,356300,457100,388600,367150,27,92,59,0,28,0,0,59,0,0,0,0,0,1,59,33,32,969200,1250200,983300,973200,968100,967700,1102600,973900,973550,23,80,55,0,24,0,0,56,0,0,56,1792,1824,0,56,33,33,748000,761600,852900,750300,748500,846700,810200,771500,766550,23,80,55,0,54,0,30,56,0,0,31,992,1024,0,56,33,33,833700,1211500,997400,835600,846800,863300,1257000,912900,888100,23,80,55,0,84,0,60,56,31,31,0,992,1024,0,56,33,33,1.1585676081142782,0.1471844215079951,0,0,0,0,0,0,140,200,60
115,sealed_evaluation:random-32-32-20:s1:r17,random,random-32-32-20.map,validation,random-32-32-20-random-1.scen,1,16,17,8,0,9,29,4,38,1714200,1397600,2068100,1554800,1751200,1506000,1362600,2326100,1634500,134,438,221,0,144,9,0,179,0,0,0,0,0,43,179,79,45,2121600,1724700,1460500,1493800,2135100,1446400,1693000,2033800,1708850,38,123,81,0,39,0,0,82,0,0,82,2624,2656,0,82,44,44,2200400,1345700,1881200,1335400,4571300,1336900,2149800,1766300,1823750,38,123,81,0,101,0,62,82,0,0,63,2016,2048,0,82,44,44,1230500,1258300,2119700,1720900,2556500,1217900,1948100,1568700,1644800,38,123,81,0,138,0,99,82,63,38,0,1316,1348,0,82,44,44,0.90187799862919804,-0.10327602457614947,700,0.34722222222222221,700,0.341796875,25,0.40322580645161288,245,319,74
116,sealed_evaluation:random-32-32-20:s1:r18,random,random-32-32-20.map,validation,random-32-32-20-random-1.scen,1,17,18,4,6,14,18,8,18,633700,576700,573500,993900,868900,575700,583900,663000,608800,54,185,101,0,55,0,0,83,0,0,0,0,0,19,83,48,29,787600,726600,1147600,1200500,1168300,878800,1046800,2512500,1097200,20,61,40,0,21,0,0,41,0,0,41,1312,1344,0,41,21,21,629700,618400,619400,715400,911600,735300,613400,624100,626900,20,61,40,0,46,0,25,41,0,0,26,832,864,0,41,21,21,676700,674000,675500,1233500,805900,673300,677900,982800,677300,20,61,40,0,70,0,49,41,26,25,0,804,836,0,41,21,21,1.0803955973839527,0.077327267940935099,28,0.033653846153846152,28,0.032407407407407406,1,0.040000000000000001,112,160,48
117,sealed_evaluation:random-32-32-20:s1:r19,random,random-32-32-20.map,validation,random-32-32-20-random-1.scen,1,18,19,1,24,20,28,17,7,96700,96300,96500,99700,96500,115400,114900,115000,98200,7,23,15,0,8,0,0,16,0,0,0,0,0,0,16,9,9,265900,265000,261500,261800,264600,261800,315000,348700,264800,7,23,15,0,8,0,0,16,0,0,16,512,544,0,16,9,9,186100,185200,185600,184300,184500,235500,221100,208400,185850,7,23,15,0,14,0,6,16,0,0,7,224,256,0,16,9,9,203400,203300,205700,202000,202200,243300,243400,249100,204550,7,23,15,0,20,0,12,16,7,7,0,224,256,0,16,9,9,1.1006187785848802,0.095872547632146365,0,0,0,0,0,0,36,48,12
118,sealed_evaluation:random-32-32-20:s1:r20,random,random-32-32-20.map,validation,random-32-32-20-random-1.scen,1,19,20,2,6,15,3,24,12,270900,217900,215300,213900,217100,214500,416100,381300,217500,17,57,35,0,18,0,0,33,0,0,0,0,0,3,33,19,16,1099500,513800,508900,522600,508300,510500,1010500,1064700,518200,12,40,28,0,13,0,0,29,0,0,29,928,960,0,29,17,17,825400,421100,406400,406500,425200,406700,406100,675200,413900,12,40,28,0,29,0,16,29,0,0,17,544,576,0,29,17,17,411200,395000,395000,397100,394900,426200,625100,1225400,404150,12,40,28,0,40,0,27,29,17,12,0,404,436,0,29,17,17,0.97644358540710319,-0.023838302574833325,140,0.25735294117647056,140,0.24305555555555555,5,0.3125,74,96,22
119,sealed_evaluation:random-32-32-20:s1:r21,random,random-32-32-20.map,validation,random-32-32-20-random-1.scen,1,20,21,1,17,19,11,21,8,116100,115800,119600,114700,115400,115500,115500,189400,115650,8,25,17,0,9,0,0,18,0,0,0,0,0,0,18,10,10,327300,339000,327900,327800,328100,326200,327100,1110400,327850,8,25,17,0,9,0,0,18,0,0,18,576,608,0,18,10,10,229500,230900,229500,228500,228600,228300,231200,847000,229500,8,25,17,0,16,0,7,18,0,0,8,256,288,0,18,10,10,254700,251100,251700,251900,251000,250700,250500,389000,251400,8,25,17,0,23,0,14,18,8,8,0,256,288,0,18,10,10,1.0954248366013073,0.091142266655547297,0,0,0,0,0,0,41,55,14
120,sealed_evaluation:random-32-32-20:s1:r22,random,random-32-32-20.map,validation,random-32-32-20-random-1.scen,1,21,22,6,18,7,8,28,31,1646600,1192100,1389400,748500,730600,747700,733600,754300,751400,65,225,129,0,66,0,0,111,0,0,0,0,0,19,111,65,46,1518300,1832500,2325100,1330200,1323800,3369900,1608900,2095000,1720700,31,109,76,0,32,0,0,77,0,0,77,2464,2496,0,77,46,46,1173200,1762400,1939700,1080700,1443000,1362900,1055100,1702800,1402950,31,109,76,0,76,0,44,77,0,0,45,1440,1472,0,77,46,46,1252800,1908100,1895600,1176400,2688300,1143300,1134400,1313400,1283100,31,109,76,0,116,0,84,77,45,41,0,1328,1360,0,77,46,46,0.914572864321608,-0.08929813764769709,112,0.077777777777777779,112,0.076086956521739135,4,0.090909090909090912,197,277,80
121,sealed_evaluation:random-32-32-20:s1:r23,random,random-32-32-20.map,validation,random-32-32-20-random-1.scen,1,22,23,1,4,15,7,10,8,218700,126700,125700,126500,126500,125900,125800,192000,126500,8,28,21,0,9,0,0,22,0,0,0,0,0,0,22,14,14,416800,381300,380300,772900,379200,378500,383900,624000,382600,8,28,21,0,9,0,0,22,0,0,22,704,736,0,22,14,14,241100,239300,241200,248400,253100,252100,257500,268100,250250,8,28,21,0,16,0,7,22,0,0,8,256,288,0,22,14,14,262100,267800,260400,260900,261200,261900,261500,404200,261700,8,28,21,0,23,0,14,22,8,8,0,256,288,0,22,14,14,1.0457542457542457,0.044738391340770151,0,0,0,0,0,0,45,59,14
122,sealed_evaluation:random-32-32-20:s1:r24,random,random-32-32-20.map,validation,random-32-32-20-random-1.scen,1,23,24,2,9,10,19,10,12,318500,320800,320200,350600,384000,304000,308600,178700,319350,12,41,28,0,13,0,0,29,0,0,0,0,0,0,29,17,17,939500,955100,990500,992900,999600,946400,882000,527600,950750,12,42,29,0,13,0,0,30,0,0,30,960,992,0,30,18,18,644400,860500,664300,663400,650800,649300,858200,374600,657100,12,42,29,0,25,0,12,30,0,0,13,416,448,0,30,18,18,700500,796500,813000,775500,713100,694600,778300,675500,744300,12,42,29,0,37,0,24,30,13,13,0,416,448,0,30,18,18,1.1327043068026175,0.12460796546204275,0,0,0,0,0,0,67,91,24
123,sealed_evaluation:random-32-32-20:s1:r25,random,random-32-32-20.map,validation,random-32-32-20-random-1.scen,1,24,25,9,0,27,26,6,47,662600,662500,651500,956200,1453400,690200,648400,659100,662550,57,186,115,0,58,0,0,110,0,0,0,0,0,6,110,59,53,1642400,3106600,1629300,3060300,3058100,2112700,1639300,1941400,2027050,48,155,102,0,49,0,0,103,0,0,103,3296,3328,0,103,55,55,1276500,1709200,1283500,2147600,1393800,2140800,1321700,2122500,1551500,48,155,102,0,105,0,56,103,0,0,57,1824,1856,0,103,55,55,1753600,1664400,1472900,1406000,1578700,2646300,1435100,1441400,1525800,48,155,102,0,159,0,110,103,57,55,0,1768,1800,0,103,55,55,0.98343538511118278,-0.016703342232305882,56,0.030701754385964911,56,0.03017241379310345,2,0.035714285714285712,264,372,108
124,sealed_evaluation:random-32-32-20:s1:r26,random,random-32-32-20.map,validation,random-32-32-20-random-1.scen,1,25,26,3,27,27,25,19,14,254600,307700,253500,255600,253800,498000,1275400,545800,281650,25,80,40,0,27,1,0,40,0,0,0,0,0,1,40,15,15,482700,468400,488200,467700,469800,759300,1617700,1044500,485450,14,43,28,0,15,0,0,29,0,0,29,928,960,0,29,15,15,426800,441900,430600,434600,435400,700800,1116700,710600,438650,14,43,28,0,35,0,20,29,0,0,21,672,704,0,29,15,15,449400,432700,465300,430200,434300,735400,2469800,961500,457350,14,43,28,0,50,0,35,29,21,16,0,532,564,0,29,15,15,1.0426307990425168,0.041747133527980554,140,0.20833333333333334,140,0.19886363636363635,5,0.25,84,114,30
125,sealed_evaluation:random-32-32-20:s2:r2,random,random-32-32-20.map,validation,random-32-32-20-random-2.scen,2,1,2,6,12,24,3,1,32,452000,1081500,503400,452400,452600,453800,454600,454700,454200,35,114,78,0,36,0,0,79,0,0,0,0,0,0,79,44,44,1311300,1360200,1451800,1324400,1363700,2276700,1307300,1826100,1361950,33,109,75,0,34,0,0,76,0,0,76,2432,2464,0,76,43,43,920300,922900,2564300,928100,1436800,947300,918100,2189900,937700,33,109,75,0,68,0,34,76,0,0,35,1120,1152,0,76,43,43,1026500,1641800,1392600,999300,1944000,1014900,1006000,1006300,1020700,33,109,75,0,100,0,66,76,35,33,0,1064,1096,0,76,43,43,1.0885144502506132,0.084813876983873243,56,0.050000000000000003,56,0.048611111111111112,2,0.058823529411764705,178,242,64
126,sealed_evaluation:random-32-32-20:s2:r3,random,random-32-32-20.map,validation,random-32-32-20-random-2.scen,2,2,3,2,9,27,3,27,10,181200,178600,179200,179900,179200,181400,218400,235000,180550,14,45,28,0,15,0,0,29,0,0,0,0,0,0,29,15,15,467500,468200,463200,467800,701400,481600,581700,528700,474900,10,36,26,0,11,0,0,27,0,0,27,864,896,0,27,17,17,324100,321700,321700,321200,383300,323400,455800,539200,323750,10,36,26,0,22,0,11,27,0,0,12,384,416,0,27,17,17,333200,330800,337000,331200,354300,333000,657500,369900,335100,10,36,26,0,31,0,20,27,12,10,0,328,360,0,27,17,17,1.0350579150579151,0.034457381729517261,56,0.14583333333333334,56,0.13461538461538461,2,0.18181818181818182,60,78,18
127,sealed_evaluation:random-32-32-20:s2:r4,random,random-32-32-20.map,validation,random-32-32-20-random-2.scen,2,3,4,4,1,6,16,12,21,305300,306800,304100,503800,320400,444700,306400,306000,306600,22,75,52,0,23,0,0,53,0,0,0,0,0,0,53,31,31,889600,1153000,1500700,1500100,895500,889900,920300,1153900,1036650,21,73,51,0,22,0,0,52,0,0,52,1664,1696,0,52,31,31,604300,656400,618100,626500,602500,607400,617700,1185000,617900,21,73,51,0,43,0,21,52,0,0,22,704,736,0,52,31,31,660000,654100,658100,1085300,658900,658100,668800,703300,659450,21,73,51,0,63,0,41,52,22,21,0,676,708,0,52,31,31,1.0672438905971839,0.065079522204959869,28,0.039772727272727272,28,0.038043478260869568,1,0.047619047619047616,116,156,40
128,sealed_evaluation:random-32-32-20:s2:r5,random,random-32-32-20.map,validation,random-32-32-20-random-2.scen,2,4,5,2,23,30,31,30,10,211500,149000,147500,146800,236100,374800,388900,288200,223800,10,34,23,0,11,0,0,24,0,0,0,0,0,0,24,14,14,680000,429700,425900,556700,495000,849100,1150300,794900,618350,10,34,23,0,11,0,0,24,0,0,24,768,800,0,24,14,14,507000,317000,320500,633700,333200,655200,836500,563300,535150,10,34,23,0,22,0,11,24,0,0,12,384,416,0,24,14,14,331400,324300,326900,326600,591400,706500,544500,672800,437950,10,34,23,0,31,0,20,24,12,10,0,328,360,0,24,14,14,0.81836868167803423,-0.2004423328212866,56,0.14583333333333334,56,0.13461538461538461,2,0.18181818181818182,57,75,18
129,sealed_evaluation:random-32-32-20:s2:r6,random,random-32-32-20.map,validation,random-32-32-20-random-2.scen,2,5,6,1,16,28,20,23,9,121400,121600,121700,127200,121900,217000,214700,135000,124550,9,28,17,0,10,0,0,18,0,0,0,0,0,0,18,9,9,333900,362600,332500,332700,341500,334400,468000,371400,337950,9,28,17,0,10,0,0,18,0,0,18,576,608,0,18,9,9,484100,252600,251100,250200,249200,249900,481400,293000,251850,9,28,17,0,18,0,8,18,0,0,9,288,320,0,18,9,9,344500,283200,276400,273600,279500,372700,552700,321300,302250,9,28,17,0,26,0,16,18,9,9,0,288,320,0,18,9,9,1.2001191185229303,0.18242081730324253,0,0,0,0,0,0,44,60,16
130,sealed_evaluation:random-32-32-20:s2:r7,random,random-32-32-20.map,validation,random-32-32-20-random-2.scen,2,6,7,1,3,12,3,15,5,122500,77200,77200,96200,95400,85000,85200,84100,85100,5,14,10,0,6,0,0,11,0,0,0,0,0,0,11,6,6,212200,208200,207400,241800,244500,222200,223100,222400,222300,5,14,10,0,6,0,0,11,0,0,11,352,384,0,11,6,6,176600,175500,177100,209200,207000,189100,193800,188900,189000,5,14,10,0,12,0,6,11,0,0,7,224,256,0,11,6,6,171500,170900,281800,323700,185500,185200,186800,191900,186150,5,14,10,0,16,0,10,11,7,5,0,168,200,0,11,6,6,0.98492063492063497,-0.015194214740916418,56,0.25,56,0.21875,2,0.33333333333333331,29,37,8
131,sealed_evaluation:random-32-32-20:s2:r8,random,random-32-32-20.map,validation,random-32-32-20-random-2.scen,2,7,8,4,16,11,26,22,21,1214900,712100,701700,1191400,765200,702500,940300,1474500,852750,69,213,115,0,70,0,0,101,0,0,0,0,0,15,101,47,32,1284200,960700,1237900,1667600,974200,958000,1719600,1003400,1120650,28,88,54,0,29,0,0,53,0,0,53,1696,1728,2,53,27,25,1125200,840200,821100,1326400,816000,818300,816800,810500,819700,28,88,54,0,62,0,33,53,0,0,34,1088,1120,2,53,27,25,911100,898300,891900,1687200,901400,915400,1266800,1450800,913250,28,88,54,0,94,0,65,53,34,33,0,1060,1092,2,53,27,25,1.114127119677931,0.10807124601640695,28,0.025735294117647058,28,0.025000000000000001,1,0.030303030303030304,150,214,64
132,sealed_evaluation:random-32-32-20:s2:r9,random,random-32-32-20.map,validation,random-32-32-20-random-2.scen,2,8,9,3,16,3,2,5,16,225600,404800,470000,371800,433900,224300,226100,405900,388300,16,56,39,0,17,0,0,40,0,0,0,0,0,0,40,24,24,690400,685800,1443800,1199300,759300,721500,689300,1068900,740400,16,56,39,0,17,0,0,40,0,0,40,1280,1312,0,40,24,24,447900,447300,800900,684500,463700,517700,441700,735800,490700,16,56,39,0,32,0,15,40,0,0,16,512,544,0,40,24,24,490800,629000,831100,887400,491000,497600,491100,604100,550850,16,56,39,0,47,0,30,40,16,16,0,512,544,0,40,24,24,1.1225799877725697,0.11562959669021616,0,0,0,0,0,0,87,117,30
133,sealed_evaluation:random-32-32-20:s2:r10,random,random-32-32-20.map,validation,random-32-32-20-random-2.scen,2,9,10,9,30,2,1,18,47,719800,762300,720400,1003900,710400,734300,748000,722500,728400,61,190,116,0,62,0,0,115,0,0,0,0,0,2,115,56,54,1812200,2453300,2331200,1892800,1795300,1906500,1804300,3265700,1899650,47,160,103,0,48,0,0,104,0,0,104,3328,3360,0,104,57,57,1932900,1511500,1388400,1372300,1375100,2833500,1384200,2773100,1449950,47,160,103,0,103,0,55,104,0,0,56,1792,1824,0,104,57,57,2190100,1517100,1474200,2334100,1424500,2268800,1436900,1436200,1495650,47,160,103,0,149,0,101,104,56,47,0,1540,1572,0,104,57,57,1.0315183282182143,0.031031821881456114,252,0.140625,252,0.13815789473684212,9,0.16363636363636364,262,354,92
134,sealed_evaluation:random-32-32-20:s2:r11,random,random-32-32-20.map,validation,random-32-32-20-random-2.scen,2,10,11,1,22,13,26,11,6,97500,97000,95500,96200,95700,96000,95500,95100,95850,6,22,15,0,7,0,0,16,0,0,0,0,0,0,16,10,10,285100,285300,284500,289300,285400,285000,284900,288100,285200,6,22,15,0,7,0,0,16,0,0,16,512,544,0,16,10,10,185700,183300,183600,183100,182700,183100,183300,330000,183300,6,22,15,0,12,0,5,16,0,0,6,192,224,0,16,10,10,199400,200000,199100,198400,199300,198100,198300,198400,198750,6,22,15,0,17,0,10,16,6,6,0,192,224,0,16,10,10,1.0842880523731588,0.080923598688782031,0,0,0,0,0,0,33,43,10
135,sealed_evaluation:random-32-32-20:s2:r12,random,random-32-32-20.map,validation,random-32-32-20-random-2.scen,2,11,12,5,10,25,2,6,27,430900,561100,669600,678200,402000,462300,645400,911000,603250,31,101,68,0,32,0,0,69,0,0,0,0,0,0,69,38,38,1085400,1088300,2007900,1626600,1090400,2277600,1453100,1797100,1539850,27,90,61,0,28,0,0,62,0,0,62,1984,2016,0,62,35,35,883700,750700,768800,765800,747800,2419100,1576000,818100,793450,27,90,61,0,55,0,27,62,0,0,28,896,928,0,62,35,35,845200,916300,929900,1158000,838500,3264500,1242900,1175500,1043950,27,90,61,0,82,0,54,62,28,28,0,896,928,0,62,35,35,1.3157098745982734,0.27437634856653326,0,0,0,0,0,0,144,198,54
136,sealed_evaluation:random-32-32-20:s2:r13,random,random-32-32-20.map,validation,random-32-32-20-random-2.scen,2,12,13,2,25,30,31,22,14,441600,436600,358800,434200,401500,338000,321100,440300,417850,18,59,38,0,19,0,0,39,0,0,0,0,0,0,39,21,21,1312000,900800,1080100,1300600,1080200,1258700,1003500,969700,1080150,14,50,35,0,15,0,0,36,0,0,36,1152,1184,0,36,22,22,924500,831600,863400,874700,795500,748600,935900,505400,847500,14,50,35,0,31,0,16,36,0,0,17,544,576,0,36,22,22,948600,910000,837800,1052500,901400,1039600,807700,1000700,929300,14,50,35,0,47,0,32,36,17,17,0,544,576,0,36,22,22,1.0965191740412978,0.092140775308688222,0,0,0,0,0,0,83,115,32
137,sealed_evaluation:random-32-32-20:s2:r14,random,random-32-32-20.map,validation,random-32-32-20-random-2.scen,2,13,14,6,28,8,10,11,27,599200,888700,588300,587000,1001700,593400,1046300,563700,596300,56,175,90,0,57,0,0,90,0,0,0,0,0,1,90,35,34,1348000,2166100,1343700,1467900,1699100,1375500,1859000,1214300,1421700,41,129,77,0,42,0,0,75,0,0,75,2400,2432,3,75,37,34,1328200,2374200,1358700,2361500,1976900,1319300,1508400,1203600,1433550,41,129,77,0,103,0,61,75,0,0,62,1984,2016,3,75,37,34,1516600,1834600,1507200,1499300,1551100,1496700,2644900,1548200,1532400,41,129,77,0,164,0,122,75,62,62,0,1984,2016,3,75,37,34,1.06895469289526,0.066681248446195551,0,0,0,0,0,0,242,364,122
138,sealed_evaluation:random-32-32-20:s2:r15,random,random-32-32-20.map,validation,random-32-32-20-random-2.scen,2,14,15,4,18,10,31,4,21,865000,579700,557800,558600,609800,1085800,713200,588700,599250,55,173,92,0,56,0,0,77,0,0,0,0,0,16,77,38,22,1445600,883400,829900,830700,1146700,1554900,840300,868100,875750,21,68,46,0,22,0,0,47,0,0,47,1504,1536,0,47,26,26,1865300,661400,641500,642900,1059100,1076000,782400,681600,732000,21,68,46,0,47,0,25,47,0,0,26,832,864,0,47,26,26,789100,679400,656000,665000,939100,1330600,855700,685600,737350,21,68,46,0,67,0,45,47,26,21,0,692,724,0,47,26,26,1.007308743169399,0.0072821637356383744,140,0.16826923076923078,140,0.16203703703703703,5,0.20000000000000001,119,159,40
139,sealed_evaluation:random-32-32-20:s2:r16,random,random-32-32-20.map,validation,random-32-32-20-random-2.scen,2,15,16,6,10,10,31,11,28,811000,1082500,952700,795500,792800,917400,800000,1075800,864200,78,252,127,0,81,2,0,117,0,0,0,0,0,11,117,48,39,1099600,1096100,1114300,1108100,1101700,2323700,1111800,1295000,1109950,30,95,61,0,31,0,0,62,0,0,62,1984,2016,0,62,32,32,1015500,1009000,2334600,1018900,1016300,2370400,1058200,1818100,1038550,30,95,61,0,76,0,45,62,0,0,46,1472,1504,0,62,32,32,1140200,1131600,1363400,1150500,1585900,1426400,1149600,1146600,1150050,30,95,61,0,121,0,90,62,46,46,0,1472,1504,0,62,32,32,1.1073612247845555,0.10197991015089578,0,0,0,0,0,0,183,273,90
140,sealed_evaluation:random-32-32-20:s2:r17,random,random-32-32-20.map,validation,random-32-32-20-random-2.scen,2,16,17,2,1,21,10,23,13,414500,240600,458000,272900,495600,267200,263700,256400,270050,21,69,42,0,23,1,0,40,0,0,0,0,0,3,40,21,19,766700,526000,1022800,865200,970800,685600,588700,587600,726150,16,51,32,0,17,0,0,33,0,0,33,1056,1088,0,33,17,17,538100,420700,430200,873700,780200,466000,471400,466800,469100,16,51,32,0,35,0,18,33,0,0,19,608,640,0,33,17,17,652800,474200,476500,537600,832700,524300,518000,527100,525700,16,51,32,0,53,0,36,33,19,19,0,608,640,0,33,17,17,1.1206565764229375,0.11391474249098997,0,0,0,0,0,0,86,122,36
141,sealed_evaluation:random-32-32-20:s2:r18,random,random-32-32-20.map,validation,random-32-32-20-random-2.scen,2,17,18,9,0,4,21,27,44,1280800,1184700,1635800,2353900,1257400,1268600,2098600,1257000,1274700,121,371,206,0,122,0,0,183,0,0,0,0,0,24,183,86,62,2590900,2572100,2015700,3868700,2054600,2065600,2868200,2027000,2318850,57,187,119,0,58,0,0,116,0,0,116,3712,3744,4,116,63,59,1789500,2618800,1525000,1700200,3039700,2100400,1691900,1675800,1744850,57,187,119,0,128,0,70,116,0,0,71,2272,2304,4,116,63,59,1615700,1620100,2212900,4113700,2564200,1770700,2394600,1766400,1991800,57,187,119,0,187,0,129,116,71,60,0,1964,1996,4,116,63,59,1.1415307906123735,0.13237016044116109,308,0.13556338028169015,308,0.13368055555555555,11,0.15714285714285714,318,436,118
142,sealed_evaluation:random-32-32-20:s2:r19,random,random-32-32-20.map,validation,random-32-32-20-random-2.scen,2,18,19,4,5,23,9,8,19,502900,278900,275200,648400,352600,274300,273200,273700,277050,19,68,48,0,20,0,0,49,0,0,0,0,0,0,49,30,30,1732200,843700,907700,1470100,1320800,1035900,843000,840300,971800,19,68,48,0,20,0,0,49,0,0,49,1568,1600,0,49,30,30,1654700,541200,537600,1172000,618700,547100,541200,672300,582900,19,68,48,0,38,0,18,49,0,0,19,608,640,0,49,30,30,1675600,595300,595300,1016500,788400,595700,601000,598100,599550,19,68,48,0,56,0,36,49,19,19,0,608,640,0,49,30,30,1.0285640761708699,0.028163728773938201,0,0,0,0,0,0,105,141,36
143,sealed_evaluation:random-32-32-20:s2:r20,random,random-32-32-20.map,validation,random-32-32-20-random-2.scen,2,19,20,0,28,14,29,15,2,52000,52100,52100,51300,67900,87600,94900,101100,60000,2,8,7,0,3,0,0,8,0,0,0,0,0,0,8,6,6,160400,158500,215200,432400,135700,128300,279200,280700,187800,2,8,7,0,3,0,0,8,0,0,8,256,288,0,8,6,6,88600,88400,88800,100500,79400,72100,179600,163900,88700,2,8,7,0,4,0,1,8,0,0,2,64,96,0,8,6,6,92800,92200,91900,95300,77000,93000,176500,174800,92900,2,8,7,0,5,0,2,8,2,2,0,64,96,0,8,6,6,1.0473506200676437,0.046263756504258964,0,0,0,0,0,0,13,15,2
144,sealed_evaluation:random-32-32-20:s2:r21,random,random-32-32-20.map,validation,random-32-32-20-random-2.scen,2,20,21,3,16,23,24,15,16,429000,473000,382800,409100,277600,277500,274900,322900,352850,25,76,46,0,26,0,0,47,0,0,0,0,0,0,47,22,22,722400,775900,796400,805400,572500,535200,534700,642700,682550,16,51,32,0,17,0,0,33,0,0,33,1056,1088,0,33,17,17,461200,846000,907200,416600,407700,408800,409200,698700,438900,16,51,32,0,33,0,16,33,0,0,17,544,576,0,33,17,17,513100,856800,663400,673500,458400,453100,460500,462900,488000,16,51,32,0,49,0,32,33,17,17,0,544,576,0,33,17,17,1.1118705855547961,0.10604380915895889,0,0,0,0,0,0,82,114,32
145,sealed_evaluation:random-32-32-20:s2:r22,random,random-32-32-20.map,validation,random-32-32-20-random-2.scen,2,21,22,3,11,22,0,23,14,410100,223200,222500,225100,382900,225400,224200,222800,224650,17,60,36,0,18,0,0,37,0,0,0,0,0,0,37,20,20,1132900,832000,612200,839200,1039000,633400,616800,613500,732700,15,50,34,0,16,0,0,35,0,0,35,1120,1152,0,35,20,20,806500,640300,481900,1086400,876700,486400,490900,487800,565600,15,50,34,0,35,0,19,35,0,0,20,640,672,0,35,20,20,711800,589100,541800,535900,757200,539100,539300,542900,542350,15,50,34,0,54,0,38,35,20,20,0,640,672,0,35,20,20,0.9588932107496464,-0.041975565096136452,0,0,0,0,0,0,89,127,38
146,sealed_evaluation:random-32-32-20:s2:r23,random,random-32-32-20.map,validation,random-32-32-20-random-2.scen,2,22,23,7,24,28,13,3,36,935700,523700,545700,506100,871900,502900,509000,945300,534700,41,130,83,0,42,0,0,84,0,0,0,0,0,0,84,43,43,2284400,2841800,1388500,1707200,1596100,1415200,1658300,2783200,1682750,36,119,79,0,37,0,0,80,0,0,80,2560,2592,0,80,44,44,1393800,1660600,1033400,1239400,1319200,1014000,1020800,1808300,1279300,36,119,79,0,76,0,39,80,0,0,40,1280,1312,0,80,44,44,1416500,1141100,1103100,1095600,1128400,1089100,1090300,1319300,1115750,36,119,79,0,111,0,74,80,40,36,0,1168,1200,0,80,44,44,0.87215664816696636,-0.13678622881360994,112,0.087499999999999994,112,0.085365853658536592,4,0.10256410256410256,195,265,70
147,sealed_evaluation:random-32-32-20:s2:r24,random,random-32-32-20.map,validation,random-32-32-20-random-2.scen,2,23,24,1,26,6,26,9,5,87800,94100,86700,88900,90300,133800,86900,86100,88350,6,18,12,0,7,0,0,13,0,0,0,0,0,0,13,7,7,236100,218500,224700,221400,223200,238300,234300,222800,223950,5,15,11,0,6,0,0,12,0,0,12,384,416,0,12,7,7,211200,163300,163400,164000,163500,255600,181700,242800,172850,5,15,11,0,11,0,5,12,0,0,6,192,224,0,12,7,7,181800,166300,166800,227700,168000,254200,167800,175000,171500,5,15,11,0,15,0,9,12,6,5,0,164,196,0,12,7,7,0.99218975990743419,-0.0078408997616389378,28,0.14583333333333334,28,0.125,1,0.20000000000000001,28,36,8
148,sealed_evaluation:random-32-32-20:s2:r25,random,random-32-32-20.map,validation,random-32-32-20-random-2.scen,2,24,25,8,25,6,5,26,40,614100,617000,708300,642100,1063000,625400,691600,609900,633750,46,162,110,0,47,0,0,108,0,0,0,0,0,3,108,65,62,2224000,4522500,3268900,1787000,1775400,3037700,1880900,2799400,2511700,40,143,102,0,41,0,0,103,0,0,103,3296,3328,0,103,63,63,2049500,1755200,1275100,1212200,1226400,2138800,1246300,2255100,1515150,40,143,102,0,86,0,45,103,0,0,46,1472,1504,0,103,63,63,2422800,1821800,1298600,1978500,1288100,1320600,1506400,1314100,1413500,40,143,102,0,126,0,85,103,46,41,0,1332,1364,0,103,63,63,0.93291093291093297,-0.069445545809657783,140,0.095108695652173919,140,0.093085106382978719,5,0.1111111111111111,234,314,80
149,sealed_evaluation:random-32-32-20:s2:r26,random,random-32-32-20.map,validation,random-32-32-20-random-2.scen,2,25,26,4,4,27,1,16,18,1382800,594200,1017200,597500,737600,578100,959700,957300,847450,59,195,91,0,66,6,0,75,0,0,0,0,0,17,75,27,18,743600,717900,1277600,719800,752200,717400,1220300,773100,747900,18,58,39,0,19,0,0,40,0,0,40,1280,1312,0,40,22,22,697000,704800,1142200,923300,702500,703200,708100,821700,706450,18,58,39,0,51,0,32,40,0,0,33,1056,1088,0,40,22,22,681600,659100,1295000,702000,660500,686800,759100,1141700,694400,18,58,39,0,73,0,54,40,33,23,0,776,808,0,40,22,22,0.9829428834312407,-0.01720426486567642,280,0.26515151515151514,280,0.25735294117647056,10,0.3125,123,167,44
150,sealed_evaluation:random-32-32-20:s3:r2,random,random-32-32-20.map,validation,random-32-32-20-random-3.scen,3,1,2,4,18,22,21,9,18,234800,235600,366100,342300,789200,236200,236000,278000,257100,18,54,36,0,19,0,0,37,0,0,0,0,0,0,37,19,19,673200,671700,1251900,1234300,2704900,674300,758800,1201100,979950,18,54,36,0,19,0,0,37,0,0,37,1184,1216,0,37,19,19,487300,490700,494100,580700,1486800,489300,490600,880600,492400,18,54,36,0,36,0,17,37,0,0,18,576,608,0,37,19,19,543700,538800,537900,940300,544900,539800,541200,854200,542450,18,54,36,0,53,0,34,37,18,18,0,576,608,0,37,19,19,1.1016450040617385,0.096804520958161291,0,0,0,0,0,0,90,124,34
151,sealed_evaluation:random-32-32-20:s3:r3,random,random-32-32-20.map,validation,random-32-32-20-random-3.scen,3,2,3,5,19,11,4,20,24,330200,461000,455500,352900,367300,417000,949100,389900,403450,26,87,59,0,27,0,0,60,0,0,0,0,0,0,60,34,34,892500,938500,1017900,997000,994800,1066700,1750400,1132000,1007450,24,81,55,0,25,0,0,56,0,0,56,1792,1824,0,56,32,32,616700,701700,717400,708600,677700,682600,680900,745900,692150,24,81,55,0,49,0,24,56,0,0,25,800,832,0,56,32,32,679500,1105600,747900,768000,743500,747200,1290600,947200,757950,24,81,55,0,72,0,47,56,25,24,0,772,804,0,56,32,32,1.0950660983890774,0.090814725272283223,28,0.035000000000000003,28,0.033653846153846152,1,0.041666666666666664,129,175,46
152,sealed_evaluation:random-32-32-20:s3:r4,random,random-32-32-20.map,validation,random-32-32-20-random-3.scen,3,3,4,8,2,21,25,3,41,2717900,756400,744900,750300,1346900,760900,920000,778400,769650,65,215,126,0,66,0,0,120,0,0,0,0,0,7,120,62,55,5254400,1927300,1601700,3632000,1669900,1576300,1601000,1578000,1635800,41,137,89,0,42,0,0,90,0,0,90,2880,2912,0,90,49,49,2863000,1383400,1178100,2340100,1214100,1176500,1782200,1169700,1298750,41,137,89,0,87,0,45,90,0,0,46,1472,1504,0,90,49,49,2955700,1266600,1256600,1253200,1246400,1468900,1435100,1251100,1261600,41,137,89,0,127,0,85,90,46,41,0,1332,1364,0,90,49,49,0.97139557266602505,-0.02902150676460849,140,0.095108695652173919,140,0.093085106382978719,5,0.1111111111111111,222,302,80
153,sealed_evaluation:random-32-32-20:s3:r5,random,random-32-32-20.map,validation,random-32-32-20-random-3.scen,3,4,5,5,24,11,26,26,23,1252900,928100,1279100,679100,695200,849400,1393200,1278600,1090500,71,225,100,0,76,4,0,96,0,0,0,0,0,5,96,26,25,3451500,965600,854200,833000,1006600,2465300,2207800,1349600,1178100,23,72,45,0,24,0,0,46,0,0,46,1472,1504,0,46,23,23,1934800,893600,1204700,854500,2658100,2625000,1722800,879200,1463750,23,72,45,0,64,0,40,46,0,0,41,1312,1344,0,46,23,23,1846100,914800,1539700,913500,2734100,1478100,1998500,2364300,1692900,23,72,45,0,99,0,75,46,41,36,0,1172,1204,0,46,23,23,1.1565499573014517,0.14544139873127696,140,0.10670731707317073,140,0.10416666666666667,5,0.125,150,220,70
154,sealed_evaluation:random-32-32-20:s3:r6,random,random-32-32-20.map,validation,random-32-32-20-random-3.scen,3,5,6,5,25,14,11,3,25,636900,490000,485400,480200,872700,491700,481800,483800,487700,42,139,84,0,43,0,0,75,0,0,0,0,0,10,75,43,33,1823800,1541800,993000,1031300,1609100,1565500,994200,985700,1286550,25,82,56,0,26,0,0,57,0,0,57,1824,1856,0,57,32,32,984900,1119300,775800,878000,860200,782100,776500,1169200,869100,25,82,56,0,57,0,31,57,0,0,32,1024,1056,0,57,32,32,1396400,869900,864100,853800,1390200,863000,847500,863600,863850,25,82,56,0,87,0,61,57,32,31,0,996,1028,0,57,32,32,0.99395926820849156,-0.0060590508226233131,28,0.02734375,28,0.026515151515151516,1,0.032258064516129031,145,205,60
155,sealed_evaluation:random-32-32-20:s3:r7,random,random-32-32-20.map,validation,random-32-32-20-random-3.scen,3,6,7,4,12,24,1,29,18,598200,646900,576900,794500,1004900,585900,587600,677700,622550,59,192,94,0,60,0,0,80,0,0,0,0,0,15,80,36,25,795400,781700,925200,1351500,926600,789600,804200,1779800,864700,18,62,44,0,19,0,0,45,0,0,45,1440,1472,0,45,27,27,826600,825000,837600,1857600,829900,828900,822800,2818300,829400,18,62,44,0,59,0,40,45,0,0,41,1312,1344,0,45,27,27,676100,666600,660100,1052300,672500,673100,657900,1069500,672800,18,62,44,0,76,0,57,45,41,18,0,668,700,0,45,27,27,0.81118881118881114,-0.20925443915354269,644,0.49085365853658536,644,0.47916666666666669,23,0.57499999999999996,144,178,34
156,sealed_evaluation:random-32-32-20:s3:r8,random,random-32-32-20.map,validation,random-32-32-20-random-3.scen,3,7,8,5,8,4,3,24,25,660500,654300,643400,644000,1456000,654300,644700,938000,654300,59,199,111,0,60,0,0,96,0,0,0,0,0,16,96,53,37,1351300,1365600,1040300,1040200,1854300,1055500,1053300,1818600,1203400,25,86,59,0,26,0,0,60,0,0,60,1920,1952,0,60,35,35,1779900,860200,860100,863200,1436400,863800,861700,1510700,863500,25,86,59,0,62,0,36,60,0,0,37,1184,1216,0,60,35,35,1473000,825900,821000,819000,835200,825300,823900,826900,825600,25,86,59,0,86,0,60,60,37,25,0,848,880,0,60,35,35,0.9561088592935727,-0.044883502859434973,336,0.28378378378378377,336,0.27631578947368424,12,0.33333333333333331,158,206,48
157,sealed_evaluation:random-32-32-20:s3:r9,random,random-32-32-20.map,validation,random-32-32-20-random-3.scen,3,8,9,2,21,4,22,12,11,187800,187300,187900,185800,186000,396500,208300,199400,187850,14,45,30,0,15,0,0,31,0,0,0,0,0,0,31,17,17,481200,478900,481700,478500,485000,1884200,503900,511600,483350,13,42,26,0,14,0,0,27,0,0,27,864,896,0,27,14,14,377000,379200,384400,377000,806300,967600,658500,536200,460300,13,42,26,0,28,0,14,27,0,0,15,480,512,0,27,14,14,422000,422300,418800,421400,506200,1126200,715200,481500,451900,13,42,26,0,42,0,28,27,15,15,0,480,512,0,27,14,14,0.98175103193569413,-0.018417534405961736,0,0,0,0,0,0,69,97,28
158,sealed_evaluation:random-32-32-20:s3:r10,random,random-32-32-20.map,validation,random-32-32-20-random-3.scen,3,9,10,3,22,0,27,11,16,277500,443300,437800,275100,276500,477900,669400,745600,440550,24,69,42,0,25,0,0,41,0,0,0,0,0,2,41,19,17,619600,629500,725100,612600,614100,610500,2520400,1363900,624550,16,49,34,0,17,0,0,35,0,0,35,1120,1152,0,35,19,19,765600,686500,869500,507500,511900,511000,952200,694000,690250,16,49,34,0,38,0,21,35,0,0,22,704,736,0,35,19,19,708300,1021500,863700,518900,504700,504500,1305500,1769800,786000,16,49,34,0,53,0,36,35,22,16,0,536,568,0,35,19,19,1.1387178558493301,0.12990294161894281,168,0.23863636363636365,168,0.22826086956521738,6,0.2857142857142857,94,124,30
159,sealed_evaluation:random-32-32-20:s3:r11,random,random-32-32-20.map,validation,random-32-32-20-random-3.scen,3,10,11,4,1,14,16,12,17,316800,404800,319500,311400,303500,500500,393900,506300,356700,25,79,50,0,26,0,0,48,0,0,0,0,0,3,48,26,23,721600,694900,712400,706900,698600,1122900,1004200,1121300,717000,17,55,39,0,18,0,0,40,0,0,40,1280,1312,0,40,23,23,580700,961300,703700,579300,576000,967600,792000,755300,729500,17,55,39,0,42,0,24,40,0,0,25,800,832,0,40,23,23,647900,758100,750600,818100,1125800,1056000,1218500,1181300,937050,17,55,39,0,66,0,48,40,25,25,0,800,832,0,40,23,23,1.2845099383139136,0.25037727464484821,0,0,0,0,0,0,106,154,48
160,sealed_evaluation:random-32-32-20:s3:r12,random,random-32-32-20.map,validation,random-32-32-20-random-3.scen,3,11,12,6,4,27,13,7,29,926100,815600,924400,769000,754100,813000,732000,772500,792750,29,103,72,0,30,0,0,73,0,0,0,0,0,0,73,44,44,2559300,2543200,2801300,2328100,2416900,2522600,3163200,2397500,2532900,29,103,72,0,30,0,0,73,0,0,73,2336,2368,0,73,44,44,1747600,1616200,1896500,1527300,1600800,1598800,1624400,1569200,1608500,29,103,72,0,58,0,28,73,0,0,29,928,960,0,73,44,44,1972300,1795300,1848000,1812000,1940400,1789400,1840000,1718100,1826000,29,103,72,0,86,0,56,73,29,29,0,928,960,0,73,44,44,1.1352191482747902,0.12682571447583277,0,0,0,0,0,0,159,215,56
161,sealed_evaluation:random-32-32-20:s3:r13,random,random-32-32-20.map,validation,random-32-32-20-random-3.scen,3,12,13,2,18,25,12,23,10,493200,372700,367500,356700,349400,355100,396600,388100,370100,15,50,31,0,16,0,0,32,0,0,0,0,0,0,32,17,17,856400,822600,801900,801500,795500,1086000,898700,877200,839500,10,35,24,0,11,0,0,25,0,0,25,800,832,0,25,15,15,734000,602100,605300,609600,602200,571900,584000,637100,603750,10,35,24,0,23,0,12,25,0,0,13,416,448,0,25,15,15,616000,608300,604200,599100,683100,574200,753700,665300,612150,10,35,24,0,32,0,21,25,13,10,0,332,364,0,25,15,15,1.0139130434782608,0.013817145553141903,84,0.20192307692307693,84,0.1875,3,0.25,60,78,18
162,sealed_evaluation:random-32-32-20:s3:r14,random,random-32-32-20.map,validation,random-32-32-20-random-3.scen,3,13,14,2,25,17,20,19,13,494200,502700,486700,494400,650300,503400,432100,311400,494300,23,68,36,0,24,0,0,37,0,0,0,0,0,0,37,14,14,1363700,1091800,952800,955300,1042900,966500,657000,631900,960900,13,39,26,0,14,0,0,27,0,0,27,864,896,0,27,14,14,1273100,808000,786700,774200,760400,851400,763400,549200,780450,13,39,26,0,29,0,15,27,0,0,16,512,544,0,27,14,14,924200,870600,866600,860700,875800,873700,860400,599800,868600,13,39,26,0,44,0,30,27,16,16,0,512,544,0,27,14,14,1.1129476584022038,0.10701204369629921,0,0,0,0,0,0,71,101,30
163,sealed_evaluation:random-32-32-20:s3:r15,random,random-32-32-20.map,validation,random-32-32-20-random-3.scen,3,14,15,5,31,13,19,0,25,798900,846500,703200,422000,420500,431100,426600,429800,430450,36,101,56,0,37,0,0,56,0,0,0,0,0,1,56,21,20,1829000,1635500,1493500,910400,901700,933400,940700,899100,937050,25,71,44,0,26,0,0,45,0,0,45,1440,1472,0,45,20,20,1429900,1427800,1382300,761900,809600,1147200,784200,764500,978400,25,71,44,0,54,0,28,45,0,0,29,928,960,0,45,20,20,1461400,1581600,1427300,1045500,1239300,894900,1096700,803300,1168000,25,71,44,0,78,0,52,45,29,25,0,816,848,0,45,20,20,1.1937857726901062,0.1771295790152097,112,0.1206896551724138,112,0.11666666666666667,4,0.14285714285714285,127,175,48
164,sealed_evaluation:random-32-32-20:s3:r16,random,random-32-32-20.map,validation,random-32-32-20-random-3.scen,3,15,16,7,11,27,25,5,36,1018800,1246000,1485900,3155000,2348500,1800700,2738400,1210900,1643300,52,177,109,0,53,0,0,101,0,0,0,0,0,9,101,58,49,2488800,3353800,3314500,5754200,4026100,5644200,5315400,2051000,3689950,37,126,87,0,38,0,0,88,0,0,88,2816,2848,0,88,51,51,2503000,2974200,4848900,3515000,3516300,5656200,5057000,1341200,3515650,37,126,87,0,83,0,45,88,0,0,46,1472,1504,0,88,51,51,3184100,2212900,5429200,5663700,3906400,3627100,3106300,3848800,3737950,37,126,87,0,128,0,90,88,46,46,0,1472,1504,0,88,51,51,1.0632315503534198,0.061312902876362624,0,0,0,0,0,0,216,306,90
165,sealed_evaluation:random-32-32-20:s3:r17,random,random-32-32-20.map,validation,random-32-32-20-random-3.scen,3,16,17,1,27,13,22,9,9,164300,209600,176100,267800,277600,158700,176100,175000,176100,10,32,22,0,11,0,0,23,0,0,0,0,0,0,23,13,13,458700,452200,780000,810600,1780300,470500,484600,469700,477550,9,30,21,0,10,0,0,22,0,0,22,704,736,0,22,13,13,318000,299700,425200,538400,1042500,330500,342600,324200,336550,9,30,21,0,19,0,9,22,0,0,10,320,352,0,22,13,13,337900,326000,354300,591400,1021300,339500,359900,360000,357100,9,30,21,0,27,0,17,22,10,9,0,292,324,0,22,13,13,1.0610607636309612,0.059269128143680669,28,0.087499999999999994,28,0.079545454545454544,1,0.1111111111111111,50,66,16
166,sealed_evaluation:random-32-32-20:s3:r18,random,random-32-32-20.map,validation,random-32-32-20-random-3.scen,3,17,18,0,7,13,6,10,4,123800,380300,134300,379100,329200,140000,381200,160000,244600,4,15,12,0,5,0,0,13,0,0,0,0,0,0,13,9,9,406000,381300,1223000,896600,1102400,1048700,624100,881000,888800,4,15,12,0,5,0,0,13,0,0,13,416,448,0,13,9,9,239600,233200,599200,627900,442800,693900,725600,644600,613550,4,15,12,0,8,0,3,13,0,0,4,128,160,0,13,9,9,530800,655600,759100,795500,662300,463700,767900,237700,658950,4,15,12,0,11,0,6,13,4,4,0,128,160,0,13,9,9,1.0739955993806536,0.071385898667341463,0,0,0,0,0,0,24,30,6
167,sealed_evaluation:random-32-32-20:s3:r19,random,random-32-32-20.map,validation,random-32-32-20-random-3.scen,3,18,19,0,16,27,15,25,3,236600,191700,185800,177300,63300,62900,63400,127900,152600,3,11,8,0,4,0,0,9,0,0,0,0,0,0,9,6,6,760400,943500,530300,523400,208300,426000,314000,349000,474700,3,11,8,0,4,0,0,9,0,0,9,288,320,0,9,6,6,537900,240200,365400,228400,188000,248700,133100,208900,234300,3,11,8,0,6,0,2,9,0,0,3,96,128,0,9,6,6,591800,312700,363700,392300,299600,271900,122200,205000,306150,3,11,8,0,8,0,4,9,3,3,0,96,128,0,9,6,6,1.3066581306017926,0.26747283241021352,0,0,0,0,0,0,17,21,4
168,sealed_evaluation:random-32-32-20:s3:r20,random,random-32-32-20.map,validation,random-32-32-20-random-3.scen,3,19,20,4,9,24,7,6,20,706800,911900,648600,532900,374400,534200,421100,530200,533550,20,70,49,0,21,0,0,50,0,0,0,0,0,0,50,30,30,1656300,2717100,1792700,1370000,1119500,1074200,1236800,1312700,1341350,20,70,49,0,21,0,0,50,0,0,50,1600,1632,0,50,30,30,916900,1608700,853000,742600,717000,915400,1152100,718500,884200,20,70,49,0,40,0,19,50,0,0,20,640,672,0,50,30,30,1063800,1916600,827600,1137900,810100,906400,1255100,852700,985100,20,70,49,0,59,0,38,50,20,20,0,640,672,0,50,30,30,1.114114453743497,0.10805987746949071,0,0,0,0,0,0,109,147,38
169,sealed_evaluation:random-32-32-20:s3:r21,random,random-32-32-20.map,validation,random-32-32-20-random-3.scen,3,20,21,4,17,8,10,20,21,517500,501400,499900,732200,867900,505300,625300,604700,561100,30,105,66,0,31,0,0,62,0,0,0,0,0,5,62,37,32,1474600,1234800,1798400,2038800,1362500,1314100,1458900,1891300,1466750,21,73,52,0,22,0,0,53,0,0,53,1696,1728,0,53,32,32,1085500,1328900,1101800,1404800,1022200,1031800,1146200,1288000,1124000,21,73,52,0,51,0,29,53,0,0,30,960,992,0,53,32,32,933400,1027300,1553800,1573200,1695900,1120000,1345300,1076500,1232650,21,73,52,0,80,0,58,53,30,30,0,960,992,0,53,32,32,1.0966637010676157,0.092272571911850981,0,0,0,0,0,0,133,191,58
170,sealed_evaluation:random-32-32-20:s3:r22,random,random-32-32-20.map,validation,random-32-32-20-random-3.scen,3,21,22,3,17,6,5,8,16,462600,385600,366900,676300,698800,707300,379000,370900,424100,32,112,56,0,33,0,0,53,0,0,0,0,0,4,53,25,21,794600,1024900,681300,1309300,1256000,1335600,687900,677600,909750,16,55,38,0,17,0,0,39,0,0,39,1248,1280,0,39,23,23,674300,1089600,721300,1317800,1317500,1283000,1193600,672600,1141600,16,55,38,0,49,0,32,39,0,0,33,1056,1088,0,39,23,23,626200,1197900,656900,1080800,1187100,1216800,712700,635200,896750,16,55,38,0,69,0,52,39,33,21,0,720,752,0,39,23,23,0.78552032235459002,-0.24140894975023475,336,0.31818181818181818,336,0.30882352941176472,12,0.375,120,160,40
171,sealed_evaluation:random-32-32-20:s3:r23,random,random-32-32-20.map,validation,random-32-32-20-random-3.scen,3,22,23,4,9,15,14,30,20,298000,487500,549100,497300,561000,1300400,523500,480700,510400,20,69,49,0,21,0,0,50,0,0,0,0,0,0,50,30,30,893900,857000,1578500,1542500,1723500,4298600,1577100,1535100,1559800,20,69,49,0,21,0,0,50,0,0,50,1600,1632,0,50,30,30,583300,889400,1045800,1099200,1407900,2959800,1250400,1069700,1084450,20,69,49,0,40,0,19,50,0,0,20,640,672,0,50,30,30,628100,1228500,1141300,1122700,1119400,2485500,1241400,1098000,1132000,20,69,49,0,59,0,38,50,20,20,0,640,672,0,50,30,30,1.0438471114389782,0.042913033754512005,0,0,0,0,0,0,109,147,38
172,sealed_evaluation:random-32-32-20:s3:r24,random,random-32-32-20.map,validation,random-32-32-20-random-3.scen,3,23,24,5,6,31,18,18,25,1160000,1166900,1445300,1776800,692300,653400,459200,444700,926150,25,79,51,0,26,0,0,52,0,0,0,0,0,0,52,27,27,3213300,1718900,4352200,2237900,2013500,1244800,1961500,1277200,1987500,25,79,51,0,26,0,0,52,0,0,52,1664,1696,0,52,27,27,2232100,2600400,2377700,1214700,1367200,877000,1027500,926100,1290950,25,79,51,0,50,0,24,52,0,0,25,800,832,0,52,27,27,1377700,2540300,2250600,4062100,1293900,1843400,1095700,1096100,1610550,25,79,51,0,74,0,48,52,25,25,0,800,832,0,52,27,27,1.2475696192726287,0.22119735411854946,0,0,0,0,0,0,126,174,48
173,sealed_evaluation:random-32-32-20:s3:r25,random,random-32-32-20.map,validation,random-32-32-20-random-3.scen,3,24,25,1,6,20,7,24,5,135300,178700,177500,176300,158900,178800,125200,125400,167600,6,19,14,0,7,0,0,15,0,0,0,0,0,0,15,9,9,313400,403200,467700,420600,420000,277700,302500,247700,358300,5,16,12,0,6,0,0,13,0,0,13,416,448,0,13,8,8,223800,318900,322600,275600,345800,222600,226400,190600,251000,5,16,12,0,11,0,5,13,0,0,6,192,224,0,13,8,8,239300,330000,336600,338400,239300,239900,229100,176100,239600,5,16,12,0,15,0,9,13,6,5,0,164,196,0,13,8,8,0.9545816733067729,-0.046482072890489605,28,0.14583333333333334,28,0.125,1,0.20000000000000001,29,37,8
174,sealed_evaluation:random-32-32-20:s3:r26,random,random-32-32-20.map,validation,random-32-32-20-random-3.scen,3,25,26,3,3,13,3,0,13,224800,377700,389600,455600,236700,278300,403000,413600,383650,13,45,33,0,14,0,0,34,0,0,0,0,0,0,34,21,21,716200,945100,1125100,758400,728500,749900,1270300,1096200,851750,13,45,33,0,14,0,0,34,0,0,34,1088,1120,0,34,21,21,464000,508800,720500,517800,460800,496900,809800,737100,513300,13,45,33,0,26,0,12,34,0,0,13,416,448,0,34,21,21,555400,820200,757700,1085900,538100,557600,890600,841900,788950,13,45,33,0,38,0,24,34,13,13,0,416,448,0,34,21,21,1.5370153906097799,0.42984247791542052,0,0,0,0,0,0,72,96,24
175,sealed_evaluation:random-32-32-20:s4:r2,random,random-32-32-20.map,validation,random-32-32-20-random-4.scen,4,1,2,8,31,1,10,22,42,1181500,1299600,809600,1150800,699800,782000,1531200,703300,980200,51,173,107,0,52,0,0,103,0,0,0,0,0,5,103,57,52,3982200,2080000,2272900,2973800,1695500,1617200,1825400,2115100,2097550,42,141,93,0,43,0,0,94,0,0,94,3008,3040,0,94,52,52,2336200,1896900,2230100,1627900,1252200,1248100,2390700,2289000,2063500,42,141,93,0,93,0,50,94,0,0,51,1632,1664,0,94,52,52,1769200,3561700,2085000,1569400,1406400,1737600,3926600,1554700,1753400,42,141,93,0,143,0,100,94,51,51,0,1632,1664,0,94,52,52,0.84972134722558756,-0.16284681003815132,0,0,0,0,0,0,237,337,100
176,sealed_evaluation:random-32-32-20:s4:r3,random,random-32-32-20.map,validation,random-32-32-20-random-4.scen,4,2,3,4,23,26,30,14,21,552600,544500,999000,2892000,1148300,606600,639300,612900,626100,53,157,81,0,55,1,0,80,0,0,0,0,0,2,80,28,27,750700,765400,955600,2679700,981800,1327400,907800,749600,931700,21,66,41,0,22,0,0,42,0,0,42,1344,1376,0,42,21,21,618700,595700,641500,1693400,1257500,692400,725300,594200,666950,21,66,41,0,45,0,23,42,0,0,24,768,800,0,42,21,21,665100,656100,1093000,1497000,1990200,954200,809500,786000,881850,21,66,41,0,67,0,45,42,24,23,0,740,772,0,42,21,21,1.3222130594497339,0.27930689292932059,28,0.036458333333333336,28,0.035000000000000003,1,0.043478260869565216,110,154,44
177,sealed_evaluation:random-32-32-20:s4:r4,random,random-32-32-20.map,validation,random-32-32-20-random-4.scen,4,3,4,9,7,0,29,21,45,3334400,8020300,7975700,3874700,4032400,4512900,4760400,5013700,4636650,325,1056,517,0,326,0,0,384,0,0,0,0,0,134,384,193,60,2142500,3149500,3274800,1822100,1848000,2390800,2646000,3416700,2518400,51,166,106,0,52,0,0,103,0,0,103,3296,3328,4,103,56,52,2957000,1995600,3393700,2967800,2513600,3134900,3057300,2821300,2962400,51,166,106,0,150,0,98,103,0,0,99,3168,3200,4,103,56,52,3170200,2243600,1900000,1704600,5138800,2686500,2457900,2203900,2350750,51,166,106,0,202,0,150,103,99,53,0,1880,1912,4,103,56,52,0.79352889549014316,-0.23126532444221659,1288,0.40656565656565657,1288,0.40250000000000002,46,0.46938775510204084,355,459,104
178,sealed_evaluation:random-32-32-20:s4:r5,random,random-32-32-20.map,validation,random-32-32-20-random-4.scen,4,4,5,6,5,5,26,5,27,749100,774500,1160700,1137100,1110600,1733400,891700,855200,1001150,53,173,92,0,54,0,0,91,0,0,0,0,0,2,91,40,38,1950200,1854800,2483100,2542700,2460600,1888300,1921100,2424600,2187400,36,121,76,0,37,0,0,71,0,0,71,2272,2304,6,71,41,35,2113300,2123700,1631100,2115400,2190100,1847800,2167100,1943800,2114350,36,121,76,0,83,0,46,71,0,0,47,1504,1536,6,71,41,35,1718900,2393600,1932800,2389900,2343700,3089100,1932300,2014100,2178900,36,121,76,0,129,0,92,71,47,47,0,1504,1536,6,71,41,35,1.0305294771442761,0.030072725640168722,0,0,0,0,0,0,206,298,92
179,sealed_evaluation:random-32-32-20:s4:r6,random,random-32-32-20.map,validation,random-32-32-20-random-4.scen,4,5,6,2,7,28,12,21,12,221900,221100,240000,231300,239900,278800,246700,258400,239950,13,43,28,0,14,0,0,29,0,0,0,0,0,0,29,16,16,611400,511200,632700,594400,1279100,669600,647700,676600,640200,12,41,27,0,13,0,0,28,0,0,28,896,928,0,28,16,16,418700,376200,447300,528200,622200,524900,483100,449500,466300,12,41,27,0,25,0,12,28,0,0,13,416,448,0,28,16,16,518000,486300,485500,473900,605200,590000,583300,492700,505350,12,41,27,0,37,0,24,28,13,13,0,416,448,0,28,16,16,1.0837443705768819,0.080422054706396448,0,0,0,0,0,0,65,89,24
180,sealed_evaluation:random-32-32-20:s4:r7,random,random-32-32-20.map,validation,random-32-32-20-random-4.scen,4,6,7,6,12,23,7,2,26,828600,436500,476300,368600,364300,443700,956800,434500,440100,27,90,63,0,28,0,0,64,0,0,0,0,0,0,64,37,37,1508000,1534600,1901900,1178600,1091000,1095100,2446100,1251900,1379950,26,88,62,0,27,0,0,63,0,0,63,2016,2048,0,63,37,37,1286600,1028700,875200,741200,807800,744600,1176700,848400,861800,26,88,62,0,53,0,26,63,0,0,27,864,896,0,63,37,37,1389400,1151600,2052200,1321300,811700,1106700,2029500,972600,1236450,26,88,62,0,78,0,51,63,27,26,0,836,868,0,63,37,37,1.4347296356463217,0.36097642424560866,28,0.032407407407407406,28,0.03125,1,0.038461538461538464,142,192,50
181,sealed_evaluation:random-32-32-20:s4:r8,random,random-32-32-20.map,validation,random-32-32-20-random-4.scen,4,7,8,2,10,30,14,27,9,205600,130600,197800,156900,494000,232200,248900,309400,218900,9,26,18,0,10,0,0,19,0,0,0,0,0,0,19,10,10,939800,349800,577900,444900,1831300,1758700,691100,1104000,815450,9,26,18,0,10,0,0,19,0,0,19,608,640,0,19,10,10,291300,300200,308100,466300,1370500,330700,537100,518000,398500,9,26,18,0,18,0,8,19,0,0,9,288,320,0,19,10,10,277800,269600,521000,488500,1354600,439000,561600,583900,504750,9,26,18,0,26,0,16,19,9,9,0,288,320,0,19,10,10,1.266624843161857,0.23635575896267716,0,0,0,0,0,0,45,61,16
182,sealed_evaluation:random-32-32-20:s4:r9,random,random-32-32-20.map,validation,random-32-32-20-random-4.scen,4,8,9,1,16,26,10,25,7,279300,422000,469200,247900,266200,207500,208800,149600,257050,7,26,19,0,8,0,0,20,0,0,0,0,0,0,20,13,13,675000,520500,1366600,640000,437400,511500,550200,648900,595100,7,26,19,0,8,0,0,20,0,0,20,640,672,0,20,13,13,321300,505700,909100,268900,257900,409400,389500,431200,399450,7,26,19,0,14,0,6,20,0,0,7,224,256,0,20,13,13,426600,663000,1005000,635300,453100,429700,432400,309200,442750,7,26,19,0,20,0,12,20,7,7,0,224,256,0,20,13,13,1.1083990486919515,0.10291667573489205,0,0,0,0,0,0,40,52,12
183,sealed_evaluation:random-32-32-20:s4:r10,random,random-32-32-20.map,validation,random-32-32-20-random-4.scen,4,9,10,0,4,16,7,14,5,103100,78500,88300,78300,78600,134400,87300,110100,87800,5,16,11,0,6,0,0,12,0,0,0,0,0,0,12,7,7,290400,271800,221300,225700,220100,316900,363400,340100,281100,5,16,11,0,6,0,0,12,0,0,12,384,416,0,12,7,7,200500,152300,153400,152200,151800,237400,191200,261800,172300,5,16,11,0,10,0,4,12,0,0,5,160,192,0,12,7,7,216100,164500,164300,164500,194400,296600,184800,285900,189600,5,16,11,0,14,0,8,12,5,5,0,160,192,0,12,7,7,1.1004062681369704,0.095679446287037492,0,0,0,0,0,0,26,34,8
184,sealed_evaluation:random-32-32-20:s4:r11,random,random-32-32-20.map,validation,random-32-32-20-random-4.scen,4,10,11,7,13,24,0,3,34,492200,786500,473800,489500,881500,474500,477000,842200,490850,37,121,81,0,38,0,0,82,0,0,0,0,0,0,82,45,45,1401300,2596300,1411900,1406600,2386800,1438900,2349000,3659300,1893950,36,118,79,0,37,0,0,80,0,0,80,2560,2592,0,80,44,44,985200,1347600,1029100,1705600,1498200,988600,993500,1163800,1096450,36,118,79,0,73,0,36,80,0,0,37,1184,1216,0,80,44,44,1891600,1099400,1094000,1091900,1128400,1087800,1095300,1959700,1097350,36,118,79,0,108,0,71,80,37,36,0,1156,1188,0,80,44,44,1.0008208308632405,0.0008204941658226069,28,0.02364864864864865,28,0.023026315789473683,1,0.027777777777777776,189,259,70
185,sealed_evaluation:random-32-32-20:s4:r12,random,random-32-32-20.map,validation,random-32-32-20-random-4.scen,4,11,12,6,0,16,21,6,31,706200,629400,649800,803600,636100,627100,1023500,1020300,678000,56,182,105,0,57,0,0,96,0,0,0,0,0,10,96,50,40,1701200,1211600,1219900,1911500,1219800,1217100,2956800,1668900,1444400,32,105,69,0,33,0,0,70,0,0,70,2240,2272,0,70,38,38,1257500,1004100,1028400,1167500,1008100,1008500,1010600,1018500,1014550,32,105,69,0,76,0,43,70,0,0,44,1408,1440,0,70,38,38,1091900,1071200,1067900,1537200,1079100,1072100,1214700,1814900,1085500,32,105,69,0,114,0,81,70,44,39,0,1268,1300,0,70,38,38,1.0699324823813514,0.067595545904713325,140,0.099431818181818177,140,0.097222222222222224,5,0.11627906976744186,189,265,76
186,sealed_evaluation:random-32-32-20:s4:r13,random,random-32-32-20.map,validation,random-32-32-20-random-4.scen,4,12,13,10,21,3,3,31,46,1742500,1740100,1737100,1876700,1702100,2161500,2645300,3219900,1809600,170,572,295,0,171,0,0,226,0,0,0,0,0,70,226,126,56,1931200,3222400,2868600,1945500,1949000,2492300,2671000,3893600,2581650,54,179,111,0,55,0,0,109,0,0,109,3488,3520,3,109,58,55,1622300,3065800,1639000,1626900,2267400,2175400,2713000,2332300,2221400,54,179,111,0,124,0,69,109,0,0,70,2240,2272,3,109,58,55,1800900,2308700,1802900,1951000,2667000,2053000,3704900,2431300,2180850,54,179,111,0,191,0,136,109,70,68,0,2184,2216,3,109,58,55,0.98174574592599262,-0.018422918687475334,56,0.025000000000000001,56,0.02464788732394366,2,0.028985507246376812,305,439,134
187,sealed_evaluation:random-32-32-20:s4:r14,random,random-32-32-20.map,validation,random-32-32-20-random-4.scen,4,13,14,4,3,6,0,19,18,761100,667700,610900,755300,559500,712900,535200,624700,646200,42,121,65,0,46,3,0,59,0,0,0,0,0,7,59,21,17,1408800,1536200,917500,922900,913600,910200,978000,908600,920200,18,56,37,0,19,0,0,38,0,0,38,1216,1248,0,38,20,20,1290400,1258500,857400,830400,1340100,829700,1006400,942100,974250,18,56,37,0,49,0,30,38,0,0,31,992,1024,0,38,20,20,923300,1098500,853800,755100,1213500,771000,862700,968700,893000,18,56,37,0,66,0,47,38,31,18,0,628,660,0,38,20,20,0.9166025147549397,-0.087081363342319557,364,0.36693548387096775,364,0.35546875,13,0.43333333333333335,117,151,34
188,sealed_evaluation:random-32-32-20:s4:r15,random,random-32-32-20.map,validation,random-32-32-20-random-4.scen,4,14,15,6,6,12,4,29,27,2107300,2744500,1836700,2847800,1871700,2566400,2975700,3151500,2655450,148,478,195,0,166,17,0,177,0,0,0,0,0,19,177,37,32,1298000,1694200,1213100,1957400,1406000,1261700,2276400,1420900,1413450,29,84,50,0,30,0,0,51,0,0,51,1632,1664,0,51,22,22,1438400,1433700,1434800,1976900,1357100,1632900,2224100,1411100,1436600,29,84,50,0,77,0,47,51,0,0,48,1536,1568,0,51,22,22,1393300,1624400,1365800,1430900,1465000,2014100,2142800,2101400,1544700,29,84,50,0,115,0,85,51,48,39,0,1284,1316,0,51,22,22,1.0752471112348601,0.072550506079504112,252,0.1640625,252,0.16071428571428573,9,0.19148936170212766,175,251,76
189,sealed_evaluation:random-32-32-20:s4:r16,random,random-32-32-20.map,validation,random-32-32-20-random-4.scen,4,15,16,3,10,3,2,14,19,377000,338400,337400,333600,334700,728800,531800,687300,357700,24,79,50,0,25,0,0,49,0,0,0,0,0,2,49,27,25,1299000,1408200,864600,860800,855400,1526600,1335700,1756900,1317350,19,64,44,0,20,0,0,45,0,0,45,1440,1472,0,45,26,26,1057000,679900,655400,651400,653800,1747400,1048200,1474800,864050,19,64,44,0,43,0,23,45,0,0,24,768,800,0,45,26,26,1434900,688200,698600,665900,1045400,1788300,734100,1501300,889750,19,64,44,0,61,0,41,45,24,19,0,628,660,0,45,26,26,1.0297436490943812,0.029309886890301444,140,0.18229166666666666,140,0.17499999999999999,5,0.21739130434782608,111,147,36
190,sealed_evaluation:random-32-32-20:s4:r17,random,random-32-32-20.map,validation,random-32-32-20-random-4.scen,4,16,17,7,9,19,31,9,34,834000,1195600,800800,1350400,860100,1413400,811400,785100,847050,71,224,129,0,72,0,0,119,0,0,0,0,0,11,119,59,48,1480900,1828000,1638700,2489900,1541700,1434500,1426600,1435800,1511300,39,125,79,0,40,0,0,80,0,0,80,2560,2592,0,80,41,41,1195300,1489000,1457300,1309600,1249200,1586400,1755600,1727800,1473150,39,125,79,0,87,0,47,80,0,0,48,1536,1568,0,80,41,41,2089900,2108000,1300500,2090100,1419200,2226100,1343900,1328400,1754550,39,125,79,0,134,0,94,80,48,48,0,1536,1568,0,80,41,41,1.1910192444761225,0.1748094484929327,0,0,0,0,0,0,214,308,94
191,sealed_evaluation:random-32-32-20:s4:r18,random,random-32-32-20.map,validation,random-32-32-20-random-4.scen,4,17,18,8,7,6,26,29,42,1378500,1428700,2939400,1369600,2543000,2485700,1621500,1353900,1525100,134,417,222,0,135,0,0,194,0,0,0,0,0,29,194,89,60,4400700,1996000,2453100,2031400,1735400,1655500,1720000,1661300,1865700,42,142,94,0,43,0,0,95,0,0,95,3040,3072,0,95,53,53,4732300,1844900,2530700,2532900,1641300,1287400,2673000,2404900,2467800,42,142,94,0,95,0,52,95,0,0,53,1696,1728,0,95,53,53,1785600,1554900,2917700,1336900,1327100,1400100,1558000,1344000,1477500,42,142,94,0,136,0,93,95,53,42,0,1388,1420,0,95,53,53,0.59871140286895208,-0.51297559518418012,308,0.18160377358490565,308,0.17824074074074073,11,0.21153846153846154,242,324,82
192,sealed_evaluation:random-32-32-20:s4:r19,random,random-32-32-20.map,validation,random-32-32-20-random-4.scen,4,18,19,3,28,14,25,2,15,229700,215600,213500,213800,294600,393200,364400,230000,229850,17,58,39,0,18,0,0,40,0,0,0,0,0,0,40,23,23,630200,619900,625400,624900,1317500,1178900,696300,690700,660450,16,56,39,0,17,0,0,40,0,0,40,1280,1312,0,40,24,24,422500,422200,423400,483400,766600,525600,575400,462400,472900,16,56,39,0,33,0,16,40,0,0,17,544,576,0,40,24,24,476900,472500,469400,469000,865100,788600,852600,516000,496450,16,56,39,0,49,0,32,40,17,17,0,544,576,0,40,24,24,1.0497991118629733,0.048598823829773125,0,0,0,0,0,0,89,121,32
193,sealed_evaluation:random-32-32-20:s4:r20,random,random-32-32-20.map,validation,random-32-32-20-random-4.scen,4,19,20,3,2,20,3,8,15,216900,364400,221100,212600,212300,214500,212000,283400,215700,17,52,32,0,18,0,0,33,0,0,0,0,0,0,33,16,16,627900,959400,563100,563000,557900,561300,561200,1090600,563050,15,45,30,0,16,0,0,31,0,0,31,992,1024,0,31,16,16,795400,874300,463600,438200,441900,439400,436800,760000,452750,15,45,30,0,32,0,16,31,0,0,17,544,576,0,31,16,16,887900,766400,465800,460700,461800,466500,466600,507500,466550,15,45,30,0,46,0,30,31,17,15,0,488,520,0,31,16,16,1.0304803975704031,0.03002509891650823,56,0.10294117647058823,56,0.097222222222222224,2,0.125,79,107,28
194,sealed_evaluation:random-32-32-20:s4:r21,random,random-32-32-20.map,validation,random-32-32-20-random-4.scen,4,20,21,1,22,26,18,24,6,159400,96600,95000,95900,95900,96100,95800,95100,95900,7,20,13,0,8,0,0,14,0,0,0,0,0,0,14,7,7,296900,257000,254900,258200,254000,253200,253900,260600,255950,6,19,13,0,7,0,0,14,0,0,14,448,480,0,14,8,8,193900,192500,190600,189300,191800,190700,189100,191200,190950,6,19,13,0,13,0,6,14,0,0,7,224,256,0,14,8,8,217500,219100,208400,214100,208500,213200,209300,209200,211250,6,19,13,0,19,0,12,14,7,7,0,224,256,0,14,8,8,1.1063105525006547,0.10103065256575806,0,0,0,0,0,0,33,45,12
195,sealed_evaluation:random-32-32-20:s4:r22,random,random-32-32-20.map,validation,random-32-32-20-random-4.scen,4,21,22,5,27,17,24,0,22,890800,471800,483700,838600,459100,462900,453300,1035500,477750,43,141,76,0,44,0,0,73,0,0,0,0,0,4,73,34,30,2730900,923100,1448200,1622100,849000,814500,830700,1283900,1103500,22,73,51,0,23,0,0,52,0,0,52,1664,1696,0,52,30,30,2268500,782100,780200,1064500,717700,706700,704700,1469500,781150,22,73,51,0,56,0,33,52,0,0,34,1088,1120,0,52,30,30,754900,754200,749400,1259600,681200,682500,680800,1003900,751800,22,73,51,0,78,0,55,52,34,23,0,780,812,0,52,30,30,0.96242719068040705,-0.038296861727834558,308,0.28308823529411764,308,0.27500000000000002,11,0.33333333333333331,141,185,44
196,sealed_evaluation:random-32-32-20:s4:r23,random,random-32-32-20.map,validation,random-32-32-20-random-4.scen,4,22,23,3,20,19,24,7,16,215000,212600,211900,371200,238700,217600,213300,248300,216300,16,50,33,0,17,0,0,34,0,0,0,0,0,0,34,18,18,625400,613300,631500,878900,691800,613000,614700,611800,620050,16,50,33,0,17,0,0,34,0,0,34,1088,1120,0,34,18,18,438900,442500,437700,510800,486000,451900,440100,443800,443150,16,50,33,0,32,0,15,34,0,0,16,512,544,0,34,18,18,497100,497700,493900,782800,534500,558600,486600,487400,497400,16,50,33,0,47,0,30,34,16,16,0,512,544,0,34,18,18,1.1224190454699312,0.11548621818489736,0,0,0,0,0,0,81,111,30
197,sealed_evaluation:random-32-32-20:s4:r24,random,random-32-32-20.map,validation,random-32-32-20-random-4.scen,4,23,24,4,13,20,24,28,19,474800,318800,315900,314300,315100,359800,640300,591900,339300,26,79,50,0,27,0,0,51,0,0,0,0,0,0,51,25,25,1279300,1370900,776500,775700,775700,776900,2135900,1185000,980950,19,63,43,0,20,0,0,44,0,0,44,1408,1440,0,44,25,25,1068000,591800,571900,578000,666700,868400,646500,813600,656600,19,63,43,0,41,0,21,44,0,0,22,704,736,0,44,25,25,982100,606900,600300,596800,614900,773400,658500,1127600,636700,19,63,43,0,59,0,39,44,22,19,0,620,652,0,44,25,25,0.96969235455376179,-0.030776418044512661,84,0.11931818181818182,84,0.11413043478260869,3,0.14285714285714285,106,142,36
198,sealed_evaluation:random-32-32-20:s4:r25,random,random-32-32-20.map,validation,random-32-32-20-random-4.scen,4,24,25,1,26,16,23,12,7,116000,106700,147900,120700,119000,267900,169400,117700,119850,7,24,16,0,8,0,0,17,0,0,0,0,0,0,17,10,10,568000,309300,641100,351000,627900,848600,623200,341700,595600,7,24,16,0,8,0,0,17,0,0,17,544,576,0,17,10,10,271400,219300,208300,231300,696800,525300,547200,230000,251350,7,24,16,0,14,0,6,17,0,0,7,224,256,0,17,10,10,235100,227300,313100,383300,677600,576900,388200,373200,378250,7,24,16,0,20,0,12,17,7,7,0,224,256,0,17,10,10,1.5048736821165705,0.40870896252988104,0,0,0,0,0,0,37,49,12
199,sealed_evaluation:random-32-32-20:s4:r26,random,random-32-32-20.map,validation,random-32-32-20-random-4.scen,4,25,26,8,2,0,13,28,39,937500,1822200,939400,895400,1214400,1955000,2017100,1199700,1207050,86,283,158,0,87,0,0,135,0,0,0,0,0,24,135,73,49,1514100,1552200,1723000,1415500,2964500,1799600,2390700,2027300,1761300,39,128,87,0,40,0,0,88,0,0,88,2816,2848,0,88,49,49,1569000,1284500,1532200,1153700,2265800,1780300,2609700,1872300,1674650,39,128,87,0,94,0,54,88,0,0,55,1760,1792,0,88,49,49,1467800,1958600,1420600,1509200,1343000,1603700,2591800,1824200,1556450,39,128,87,0,148,0,108,88,55,55,0,1760,1792,0,88,49,49,0.92941808736153819,-0.073196601189083069,0,0,0,0,0,0,236,344,108
200,sealed_evaluation:room-64-64-16:s1:r2,room,room-64-64-16.map,validation,room-64-64-16-random-1.scen,1,1,2,0,50,61,49,58,4,98500,122700,103600,151500,147400,147800,147100,148000,147250,4,16,13,0,5,0,0,14,0,0,0,0,0,0,14,10,10,277200,344300,497500,525600,481600,467400,460700,468600,468000,4,16,13,0,5,0,0,14,0,0,14,448,480,0,14,10,10,185700,319900,214700,266300,265000,254800,267400,261800,263400,4,16,13,0,8,0,3,14,0,0,4,128,160,0,14,10,10,203800,231700,386200,292700,286800,279500,279700,278700,279600,4,16,13,0,11,0,6,14,4,4,0,128,160,0,14,10,10,1.0615034168564921,0.059686221050474574,0,0,0,0,0,0,25,31,6
201,sealed_evaluation:room-64-64-16:s1:r3,room,room-64-64-16.map,validation,room-64-64-16-random-1.scen,1,2,3,11,57,31,17,38,51,1428500,1509000,3215000,2181700,1375400,1300100,1497600,1335100,1463050,93,324,179,0,94,0,0,169,0,0,0,0,0,11,169,87,76,3710900,3615400,3815600,4143900,3021100,3111600,3090700,2952100,3363500,51,181,128,0,52,0,0,129,0,0,129,4128,4160,0,129,78,78,2978700,2180800,2602900,2148700,2441600,1983400,2224200,2097400,2202500,51,181,128,0,108,0,56,129,0,0,57,1824,1856,0,129,78,78,3554400,2220800,2929000,2672600,2911100,2091600,2538600,2183300,2605600,51,181,128,0,161,0,109,129,57,54,0,1740,1772,0,129,78,78,1.1830192962542565,0.16806989615168913,84,0.046052631578947366,84,0.045258620689655173,3,0.053571428571428568,293,399,106
202,sealed_evaluation:room-64-64-16:s1:r4,room,room-64-64-16.map,validation,room-64-64-16-random-1.scen,1,3,4,18,35,24,7,36,82,23716500,16752900,14946400,15666700,20045300,15097800,17492600,15415000,16209800,1421,5320,1757,0,1638,216,0,1542,0,0,0,0,0,216,1542,170,121,4549200,4373400,3864700,5919800,5686300,4119600,6518600,6027800,5117750,82,304,219,0,83,0,0,220,0,0,220,7040,7072,0,220,138,138,3630200,3643800,4215900,3738900,4082800,6011100,3812800,4269900,3947800,82,304,219,0,260,0,177,220,0,0,178,5696,5728,0,220,138,138,5022100,3741600,3103300,3347100,3061400,3133300,3606000,4164000,3476550,82,304,219,0,341,0,258,220,178,82,0,3008,3040,0,220,138,138,0.88062971781751864,-0.12711803899220878,2688,0.47191011235955055,2688,0.46927374301675978,96,0.5423728813559322,657,819,162
203,sealed_evaluation:room-64-64-16:s1:r5,room,room-64-64-16.map,validation,room-64-64-16-random-1.scen,1,4,5,20,35,58,7,13,97,18207700,15260400,16480000,13455300,10083000,17381500,18099700,18112300,16930750,1005,3778,1434,0,1328,322,0,1113,0,0,0,0,0,322,1113,310,125,6136000,8888800,7630300,4740400,6982300,6334700,6444700,6115500,6389700,97,365,264,0,98,0,0,265,0,0,265,8480,8512,0,265,168,168,4310200,5493500,4434000,6062000,5461700,7075700,6842400,6975300,5777750,97,365,264,0,294,0,196,265,0,0,197,6304,6336,0,265,168,168,5471100,4470800,3537000,6053800,8290100,5111700,5032000,5053700,5082700,97,365,264,0,390,0,292,265,197,97,0,3504,3536,0,265,168,168,0.87970230626108781,-0.12817171708196595,2800,0.44416243654822335,2800,0.44191919191919193,100,0.51020408163265307,755,947,192
204,sealed_evaluation:room-64-64-16:s1:r6,room,room-64-64-16.map,validation,room-64-64-16-random-1.scen,1,5,6,18,17,5,43,51,92,20787700,36875100,19550400,18821600,17067900,16886200,14409700,13796200,17944750,1118,4175,1475,0,1373,254,0,1222,0,0,0,0,0,254,1222,342,104,7932000,7391100,8590400,6743500,6011900,8159300,5956200,6586700,7067300,101,366,250,0,102,0,0,246,0,0,246,7872,7904,5,246,150,145,4480600,4414900,6620900,8056300,8291100,8158800,5117400,9759000,7338600,101,366,250,0,318,0,216,246,0,0,217,6944,6976,5,246,150,145,3813000,4339200,5832600,7061100,6611600,9060100,6020400,4637200,5926500,101,366,250,0,433,0,331,246,217,116,0,4116,4148,5,246,150,145,0.80757910228108909,-0.21371426920181724,2828,0.40725806451612906,2828,0.40538990825688076,101,0.46759259259259262,785,1015,230
205,sealed_evaluation:room-64-64-16:s1:r7,room,room-64-64-16.map,validation,room-64-64-16-random-1.scen,1,6,7,0,22,52,23,55,4,75200,133000,121900,84000,82100,124400,117100,74100,100550,4,16,12,0,5,0,0,13,0,0,0,0,0,0,13,9,9,226300,301100,404600,252100,261000,388800,251600,224800,256550,4,16,12,0,5,0,0,13,0,0,13,416,448,0,13,9,9,134400,197300,262700,147700,148700,190700,200900,145100,169700,4,16,12,0,8,0,3,13,0,0,4,128,160,0,13,9,9,153800,258700,337500,163600,220900,214000,230600,144500,217450,4,16,12,0,11,0,6,13,4,4,0,128,160,0,13,9,9,1.2813789039481438,0.2479367668034668,0,0,0,0,0,0,24,30,6
206,sealed_evaluation:room-64-64-16:s1:r8,room,room-64-64-16.map,validation,room-64-64-16-random-1.scen,1,7,8,11,20,43,53,58,52,3198000,3696900,2804100,2558800,2438700,4720300,3073600,3421300,3135800,228,840,416,0,262,33,0,311,0,0,0,0,0,106,311,156,83,3591400,3259100,3505000,5491100,3235400,8205700,5767800,6050100,4541250,96,356,190,0,103,6,0,179,0,0,179,5728,5760,12,179,89,83,2898600,3432900,2420100,2667400,3765800,4104700,3794500,5285100,3599350,96,356,190,0,211,6,108,179,0,0,109,3488,3520,12,179,89,83,2988900,4529900,4565900,2962300,8834500,5376700,3779000,5036600,4547900,96,356,190,0,319,6,216,179,109,109,0,3488,3520,12,179,89,83,1.2635336935835637,0.23391231435526944,0,0,0,0,0,0,510,726,216
207,sealed_evaluation:room-64-64-16:s1:r9,room,room-64-64-16.map,validation,room-64-64-16-random-1.scen,1,8,9,4,50,46,59,58,21,502800,668200,458100,647700,462700,546800,667800,421100,524800,21,82,61,0,22,0,0,62,0,0,0,0,0,0,62,41,41,2192500,1523100,1646900,1911200,1462800,2148800,1822100,1451400,1734500,21,82,61,0,22,0,0,62,0,0,62,1984,2016,0,62,41,41,998100,1247700,1220800,940000,874800,1246300,1298800,1417400,1233550,21,82,61,0,42,0,20,62,0,0,21,672,704,0,62,41,41,1005200,1361200,909600,1689000,1006100,982000,1468900,942400,1005650,21,82,61,0,62,0,40,62,21,21,0,672,704,0,62,41,41,0.81524867253050137,-0.20426209261148731,0,0,0,0,0,0,124,164,40
208,sealed_evaluation:room-64-64-16:s1:r10,room,room-64-64-16.map,validation,room-64-64-16-random-1.scen,1,9,10,13,30,33,46,1,62,3308800,3626400,3942900,2848700,3752200,3923900,2707500,6056800,3689300,256,945,394,0,320,63,0,332,0,0,0,0,0,63,332,118,76,3856200,3488900,2920500,3837700,2882300,2903400,3005200,2704200,2962850,62,214,149,0,63,0,0,150,0,0,150,4800,4832,0,150,88,88,5408000,3788500,3372500,4888700,3495500,2550400,2766000,2465200,3434000,62,214,149,0,175,0,112,150,0,0,113,3616,3648,0,150,88,88,3105100,3698300,3392400,2407800,4633800,2305900,2322500,2957300,3031200,62,214,149,0,242,0,179,150,113,68,0,2356,2388,0,150,88,88,0.88270238788584743,-0.12476718175302977,1260,0.34845132743362833,1260,0.34539473684210525,45,0.4017857142857143,437,571,134
209,sealed_evaluation:room-64-64-16:s1:r11,room,room-64-64-16.map,validation,room-64-64-16-random-1.scen,1,10,11,3,58,26,44,30,18,458400,276800,249900,248900,265900,953700,470400,267100,271950,18,67,49,0,19,0,0,50,0,0,0,0,0,0,50,32,32,1494800,767700,758400,757500,758600,838200,1472200,831200,799450,18,67,49,0,19,0,0,50,0,0,50,1600,1632,0,50,32,32,664600,490100,468300,468700,470700,551500,2007500,522100,506100,18,67,49,0,36,0,17,50,0,0,18,576,608,0,50,32,32,520300,517100,534400,529500,723300,1248900,1344300,703600,619000,18,67,49,0,53,0,34,50,18,18,0,576,608,0,50,32,32,1.2230784429954555,0.20137099446456388,0,0,0,0,0,0,103,137,34
210,sealed_evaluation:room-64-64-16:s1:r12,room,room-64-64-16.map,validation,room-64-64-16-random-1.scen,1,11,12,4,54,33,44,47,24,428000,346100,625000,808900,350500,353900,437300,433900,430950,24,86,62,0,25,0,0,63,0,0,0,0,0,0,63,39,39,1111500,1069400,1196200,2076800,1102900,1089600,1187600,1215200,1149550,24,86,62,0,25,0,0,63,0,0,63,2016,2048,0,63,39,39,685100,688800,689300,1219900,684100,688200,682000,1292100,688500,24,86,62,0,48,0,23,63,0,0,24,768,800,0,63,39,39,755300,750300,751200,1239800,765100,767600,1167100,1214100,766350,24,86,62,0,71,0,46,63,24,24,0,768,800,0,63,39,39,1.1130718954248366,0.10712366627620717,0,0,0,0,0,0,134,180,46
211,sealed_evaluation:room-64-64-16:s1:r13,room,room-64-64-16.map,validation,room-64-64-16-random-1.scen,1,12,13,16,50,7,9,25,75,14177700,18863100,18378800,16185500,22039600,21841400,19809600,21423200,19336350,1247,4683,1654,0,1562,314,0,1341,0,0,0,0,0,314,1341,381,123,4127200,3825800,6495200,6423700,5953600,5918800,6738700,6199600,6076600,75,274,197,0,76,0,0,198,0,0,198,6336,6368,0,198,123,123,3444400,10124000,5001000,7688400,6810900,4683800,4788900,5875500,5438250,75,274,197,0,249,0,173,198,0,0,174,5568,5600,0,198,123,123,5125500,5835000,7340500,4874700,7615000,7051900,5111900,6145000,5990000,75,274,197,0,388,0,312,198,174,140,0,4616,4648,0,198,123,123,1.101457270261573,0.096634094189683176,952,0.17097701149425287,952,0.17000000000000001,34,0.19653179190751446,620,898,278
212,sealed_evaluation:room-64-64-16:s1:r14,room,room-64-64-16.map,validation,room-64-64-16-random-1.scen,1,13,14,12,6,22,25,57,56,8538500,3041100,6821100,4930700,7875100,2825800,5417500,4972500,5195000,266,990,513,0,311,44,0,336,0,0,0,0,0,178,336,213,70,4997400,4543000,6898100,5219600,5328400,2213100,5888800,3897100,5108500,56,200,142,0,57,0,0,143,0,0,143,4576,4608,0,143,87,87,4395600,4930900,2106200,6627800,3741300,2525200,2859400,2265400,3300350,56,200,142,0,149,0,92,143,0,0,93,2976,3008,0,143,87,87,7380200,3473400,4406200,5774100,2405300,3380700,3345100,2270900,3427050,56,200,142,0,204,0,147,143,93,56,0,1940,1972,0,143,87,87,1.0383898677413002,0.03767130935199775,1036,0.3481182795698925,1036,0.34441489361702127,37,0.40217391304347827,384,494,110
213,sealed_evaluation:room-64-64-16:s1:r15,room,room-64-64-16.map,validation,room-64-64-16-random-1.scen,1,14,15,8,4,43,1,11,41,1635500,1349100,1248400,1131000,1890800,1190600,2331300,1238100,1298750,105,382,180,0,126,20,0,161,0,0,0,0,0,20,161,56,56,2059400,1759700,1806400,2328900,1646000,1575200,1817800,1945200,1812100,41,146,104,0,42,0,0,105,0,0,105,3360,3392,0,105,64,64,1443300,1422800,2201300,2542900,1296100,1293500,2641900,2296400,1822300,41,146,104,0,104,0,62,105,0,0,63,2016,2048,0,105,64,64,1355900,1957200,3144900,1356700,1245600,1238400,3154200,1389200,1372950,41,146,104,0,144,0,102,105,63,41,0,1400,1432,0,105,64,64,0.75341601273116388,-0.28313772999311149,616,0.30555555555555558,616,0.30078125,22,0.35483870967741937,271,351,80
214,sealed_evaluation:room-64-64-16:s1:r16,room,room-64-64-16.map,validation,room-64-64-16-random-1.scen,1,15,16,2,49,39,56,47,15,278500,466100,449600,238800,237600,272000,234300,236100,255400,15,59,44,0,16,0,0,45,0,0,0,0,0,0,45,30,30,795800,1937700,1381900,772400,760800,764700,758600,757100,768550,15,59,44,0,16,0,0,45,0,0,45,1440,1472,0,45,30,30,819400,974800,875200,451300,449300,450600,454400,458000,456200,15,59,44,0,30,0,14,45,0,0,15,480,512,0,45,30,30,1318900,940200,1480800,812200,492800,493500,492400,488100,652850,15,59,44,0,44,0,28,45,15,15,0,480,512,0,45,30,30,1.4310609381850066,0.3584160840037599,0,0,0,0,0,0,89,117,28
215,sealed_evaluation:room-64-64-16:s1:r17,room,room-64-64-16.map,validation,room-64-64-16-random-1.scen,1,16,17,7,3,6,27,2,34,1378600,2248100,1773600,2683500,2587000,2407300,1844300,2442500,2327700,136,506,222,0,181,44,0,179,0,0,0,0,0,44,179,75,43,1507900,6206400,2936000,3015700,2848300,1734100,1695800,2024500,2436400,34,124,89,0,35,0,0,90,0,0,90,2880,2912,0,90,56,56,1313600,3600000,1772400,2660200,2590800,2100100,2056200,1624200,2078150,34,124,89,0,95,0,60,90,0,0,61,1952,1984,0,90,56,56,1642700,2104600,2113800,2268100,1306100,1698800,1231200,1289000,1670750,34,124,89,0,128,0,93,90,61,34,0,1196,1228,0,90,56,56,0.80396025310973707,-0.21820544745586659,756,0.38729508196721313,756,0.38104838709677419,27,0.45000000000000001,245,311,66
216,sealed_evaluation:room-64-64-16:s1:r18,room,room-64-64-16.map,validation,room-64-64-16-random-1.scen,1,17,18,28,10,38,60,53,137,18301900,17901100,16374100,14829200,14152800,26417000,14501400,15471000,15922550,1227,4553,1629,0,1349,121,0,1389,0,0,0,0,0,241,1389,282,162,8916400,12537500,9141400,8473900,8158300,6503000,7541200,15967700,8695150,141,502,350,0,142,0,0,349,0,0,349,11168,11200,2,349,210,208,7741500,9574000,7961700,7473700,5660000,5443400,5185600,12911500,7607600,141,502,350,0,357,0,215,349,0,0,216,6912,6944,2,349,210,208,8412700,8751900,9660900,13373000,7383800,10559800,6625100,5117900,8582300,141,502,350,0,561,0,419,349,216,205,0,6604,6636,2,349,210,208,1.128121878121878,0.12055419521949287,308,0.044560185185185182,308,0.044354838709677422,11,0.051162790697674418,923,1331,408
217,sealed_evaluation:room-64-64-16:s1:r19,room,room-64-64-16.map,validation,room-64-64-16-random-1.scen,1,18,19,31,1,53,24,40,146,21860800,29446900,26618700,29904900,21641200,19956200,22243700,31852100,24431200,1897,7071,2305,0,2238,340,0,1966,0,0,0,0,0,340,1966,175,69,7877200,9069000,12498800,9838700,7062500,7084100,8975700,10450200,9022350,173,619,407,0,174,0,0,393,0,0,393,12576,12608,15,393,235,220,8843400,15470800,9477300,7778700,13325500,9022300,7661400,8860700,8941500,173,619,407,0,512,0,338,393,0,0,339,10848,10880,15,393,235,220,9007800,14500900,8075400,13337000,10354800,6096000,7721000,12993000,9681300,173,619,407,0,722,0,548,393,339,211,0,7264,7296,15,393,235,220,1.0827377956718671,0.079492829446088195,3584,0.3303834808259587,3584,0.32941176470588235,128,0.378698224852071,1258,1678,420
218,sealed_evaluation:room-64-64-16:s1:r20,room,room-64-64-16.map,validation,room-64-64-16-random-1.scen,1,19,20,17,53,30,4,20,83,14613800,14943200,25432000,14087700,23477500,14350200,15386700,14705500,14824350,1288,4805,1631,0,1526,237,0,1394,0,0,0,0,0,238,1394,230,131,4614000,5639100,4003100,4260900,5754300,4332600,3397900,6087500,4473300,83,302,215,0,84,0,0,216,0,0,216,6912,6944,0,216,133,133,11979900,6187500,4130800,7212300,4125000,7826000,7462600,4090900,6699900,83,302,215,0,290,0,206,216,0,0,207,6624,6656,0,216,133,133,8107600,3622800,3344600,3133900,2857700,5920700,3602000,3150800,3473300,83,302,215,0,372,0,288,216,207,83,0,3152,3184,0,216,133,133,0.51841072254809772,-0.6569874502303239,3472,0.52415458937198067,3472,0.52163461538461542,124,0.60194174757281549,712,876,164
219,sealed_evaluation:room-64-64-16:s1:r21,room,room-64-64-16.map,validation,room-64-64-16-random-1.scen,1,20,21,25,2,46,55,30,119,15215900,13700200,16777700,12625500,14724700,14892700,13533000,16382000,14808700,1062,3943,1460,0,1333,270,0,1173,0,0,0,0,0,288,1173,203,111,10775700,10212700,10333400,7420000,5895100,7258300,5267000,6784400,7339150,119,436,312,0,120,0,0,313,0,0,313,10016,10048,0,313,194,194,8906300,7084500,5795400,4726700,6938400,4989500,6906500,6692500,6799500,119,436,312,0,314,0,194,313,0,0,195,6240,6272,0,313,194,194,8601700,5676800,8606100,8388400,6138800,6661200,4869400,7291500,6976350,119,436,312,0,466,0,346,313,195,153,0,5064,5096,0,313,194,194,1.0260092653871609,0.025676777299576962,1176,0.18846153846153846,1176,0.1875,42,0.21649484536082475,821,1125,304
220,sealed_evaluation:room-64-64-16:s1:r22,room,room-64-64-16.map,validation,room-64-64-16-random-1.scen,1,21,22,18,55,2,10,25,86,15781600,18786000,21514800,20125500,17754100,27013700,19510100,18910500,19210300,1479,5530,2021,0,1916,436,0,1562,0,0,0,0,0,460,1562,564,132,4017200,3961300,4002000,3586200,6985400,6501100,6907000,4448900,4233050,93,339,235,0,94,0,0,231,0,0,231,7392,7424,5,231,143,138,4090900,4113200,4142400,4429100,4764900,4116800,5133600,6153300,4285750,93,339,235,0,299,0,205,231,0,0,206,6592,6624,5,231,143,138,5923400,7463300,5750800,5265100,4812400,4537400,6462600,5410700,5580750,93,339,235,0,470,0,376,231,206,172,0,5640,5672,5,231,143,138,1.3021641486320947,0.26402761005788988,952,0.14441747572815533,952,0.14371980676328502,34,0.16585365853658537,740,1082,342
221,sealed_evaluation:room-64-64-16:s1:r23,room,room-64-64-16.map,validation,room-64-64-16-random-1.scen,1,22,23,23,28,12,28,61,107,44764900,28473500,37335900,23785200,25555700,24093700,25465500,25783700,25669700,2410,9005,3095,0,2727,316,0,2536,0,0,0,0,0,560,2536,383,126,5503400,5177900,4942900,5324500,5746100,6569900,5805900,4955300,5413950,113,409,283,0,114,0,0,283,0,0,283,9056,9088,1,283,171,170,5507800,7442200,5310600,5679100,5678600,5360900,7347000,7079700,5678850,113,409,283,0,333,0,219,283,0,0,220,7040,7072,1,283,171,170,7383100,4672000,5617400,6101500,5556000,7027300,5518000,4563700,5586700,113,409,283,0,486,0,372,283,220,154,0,5192,5224,1,283,171,170,0.98377312307949671,-0.016359974490425915,1848,0.26250000000000001,1848,0.26131221719457015,66,0.30136986301369861,836,1142,306
222,sealed_evaluation:room-64-64-16:s1:r24,room,room-64-64-16.map,validation,room-64-64-16-random-1.scen,1,23,24,36,57,51,25,56,169,36350700,54180300,33402400,33492500,41226900,38001500,35308800,29578900,35829750,3158,11802,3718,0,3607,448,0,3218,0,0,0,0,0,501,3218,345,64,10146600,8880500,8892900,9453000,14297600,9560400,9141600,10021200,9506700,169,597,421,0,170,0,0,422,0,0,422,13504,13536,0,422,253,253,8640500,8969900,9243500,8839000,14968200,11224500,10704400,12241800,9973950,169,597,421,0,572,0,402,422,0,0,403,12896,12928,0,422,253,253,8795400,9345100,6080000,6637800,13707800,10715500,7257200,8359300,8577350,169,597,421,0,740,0,570,422,403,169,0,6344,6376,0,422,253,253,0.85997523548844745,-0.15085168609286054,6552,0.50806451612903225,6552,0.50680693069306926,234,0.58208955223880599,1396,1732,336
223,sealed_evaluation:room-64-64-16:s1:r25,room,room-64-64-16.map,validation,room-64-64-16-random-1.scen,1,24,25,9,30,22,41,47,46,2576000,4150100,2472000,4388900,2594600,3020200,2827500,2459100,2711050,245,930,402,0,334,88,0,315,0,0,0,0,0,88,315,115,70,4323600,2189900,2216800,2337000,2408400,2572300,2254400,2338100,2337550,46,177,129,0,47,0,0,130,0,0,130,4160,4192,0,130,84,84,2533300,1860600,2842400,1860300,2247800,1861900,1918900,2107900,2013400,46,177,129,0,132,0,85,130,0,0,86,2752,2784,0,130,84,84,1668300,1620400,2401600,2050200,3054600,1644000,2358500,1630400,1859250,46,177,129,0,177,0,130,130,86,46,0,1632,1664,0,130,84,84,0.92343796563027714,-0.079651654711913364,1120,0.40697674418604651,1120,0.40229885057471265,40,0.47058823529411764,347,437,90
224,sealed_evaluation:room-64-64-16:s1:r26,room,room-64-64-16.map,validation,room-64-64-16-random-1.scen,1,25,26,28,10,61,57,19,131,15349300,13338600,27976600,21251900,13974900,15118900,15006400,13880100,15062650,1309,4874,1890,0,1811,501,0,1389,0,0,0,0,0,502,1389,250,86,6916900,20182400,8353900,9420300,7974400,8279800,7514900,7291900,8127100,170,632,411,0,171,0,0,385,0,0,385,12320,12352,27,385,242,215,9419900,7716500,13939900,10029300,7309700,7670000,7442200,8549000,8132750,170,632,411,0,525,0,354,385,0,0,355,11360,11392,27,385,242,215,6485000,7172000,13581200,7806200,11048200,9035400,7821400,8047000,7934200,170,632,411,0,711,0,540,385,355,187,0,6656,6688,27,385,242,215,0.97558636377609054,-0.024716590007334664,4704,0.41408450704225352,4704,0.41292134831460675,168,0.47457627118644069,1291,1663,372
225,sealed_evaluation:room-64-64-16:s2:r2,room,room-64-64-16.map,validation,room-64-64-16-random-2.scen,2,1,2,11,42,51,55,24,56,6379500,5035800,3909600,4482300,5135800,4646900,4394500,3823800,4564600,390,1475,589,0,443,52,0,527,0,0,0,0,0,63,527,148,137,4140100,2922400,3243300,2478800,3306400,2435400,4683400,2482800,3082850,60,211,144,0,61,0,0,143,0,0,143,4576,4608,2,143,85,83,3282800,2679500,2337700,1851400,1877500,1829100,1900900,2891900,2119300,60,211,144,0,135,0,74,143,0,0,75,2400,2432,2,143,85,83,2113100,2114900,3577100,2336600,2039200,3647000,2050700,2575900,2225750,60,211,144,0,209,0,148,143,75,75,0,2400,2432,2,143,85,83,1.0502288491483036,0.049008091991252119,0,0,0,0,0,0,354,502,148
226,sealed_evaluation:room-64-64-16:s2:r3,room,room-64-64-16.map,validation,room-64-64-16-random-2.scen,2,2,3,10,29,7,37,40,55,3729900,5508600,3863800,5338500,6253100,5237600,3759600,4730600,4984100,412,1540,519,0,441,28,0,492,0,0,0,0,0,28,492,80,80,3027300,2468900,2936700,2505800,2547500,2608600,2800200,2468900,2578050,55,200,142,0,56,0,0,143,0,0,143,4576,4608,0,143,88,88,4579500,2270300,2343600,2688200,2348500,3063000,3701900,2454500,2571350,55,200,142,0,162,0,106,143,0,0,107,3424,3456,0,143,88,88,2090100,1972200,2030400,3900900,1940100,6114800,2666200,5478500,2378150,55,200,142,0,216,0,160,143,107,55,0,1968,2000,0,143,88,88,0.92486437085577611,-0.078108178322233296,1456,0.42523364485981308,1456,0.42129629629629628,52,0.49056603773584906,411,519,108
227,sealed_evaluation:room-64-64-16:s2:r4,room,room-64-64-16.map,validation,room-64-64-16-random-2.scen,2,3,4,30,7,57,55,43,140,13430400,13599800,12862100,14389100,13176200,11833900,13282100,13420600,13351350,1147,4247,1543,0,1343,195,0,1282,0,0,0,0,0,262,1282,202,135,6321700,9239500,7116300,6750400,8684000,7962200,10048300,7413500,7687850,140,504,358,0,141,0,0,359,0,0,359,11488,11520,0,359,219,219,8525700,5303900,6818800,6819100,8357700,6042400,6045100,6563000,6690900,140,504,358,0,374,0,233,359,0,0,234,7488,7520,0,359,219,219,6257700,6258000,5005500,7101500,5041400,5150400,6418600,14307100,6257850,140,504,358,0,513,0,372,359,234,140,0,4856,4888,0,359,219,219,0.93527776532305074,-0.066911718599734438,2632,0.35149572649572647,2632,0.34999999999999998,94,0.40343347639484978,966,1244,278
228,sealed_evaluation:room-64-64-16:s2:r5,room,room-64-64-16.map,validation,room-64-64-16-random-2.scen,2,4,5,1,38,45,36,38,9,148500,149000,257700,165800,261400,148700,148800,149200,149100,9,36,27,0,10,0,0,28,0,0,0,0,0,0,28,19,19,482000,476200,689100,939200,666000,477400,473100,496200,489100,9,36,27,0,10,0,0,28,0,0,28,896,928,0,28,19,19,278800,281200,384400,1143200,293400,278100,293200,277000,287200,9,36,27,0,18,0,8,28,0,0,9,288,320,0,28,19,19,303400,303000,381600,335000,316600,303700,303800,302000,303750,9,36,27,0,26,0,16,28,9,9,0,288,320,0,28,19,19,1.0576253481894151,0.056026157480689162,0,0,0,0,0,0,54,70,16
229,sealed_evaluation:room-64-64-16:s2:r6,room,room-64-64-16.map,validation,room-64-64-16-random-2.scen,2,5,6,11,27,27,31,44,61,5312900,4215800,4073000,4712400,3887400,5072800,5770300,3807500,4464100,425,1573,488,0,438,12,0,477,0,0,0,0,0,12,477,52,52,2444900,2508400,2760200,3940600,3057900,2707500,6681100,3925500,2909050,61,218,155,0,62,0,0,156,0,0,156,4992,5024,0,156,95,95,2222900,5313800,2725000,2500100,3613800,2622800,2767900,3501000,2746450,61,218,155,0,178,0,116,156,0,0,117,3744,3776,0,156,95,95,2096300,3069600,3583500,2243800,2896800,2309400,2283200,3323800,2603100,61,218,155,0,247,0,185,156,117,70,0,2428,2460,0,156,95,95,0.94780534872289679,-0.053606126161241857,1316,0.35149572649572647,1316,0.34851694915254239,47,0.40517241379310343,450,588,138
230,sealed_evaluation:room-64-64-16:s2:r7,room,room-64-64-16.map,validation,room-64-64-16-random-2.scen,2,6,7,4,57,52,45,63,23,368300,545100,341900,390600,338900,377400,360600,344300,364450,23,87,63,0,24,0,0,64,0,0,0,0,0,0,64,41,41,1096600,1556600,1358900,1093800,1082200,1374200,1364700,1083200,1227750,23,87,63,0,24,0,0,64,0,0,64,2048,2080,0,64,41,41,680800,748900,1056500,686800,664800,946900,884100,667700,717850,23,87,63,0,46,0,22,64,0,0,23,736,768,0,64,41,41,816100,1386000,747500,740900,730000,963300,1186100,755600,785850,23,87,63,0,68,0,44,64,23,23,0,736,768,0,64,41,41,1.0947273107195097,0.090505300948635528,0,0,0,0,0,0,132,176,44
231,sealed_evaluation:room-64-64-16:s2:r8,room,room-64-64-16.map,validation,room-64-64-16-random-2.scen,2,7,8,13,25,46,54,10,65,2557500,2533300,1517400,2226100,3538600,2941300,2539300,1353400,2536300,113,401,236,0,114,0,0,207,0,0,0,0,0,30,207,124,94,3917900,3330300,3087000,5030500,6075000,4378200,4711900,4053400,4215800,65,229,160,0,66,0,0,161,0,0,161,5152,5184,0,161,96,96,2060800,2284700,3540300,4131300,3764000,3472900,2935800,3899700,3506600,65,229,160,0,141,0,75,161,0,0,76,2432,2464,0,161,96,96,2335600,3700900,3612900,2165400,2589500,5984100,3821400,2231100,3101200,65,229,160,0,212,0,146,161,76,72,0,2320,2352,0,161,96,96,0.88438943706154105,-0.12285777369122407,112,0.046052631578947366,112,0.045454545454545456,4,0.053333333333333337,377,519,142
232,sealed_evaluation:room-64-64-16:s2:r9,room,room-64-64-16.map,validation,room-64-64-16-random-2.scen,2,8,9,15,22,20,38,59,75,9988300,11561800,11306200,6846200,9182000,12902400,12488300,10517900,10912050,690,2593,966,0,909,218,0,748,0,0,0,0,0,219,748,180,58,6239300,5458100,7125700,8836300,6197600,3775800,5390400,8349600,6218450,78,293,209,0,79,0,0,210,0,0,210,6720,6752,0,210,132,132,4640100,5566600,5203800,6793900,4866500,8828500,7880500,6575100,6070850,78,293,209,0,248,0,169,210,0,0,170,5440,5472,0,210,132,132,3109900,3083200,4103000,3732600,3251200,9298200,7557200,5153500,3917800,78,293,209,0,337,0,258,210,170,90,0,3200,3232,0,210,132,132,0.64534620357939987,-0.43796835644947502,2240,0.41176470588235292,2240,0.40935672514619881,80,0.47337278106508873,627,805,178
233,sealed_evaluation:room-64-64-16:s2:r10,room,room-64-64-16.map,validation,room-64-64-16-random-2.scen,2,9,10,1,24,12,28,7,9,166900,148100,149400,147400,279200,286800,340800,295300,223050,9,36,27,0,10,0,0,28,0,0,0,0,0,0,28,19,19,587200,471800,482700,976000,847200,2320800,1096000,971400,909300,9,36,27,0,10,0,0,28,0,0,28,896,928,0,28,19,19,317900,277700,274000,829300,480700,875600,822000,313200,399300,9,36,27,0,18,0,8,28,0,0,9,288,320,0,28,19,19,341300,303300,397200,302200,538100,690500,725400,729800,467650,9,36,27,0,26,0,16,28,9,9,0,288,320,0,28,19,19,1.1711745554720761,0.15800713881138428,0,0,0,0,0,0,54,70,16
234,sealed_evaluation:room-64-64-16:s2:r11,room,room-64-64-16.map,validation,room-64-64-16-random-2.scen,2,10,11,20,26,13,17,61,95,24859900,34685100,21119800,29486000,29909500,24877700,34785500,30586500,29697750,1685,6303,2585,0,2004,318,0,1812,0,0,0,0,0,774,1812,679,130,9329400,7271700,4279000,4563300,4616900,4248500,4952900,8544700,4784900,95,337,238,0,96,0,0,239,0,0,239,7648,7680,0,239,144,144,6595600,6410700,8143000,7416700,6685600,5381600,7305900,8038700,6995750,95,337,238,0,295,0,199,239,0,0,200,6400,6432,0,239,144,144,8853900,7007600,7120400,6263100,6307200,7625000,7594600,7361100,7240750,95,337,238,0,428,0,332,239,200,134,0,4552,4584,0,239,144,144,1.0350212629096236,0.034421970380342365,1848,0.28875000000000001,1848,0.28731343283582089,66,0.33165829145728642,733,999,266
235,sealed_evaluation:room-64-64-16:s2:r12,room,room-64-64-16.map,validation,room-64-64-16-random-2.scen,2,11,12,2,25,12,31,3,15,402700,470600,621000,294800,294200,479900,468000,487500,469300,15,60,45,0,16,0,0,46,0,0,0,0,0,0,46,31,31,1508000,1273100,1786100,959200,857700,866400,1517400,1424300,1348700,15,60,45,0,16,0,0,46,0,0,46,1472,1504,0,46,31,31,830300,892400,706500,601900,501600,499800,882100,891200,768400,15,60,45,0,30,0,14,46,0,0,15,480,512,0,46,31,31,864700,956300,1080100,615400,537100,785500,799600,862900,831250,15,60,45,0,44,0,28,46,15,15,0,480,512,0,46,31,31,1.081793336803748,0.078620161075662276,0,0,0,0,0,0,90,118,28
236,sealed_evaluation:room-64-64-16:s2:r13,room,room-64-64-16.map,validation,room-64-64-16-random-2.scen,2,12,13,13,1,4,51,7,61,3891800,2660800,5177500,2680400,6100400,4150700,4736800,4594400,4372550,253,960,391,0,308,54,0,338,0,0,0,0,0,54,338,86,85,4883000,4794400,3000200,4349000,3665400,5472800,5381100,7590300,4838700,61,226,163,0,62,0,0,164,0,0,164,5248,5280,0,164,103,103,4747500,4482100,2712400,3582400,5703800,5187400,3272600,6581100,4614800,61,226,163,0,185,0,123,164,0,0,124,3968,4000,0,164,103,103,4323000,4568100,3620800,2379700,3033000,4793200,4785500,3748100,4035550,61,226,163,0,260,0,198,164,124,76,0,2624,2656,0,164,103,103,0.87447993412498914,-0.13412593032705439,1344,0.33870967741935482,1344,0.33600000000000002,48,0.3902439024390244,472,622,150
237,sealed_evaluation:room-64-64-16:s2:r14,room,room-64-64-16.map,validation,room-64-64-16-random-2.scen,2,13,14,5,51,20,63,6,26,812400,390800,701800,722500,527300,742500,718300,672000,710050,26,101,74,0,27,0,0,75,0,0,0,0,0,0,75,49,49,2382000,2457400,2175200,2388600,1716800,2223900,4394900,1284500,2302950,26,101,74,0,27,0,0,75,0,0,75,2400,2432,0,75,49,49,1304400,1065200,1344600,1009300,1105000,1325800,1450700,802600,1204700,26,101,74,0,52,0,25,75,0,0,26,832,864,0,75,49,49,1585400,845500,1553200,1460100,1479200,1439600,1683100,1645300,1516200,26,101,74,0,77,0,50,75,26,26,0,832,864,0,75,49,49,1.2585705984892503,0.22997663134939644,0,0,0,0,0,0,152,202,50
238,sealed_evaluation:room-64-64-16:s2:r15,room,room-64-64-16.map,validation,room-64-64-16-random-2.scen,2,14,15,3,60,27,50,22,15,283200,435800,423200,428500,463900,285000,252300,412800,418000,15,60,45,0,16,0,0,46,0,0,0,0,0,0,46,31,31,894900,1361600,1341000,1308100,1233100,887700,802500,1369500,1270600,15,60,45,0,16,0,0,46,0,0,46,1472,1504,0,46,31,31,493700,801800,787200,817100,1091400,521200,581100,768300,777750,15,60,45,0,30,0,14,46,0,0,15,480,512,0,46,31,31,930700,842700,868700,840400,798200,886000,516100,502900,841550,15,60,45,0,44,0,28,46,15,15,0,480,512,0,46,31,31,1.0820315011250401,0.078840293794428751,0,0,0,0,0,0,90,118,28
239,sealed_evaluation:room-64-64-16:s2:r16,room,room-64-64-16.map,validation,room-64-64-16-random-2.scen,2,15,16,16,22,7,21,46,84,20475900,16490800,28855100,15465100,15362800,19803200,17739200,16397700,17115000,1364,5102,1912,0,1807,442,0,1471,0,0,0,0,0,442,1471,351,107,7108000,5650600,7065100,8466000,7814600,8331700,6205800,6123200,7086550,163,617,337,0,178,14,0,306,0,0,306,9792,9824,32,306,161,143,5542400,6548100,5264000,5285900,5220000,5485800,6494100,6591000,5514100,163,617,337,0,411,14,233,306,0,0,234,7488,7520,32,306,161,143,7925100,6634600,7861700,6137900,6441100,7707700,6259500,9020700,7171150,163,617,337,0,598,14,420,306,234,188,0,6200,6232,32,306,161,143,1.3005114161875919,0.26275758417453138,1288,0.17200854700854701,1288,0.17127659574468085,46,0.19742489270386265,982,1356,374
240,sealed_evaluation:room-64-64-16:s2:r17,room,room-64-64-16.map,validation,room-64-64-16-random-2.scen,2,16,17,9,47,37,26,12,46,1553900,945000,781800,1283400,779000,876400,726800,893500,884950,64,223,139,0,65,0,0,126,0,0,0,0,0,14,126,76,62,4403500,2627000,2281000,3249100,2291400,4089200,2010800,2366600,2496800,64,223,139,0,65,0,0,126,0,0,126,4032,4064,14,126,76,62,3243000,2431100,1789100,1723300,1678100,2386200,1599300,1856600,1822850,64,223,139,0,128,0,63,126,0,0,64,2048,2080,14,126,76,62,3390800,3971700,1909100,2579000,1863500,1868100,1699500,2900900,2244050,64,223,139,0,191,0,126,126,64,64,0,2048,2080,14,126,76,62,1.2310667361549223,0.20788105869379123,0,0,0,0,0,0,331,457,126
241,sealed_evaluation:room-64-64-16:s2:r18,room,room-64-64-16.map,validation,room-64-64-16-random-2.scen,2,17,18,3,56,41,45,43,15,366000,411600,518200,627700,597900,374700,357800,350500,393150,29,110,59,0,31,1,0,53,0,0,0,0,0,7,53,30,24,1051200,828100,1224700,1231000,1129600,2090200,672400,783400,1090400,15,54,38,0,16,0,0,39,0,0,39,1248,1280,0,39,24,24,1096700,1050500,608500,1036800,1026300,1224800,737600,722300,1031550,15,54,38,0,46,0,30,39,0,0,31,992,1024,0,39,24,24,2419000,1145000,652200,1262900,1668200,1068400,720800,720200,1106700,15,54,38,0,76,0,60,39,31,31,0,992,1024,0,39,24,24,1.0728515340991711,0.070320088836784783,0,0,0,0,0,0,115,175,60
242,sealed_evaluation:room-64-64-16:s2:r19,room,room-64-64-16.map,validation,room-64-64-16-random-2.scen,2,18,19,10,61,10,26,19,50,2932000,4039200,2979300,2633700,3899300,2227100,2183500,2724200,2828100,214,795,360,0,266,51,0,286,0,0,0,0,0,75,286,96,72,3346700,2463900,2965900,2302600,2855900,2241900,3168800,6300500,2910900,50,183,130,0,51,0,0,131,0,0,131,4192,4224,0,131,81,81,3058700,2188400,3340300,2099700,2107100,2610000,2362900,5483300,2486450,50,183,130,0,152,0,101,131,0,0,102,3264,3296,0,131,81,81,2395400,4035000,2406900,2939000,2805200,3693500,2356800,3124300,2872100,50,183,130,0,246,0,195,131,102,95,0,3068,3100,0,131,81,81,1.1551006454986024,0.14418747913720714,196,0.060049019607843139,196,0.05946601941747573,7,0.069306930693069313,384,572,188
243,sealed_evaluation:room-64-64-16:s2:r20,room,room-64-64-16.map,validation,room-64-64-16-random-2.scen,2,19,20,19,8,14,36,54,94,18287200,19589500,20859700,18912000,25176800,19860900,27688900,19547400,19725200,1625,6164,2344,0,2160,534,0,1811,0,0,0,0,0,534,1811,372,186,6467900,8314400,5641500,4585500,7891200,7372400,4577400,5019900,6054700,103,386,268,0,104,0,0,264,0,0,264,8448,8480,5,264,166,161,4695500,5304700,5314700,6016200,5327100,4724100,5132900,6149700,5309700,103,386,268,0,335,0,231,264,0,0,232,7424,7456,5,264,166,161,3879700,6411200,8795400,3955800,3902500,3888500,3932200,8200400,3944000,103,386,268,0,448,0,344,264,232,114,0,4120,4152,5,264,166,161,0.74279149481138296,-0.29733989974229169,3304,0.44504310344827586,3304,0.44313304721030045,118,0.51082251082251084,835,1061,226
244,sealed_evaluation:room-64-64-16:s2:r21,room,room-64-64-16.map,validation,room-64-64-16-random-2.scen,2,20,21,11,56,1,17,14,52,942800,719800,735000,743300,1290800,858200,759200,723500,751250,52,184,130,0,53,0,0,131,0,0,0,0,0,0,131,79,79,2693000,2697300,2248500,2328300,3919000,2485600,2666900,2231000,2576250,52,184,130,0,53,0,0,131,0,0,131,4192,4224,0,131,79,79,1461700,1510100,2676000,1433400,1580400,1452300,1986300,1436300,1485900,52,184,130,0,104,0,51,131,0,0,52,1664,1696,0,131,79,79,1586600,1593500,2559000,2028300,1837700,1588800,2614600,1634700,1736200,52,184,130,0,155,0,102,131,52,52,0,1664,1696,0,131,79,79,1.1684500975839558,0.15567816769540585,0,0,0,0,0,0,286,388,102
245,sealed_evaluation:room-64-64-16:s2:r22,room,room-64-64-16.map,validation,room-64-64-16-random-2.scen,2,21,22,7,27,20,51,8,38,1826600,1841700,3443000,1889500,2945200,1885100,2112800,1824900,1887300,176,651,337,0,177,0,0,226,0,0,0,0,0,112,226,162,52,3102600,2219900,2358100,1906600,3356200,1779300,1783200,1740000,2063250,38,139,100,0,39,0,0,101,0,0,101,3232,3264,0,101,63,63,2162800,1328700,1341200,1377300,1396800,1325600,1991500,1322400,1359250,38,139,100,0,94,0,55,101,0,0,56,1792,1824,0,101,63,63,1515200,1320500,2142100,1376400,1319300,1329500,2043500,1325500,1352950,38,139,100,0,136,0,97,101,56,43,0,1428,1460,0,101,63,63,0.99536509104285453,-0.0046456834530953783,364,0.203125,364,0.19956140350877194,13,0.23636363636363636,250,334,84
246,sealed_evaluation:room-64-64-16:s2:r23,room,room-64-64-16.map,validation,room-64-64-16-random-2.scen,2,22,23,39,25,55,56,63,183,23957200,17500200,17294600,17052300,21200400,17648000,20700700,26057800,19174350,1591,5925,2178,0,1637,45,0,1728,0,0,0,0,0,451,1728,543,146,11708900,9374600,20044100,18286700,11898000,9999300,8600000,11474900,11591900,194,694,479,0,195,0,0,473,0,0,473,15136,15168,7,473,286,279,9980100,10918200,12000800,21148100,9166900,10423000,11175700,8744500,10670600,194,694,479,0,616,0,421,473,0,0,422,13504,13536,7,473,286,279,8597900,11125400,7777200,7260100,14423000,8566100,7737700,16459100,8582000,194,694,479,0,815,0,620,473,422,200,0,7288,7320,7,473,286,279,0.8042659269394411,-0.21782530959071178,6216,0.46030805687203791,6216,0.45921985815602839,222,0.52731591448931114,1517,1915,398
247,sealed_evaluation:room-64-64-16:s2:r24,room,room-64-64-16.map,validation,room-64-64-16-random-2.scen,2,23,24,14,47,9,59,54,69,7440000,5584700,6546000,8141500,6867700,11049300,7292600,7915200,7366300,524,1942,786,0,686,161,0,623,0,0,0,0,0,164,623,222,99,3663000,4436300,9789000,6772400,7490800,7525900,5853800,4704500,6313100,122,429,241,0,137,14,0,224,0,0,224,7168,7200,18,224,106,102,3487900,3128200,4317300,5596600,5481900,7358500,5465700,3565000,4891500,122,429,241,0,280,14,143,224,0,0,144,4608,4640,18,224,106,102,3737700,3660600,5029700,7571500,7833000,6916900,5513300,7089300,6215100,122,429,241,0,417,14,280,224,144,138,0,4440,4472,18,224,106,102,1.270591842992947,0.23948281002246938,168,0.036458333333333336,168,0.036206896551724141,6,0.04195804195804196,665,939,274
248,sealed_evaluation:room-64-64-16:s2:r25,room,room-64-64-16.map,validation,room-64-64-16-random-2.scen,2,24,25,23,12,53,29,19,109,14731500,23514700,17744400,22973400,17520400,21087500,15141800,13981500,17632400,1360,5083,1749,0,1695,334,0,1413,0,0,0,0,0,337,1413,264,100,4804500,6099900,4851500,9987600,9758300,8603500,5394600,7189700,6644800,109,395,280,0,110,0,0,281,0,0,281,8992,9024,0,281,172,172,5614300,5732500,5798100,10462900,9869800,10133800,8706300,7308200,8007250,109,395,280,0,382,0,272,281,0,0,273,8736,8768,0,281,172,172,4969000,5261600,6404800,6334500,5649800,7270000,6605100,5349000,5992150,109,395,280,0,501,0,391,281,273,120,0,4452,4484,0,281,172,172,0.74834056636173463,-0.2898971020038083,4284,0.49038461538461536,4284,0.4885948905109489,153,0.5625,935,1173,238
249,sealed_evaluation:room-64-64-16:s2:r26,room,room-64-64-16.map,validation,room-64-64-16-random-2.scen,2,25,26,23,59,56,1,3,111,3716500,3739800,3394200,4203300,3295800,3267600,3285300,5147000,3555350,273,1022,583,0,274,0,0,450,0,0,0,0,0,134,450,311,177,4942300,4846100,4966900,4838700,4871500,6297000,13336800,6506000,4954600,111,394,279,0,112,0,0,280,0,0,280,8960,8992,0,280,169,169,4178500,3679200,3679100,5302300,4405600,4147000,4321700,4931500,4250100,111,394,279,0,246,0,134,280,0,0,135,4320,4352,0,280,169,169,5282000,6868200,6089600,6483400,8882900,3636100,5290900,3703300,5690250,111,394,279,0,356,0,244,280,135,111,0,3648,3680,0,280,169,169,1.338850850568222,0.29181167183287898,672,0.15555555555555556,672,0.15441176470588236,24,0.17910447761194029,660,880,220
250,sealed_evaluation:room-64-64-16:s3:r2,room,room-64-64-16.map,validation,room-64-64-16-random-3.scen,3,1,2,1,43,52,40,58,9,239600,302500,300100,291400,198800,255800,211700,196400,247700,9,36,27,0,10,0,0,28,0,0,0,0,0,0,28,19,19,1174900,886300,906100,714700,629900,641400,646900,910800,800500,9,36,27,0,10,0,0,28,0,0,28,896,928,0,28,19,19,570300,565100,558400,345300,389500,388200,395600,535800,465700,9,36,27,0,18,0,8,28,0,0,9,288,320,0,28,19,19,663600,625400,600100,600700,423500,508200,406500,336700,554150,9,36,27,0,26,0,16,28,9,9,0,288,320,0,28,19,19,1.1899291389306421,0.17389375823333059,0,0,0,0,0,0,54,70,16
251,sealed_evaluation:room-64-64-16:s3:r3,room,room-64-64-16.map,validation,room-64-64-16-random-3.scen,3,2,3,13,29,7,28,44,68,9692900,9037400,11516000,9615500,8346500,9139000,12262100,8970500,9377250,701,2620,885,0,794,92,0,794,0,0,0,0,0,92,794,140,93,3596500,5658700,4881400,3790200,4655000,4782200,2743300,2985600,4222600,68,242,170,0,69,0,0,171,0,0,171,5472,5504,0,171,103,103,3412600,4119800,4046800,2683800,4008900,3354200,2711300,2923300,3383400,68,242,170,0,188,0,119,171,0,0,120,3840,3872,0,171,103,103,4126000,4464300,4503500,3612100,3864300,2658700,2592800,2578100,3738200,68,242,170,0,275,0,206,171,120,88,0,2944,2976,0,171,103,103,1.1048649287698764,0.099723091090885965,896,0.23333333333333334,896,0.23140495867768596,32,0.26890756302521007,478,652,174
252,sealed_evaluation:room-64-64-16:s3:r4,room,room-64-64-16.map,validation,room-64-64-16-random-3.scen,3,3,4,31,19,57,57,38,149,17300000,14002300,16271000,13834000,12768400,21457400,15411600,15405800,15408700,1164,4311,1537,0,1327,162,0,1293,0,0,0,0,0,245,1293,212,129,8824900,7316600,7838000,6540500,11992100,9291000,12696100,9197900,9011400,149,520,365,0,150,0,0,366,0,0,366,11712,11744,0,366,217,217,5113900,6836400,9904900,7251100,8201700,10330000,8340400,5935700,7726400,149,520,365,0,398,0,248,366,0,0,249,7968,8000,0,366,217,217,6627300,5218000,5998100,7326000,7275300,8967700,7286900,8502500,7281100,149,520,365,0,546,0,396,366,249,149,0,5168,5200,0,366,217,217,0.94236643197349346,-0.059361086441736093,2800,0.35140562248995982,2800,0.34999999999999998,100,0.40322580645161288,1012,1308,296
253,sealed_evaluation:room-64-64-16:s3:r5,room,room-64-64-16.map,validation,room-64-64-16-random-3.scen,3,4,5,15,35,2,23,44,72,9515400,12158700,9172400,8999400,10313200,11387300,8539200,10149500,9832450,771,2894,1052,0,954,182,0,871,0,0,0,0,0,182,871,199,100,4843100,5391500,6348700,5766600,4453700,7409200,3970800,5538500,5465000,137,510,255,0,142,4,0,246,0,0,246,7872,7904,10,246,115,109,4058500,4018800,4266800,4077300,4729900,6777600,4137000,4069200,4107150,137,510,255,0,322,4,180,246,0,0,181,5792,5824,10,246,115,109,4525100,5389300,6964600,4725400,6217700,6044100,5792800,7871400,5918450,137,510,255,0,473,4,331,246,181,152,0,4980,5012,10,246,115,109,1.4410114069366835,0.36534523297264887,812,0.14019337016574585,812,0.13942307692307693,29,0.16111111111111112,758,1060,302
254,sealed_evaluation:room-64-64-16:s3:r6,room,room-64-64-16.map,validation,room-64-64-16-random-3.scen,3,5,6,12,20,31,41,45,63,4410100,5865500,4393900,3956700,3868800,4697300,3627600,3602300,4175300,373,1422,517,0,454,80,0,438,0,0,0,0,0,80,438,117,65,3086100,3597100,5867900,3094300,3373100,3360200,4177200,2788600,3366650,63,244,179,0,64,0,0,180,0,0,180,5760,5792,0,180,117,117,3586900,2900400,3389600,5416500,2935700,3186400,4679800,3118400,3288000,63,244,179,0,203,0,139,180,0,0,140,4480,4512,0,180,117,117,5191500,2434800,2352400,2601500,4222900,2354600,3658700,3705800,3130100,63,244,179,0,265,0,201,180,140,63,0,2324,2356,0,180,117,117,0.9519768856447689,-0.049214524270437106,2156,0.48125000000000001,2156,0.4778368794326241,77,0.5539568345323741,522,646,124
255,sealed_evaluation:room-64-64-16:s3:r7,room,room-64-64-16.map,validation,room-64-64-16-random-3.scen,3,6,7,1,61,37,62,44,8,139400,140000,134800,134600,134400,138200,134000,135100,134950,8,32,24,0,9,0,0,25,0,0,0,0,0,0,25,17,17,586300,685500,437600,426100,427700,429900,426400,551000,433750,8,32,24,0,9,0,0,25,0,0,25,800,832,0,25,17,17,385000,388100,266900,250000,249800,250400,250400,377200,258650,8,32,24,0,16,0,7,25,0,0,8,256,288,0,25,17,17,431100,420000,273300,271500,282000,277000,269600,270700,275150,8,32,24,0,23,0,14,25,8,8,0,256,288,0,25,17,17,1.0637927701527161,0.061840607056243807,0,0,0,0,0,0,48,62,14
256,sealed_evaluation:room-64-64-16:s3:r8,room,room-64-64-16.map,validation,room-64-64-16-random-3.scen,3,7,8,7,26,43,51,47,33,783800,1314800,785200,783000,1434800,789000,771000,1326600,787100,67,248,135,0,83,15,0,121,0,0,0,0,0,15,121,54,54,1532800,1920000,1535700,1529700,3039000,1573800,2296600,1893500,1733650,33,125,90,0,34,0,0,91,0,0,91,2912,2944,0,91,58,58,1007800,1494800,1049200,1231800,1042000,1009900,1005600,1231000,1045600,33,125,90,0,70,0,36,91,0,0,37,1184,1216,0,91,58,58,1119400,1992600,1122100,1114600,1117900,1113600,1109500,1806600,1118650,33,125,90,0,106,0,72,91,37,37,0,1184,1216,0,91,58,58,1.0698641928079571,0.067531717809072897,0,0,0,0,0,0,197,269,72
257,sealed_evaluation:room-64-64-16:s3:r9,room,room-64-64-16.map,validation,room-64-64-16-random-3.scen,3,8,9,9,31,1,50,15,41,4429400,3837200,2839300,4614200,4253200,2895400,3949600,4316200,4101400,222,817,326,0,267,44,0,283,0,0,0,0,0,44,283,76,61,4096800,2375300,2366200,3235500,2986500,2490700,3423200,3343700,3111000,41,145,103,0,42,0,0,104,0,0,104,3328,3360,0,104,63,63,2497400,1779000,2624600,2762000,2209100,1766200,2797500,3199100,2561000,41,145,103,0,99,0,57,104,0,0,58,1856,1888,0,104,63,63,2137800,1947600,2052000,1882600,2374900,2116800,2611600,2235300,2127300,41,145,103,0,147,0,105,104,58,49,0,1604,1636,0,104,63,63,0.83065208902772358,-0.18554423722146451,252,0.13577586206896552,252,0.13347457627118645,9,0.15789473684210525,260,356,96
258,sealed_evaluation:room-64-64-16:s3:r10,room,room-64-64-16.map,validation,room-64-64-16-random-3.scen,3,9,10,5,12,2,25,4,25,1488700,1372300,934000,1507800,1707500,1289600,1169200,1198000,1330950,69,252,104,0,73,3,0,102,0,0,0,0,0,3,102,33,33,2011300,2152700,1819000,2221600,1939100,1796100,1532100,1352400,1879050,25,86,60,0,26,0,0,61,0,0,61,1952,1984,0,61,36,36,1198900,1703200,1711200,2006500,1266400,1593000,1795600,1565400,1648100,25,86,60,0,63,0,37,61,0,0,38,1216,1248,0,61,36,36,1621200,1571700,1507600,1628300,1177700,1777000,963400,1096000,1539650,25,86,60,0,87,0,61,61,38,25,0,852,884,0,61,36,36,0.93419695406832115,-0.068067991390092203,364,0.29934210526315791,364,0.29166666666666669,13,0.35135135135135137,161,209,48
259,sealed_evaluation:room-64-64-16:s3:r11,room,room-64-64-16.map,validation,room-64-64-16-random-3.scen,3,10,11,23,22,6,31,52,109,44924400,40487000,29425500,30863300,42292800,39940300,31092600,44028600,40213650,2656,9949,3405,0,3246,589,0,2804,0,0,0,0,0,602,2804,386,148,5176300,5140300,4909500,9287300,7224000,4932200,4722600,5731500,5158300,109,386,272,0,110,0,0,273,0,0,273,8736,8768,0,273,164,164,5318800,6174400,7192300,6738500,5303800,5936700,4809900,6599200,6055550,109,386,272,0,347,0,237,273,0,0,238,7616,7648,0,273,164,164,5706000,5989600,3697800,7153800,4915500,5622600,6450700,4122000,5664300,109,386,272,0,455,0,345,273,238,109,0,4004,4036,0,273,164,164,0.93538984898151278,-0.066791885810906435,3612,0.47426470588235292,3612,0.47228033472803349,129,0.54430379746835444,857,1073,216
260,sealed_evaluation:room-64-64-16:s3:r12,room,room-64-64-16.map,validation,room-64-64-16-random-3.scen,3,11,12,8,26,11,22,26,41,2703900,5136600,4784000,5253300,4722400,4184500,3467200,6477800,4753200,291,1086,370,0,305,13,0,358,0,0,0,0,0,13,358,67,67,2348500,4004300,2702000,3508100,2475600,2713000,3007100,3896700,2860050,41,151,108,0,42,0,0,109,0,0,109,3488,3520,0,109,68,68,1755600,2058100,2000700,2220400,3204800,1970200,3403700,3033200,2139250,41,151,108,0,106,0,64,109,0,0,65,2080,2112,0,109,68,68,1613100,2050200,2550700,2151900,2947000,1894900,1967100,2241300,2101050,41,151,108,0,146,0,104,109,65,41,0,1408,1440,0,109,68,68,0.98214327451209538,-0.018018080544998771,672,0.32307692307692309,672,0.31818181818181818,24,0.375,279,359,80
261,sealed_evaluation:room-64-64-16:s3:r13,room,room-64-64-16.map,validation,room-64-64-16-random-3.scen,3,12,13,17,21,13,33,61,82,8419700,14775100,5822600,5698600,9333600,9304000,9758200,10706100,9318800,575,2130,746,0,640,64,0,683,0,0,0,0,0,64,683,108,108,4387000,7006500,6355600,5320700,6404900,5153800,5252000,6897700,5838150,83,285,198,0,84,0,0,199,0,0,199,6368,6400,0,199,116,116,3444400,3952600,5318000,3930900,6565400,4759100,6106000,6407300,5038550,83,285,198,0,226,0,142,199,0,0,143,4576,4608,0,199,116,116,3317200,3098200,4147100,4993000,4888700,5196800,5261000,4204500,4546600,83,285,198,0,309,0,225,199,143,84,0,2924,2956,0,199,116,116,0.90236278294350558,-0.1027386413943423,1652,0.36101398601398599,1652,0.35850694444444442,59,0.41549295774647887,567,733,166
262,sealed_evaluation:room-64-64-16:s3:r14,room,room-64-64-16.map,validation,room-64-64-16-random-3.scen,3,13,14,6,49,37,56,58,30,1704300,1449400,1490700,2469600,1883100,1414000,2097900,1277300,1597500,100,379,201,0,102,1,0,139,0,0,0,0,0,63,139,101,39,2466500,2845000,1921300,2871100,3028700,1936100,2571400,1630500,2518950,30,116,85,0,31,0,0,86,0,0,86,2752,2784,0,86,56,56,2409700,2622200,1673500,2160900,2896100,1594100,1518800,1523200,1917200,30,116,85,0,85,0,54,86,0,0,55,1760,1792,0,86,56,56,1582200,1813700,1412100,2502700,2236000,1259400,1626100,1623900,1625000,30,116,85,0,114,0,83,86,55,30,0,1060,1092,0,86,56,56,0.84759023576048409,-0.16535797252163831,700,0.39772727272727271,700,0.390625,25,0.46296296296296297,225,283,58
263,sealed_evaluation:room-64-64-16:s3:r15,room,room-64-64-16.map,validation,room-64-64-16-random-3.scen,3,14,15,16,51,1,34,57,75,6272000,11108600,20143400,7956400,7150000,9786700,7959100,7278700,7957750,470,1760,869,0,697,226,0,589,0,0,0,0,0,281,589,335,119,4483600,4118000,11392600,12311100,6192200,6397600,5925400,5155500,6058800,75,273,195,0,76,0,0,196,0,0,196,6272,6304,0,196,121,121,6961900,8720100,5610600,4721700,4640500,3837800,4263200,3655800,4681100,75,273,195,0,175,0,99,196,0,0,100,3200,3232,0,196,121,121,3039900,2880300,7396600,4624600,5627600,3907800,5296300,4991200,4807900,75,273,195,0,264,0,188,196,100,90,0,2920,2952,0,196,121,121,1.0270876503385957,0.026727273301344032,280,0.087499999999999994,280,0.086633663366336627,10,0.10101010101010101,470,648,178
264,sealed_evaluation:room-64-64-16:s3:r16,room,room-64-64-16.map,validation,room-64-64-16-random-3.scen,3,15,16,12,27,11,36,46,60,6835800,5914700,7991600,5725900,8109200,5365700,5303700,6499100,6206900,439,1646,570,0,476,36,0,535,0,0,0,0,0,36,535,96,96,3935500,2851200,4503400,5087000,5603100,5200100,4554800,3681900,4529100,60,223,161,0,61,0,0,162,0,0,162,5184,5216,0,162,102,102,2803000,2266400,2574500,5109200,5737700,5857400,3446000,3534200,3490100,60,223,161,0,173,0,112,162,0,0,113,3616,3648,0,162,102,102,2012600,1991000,3783800,2934200,4628700,4817300,3320900,4899700,3552350,60,223,161,0,232,0,171,162,113,60,0,2132,2164,0,162,102,102,1.0178361651528609,0.017678967212636391,1484,0.41039823008849557,1484,0.4067982456140351,53,0.4732142857142857,447,565,118
265,sealed_evaluation:room-64-64-16:s3:r17,room,room-64-64-16.map,validation,room-64-64-16-random-3.scen,3,16,17,7,44,7,19,4,36,2093600,1694000,4352500,2669500,2330700,4184700,2085500,1541600,2212150,159,604,240,0,190,30,0,211,0,0,0,0,0,30,211,58,52,2143700,2873700,6883500,3154100,2068300,1649500,2775400,1970400,2459550,36,131,94,0,37,0,0,95,0,0,95,3040,3072,0,95,59,59,1860200,2527300,1504900,2157900,2017000,1958000,2023000,1704300,1987500,36,131,94,0,98,0,61,95,0,0,62,1984,2016,0,95,59,59,2185600,1757300,1697600,4092000,1946900,5401400,2184100,1581300,2065500,36,131,94,0,159,0,122,95,62,62,0,1984,2016,0,95,59,59,1.0392452830188679,0.03849476030833221,0,0,0,0,0,0,254,376,122
266,sealed_evaluation:room-64-64-16:s3:r18,room,room-64-64-16.map,validation,room-64-64-16-random-3.scen,3,17,18,7,56,13,49,34,32,2700200,1641600,2218900,2395900,2104000,1690500,2764400,2450400,2307400,120,433,201,0,167,46,0,156,0,0,0,0,0,46,156,74,36,2488800,2082300,2242800,2472300,2578900,1723600,2681200,2488800,2480550,32,103,70,0,33,0,0,71,0,0,71,2272,2304,0,71,39,39,2351300,1441300,1407500,2245900,2257100,1562400,2114800,2459500,2180350,32,103,70,0,88,0,55,71,0,0,56,1792,1824,0,71,39,39,1595900,1413000,1672500,2025300,1448700,1442400,1567700,2142600,1581800,32,103,70,0,119,0,86,71,56,32,0,1120,1152,0,71,39,39,0.72547985415185634,-0.32092197526968785,672,0.375,672,0.36842105263157893,24,0.43636363636363634,214,276,62
267,sealed_evaluation:room-64-64-16:s3:r19,room,room-64-64-16.map,validation,room-64-64-16-random-3.scen,3,18,19,13,50,54,31,18,69,8872700,10776500,21375800,11370200,8645300,6116700,8358500,8395800,8759000,563,2108,809,0,643,79,0,705,0,0,0,0,0,105,705,168,142,5469700,5663300,4152700,5554400,4276200,4047500,3028300,3627600,4214450,69,241,170,0,70,0,0,171,0,0,171,5472,5504,0,171,102,102,4047300,4674900,4656300,3380400,3344900,3225000,2453100,2524400,3362650,69,241,170,0,169,0,99,171,0,0,100,3200,3232,0,171,102,102,3574200,3322600,3628700,5941600,3589100,3213600,2411700,2383600,3448400,69,241,170,0,247,0,177,171,100,79,0,2612,2644,0,171,102,102,1.0255007211574205,0.02518100175522946,588,0.18375,588,0.18193069306930693,21,0.21212121212121213,439,595,156
268,sealed_evaluation:room-64-64-16:s3:r20,room,room-64-64-16.map,validation,room-64-64-16-random-3.scen,3,19,20,20,8,14,37,56,97,21642700,20138600,25293200,28121600,33314800,30112900,18685700,18791800,23467950,1732,6579,2428,0,2236,503,0,1926,0,0,0,0,0,503,1926,394,194,11424700,4832300,8109600,7945800,9243400,6873100,5970000,4228400,7409450,109,405,277,0,110,0,0,272,0,0,272,8704,8736,6,272,169,163,7718400,6089100,12646200,10767000,8204800,9434000,9035600,7938700,8620200,109,405,277,0,348,0,238,272,0,0,239,7648,7680,6,272,169,163,4252100,4225800,6432900,6288000,7505400,8034700,5043100,4519300,5665550,109,405,277,0,468,0,358,272,239,121,0,4344,4376,6,272,169,163,0.65724113129625761,-0.41970430911665546,3304,0.43200836820083682,3304,0.43020833333333336,118,0.49579831932773111,864,1104,240
269,sealed_evaluation:room-64-64-16:s3:r21,room,room-64-64-16.map,validation,room-64-64-16-random-3.scen,3,20,21,12,60,14,17,8,57,2954500,2874600,2814800,3144300,5239500,3578600,3817300,3351400,3247850,273,1038,414,0,334,60,0,355,0,0,0,0,0,60,355,121,82,4062200,3759500,3743200,4372300,4104500,5720100,3744800,3381000,3910850,105,409,247,0,106,0,0,206,0,0,206,6592,6624,42,206,143,101,4798900,6323400,4662800,3702800,3671800,3677500,4140900,3754100,3947500,105,409,247,0,278,0,172,206,0,0,173,5536,5568,42,206,143,101,3995600,4426400,5485300,5088200,5449400,8911900,5292100,6597800,5370750,105,409,247,0,432,0,326,206,173,155,0,5032,5064,42,206,143,101,1.3605446485117163,0.30788509642536172,504,0.091040462427745661,504,0.090517241379310345,18,0.10465116279069768,698,1006,308
270,sealed_evaluation:room-64-64-16:s3:r22,room,room-64-64-16.map,validation,room-64-64-16-random-3.scen,3,21,22,8,39,12,52,38,39,1378800,1162400,1181600,1152000,1319700,1382900,1754200,1151500,1250650,105,365,203,0,106,0,0,167,0,0,0,0,0,37,167,99,62,1959800,1756700,1557700,2116000,1561200,1566100,1895200,1533500,1661400,39,127,86,0,40,0,0,87,0,0,87,2784,2816,0,87,48,48,1291700,1458800,1243700,2104200,1433700,1161900,1510700,1153100,1362700,39,127,86,0,84,0,44,87,0,0,45,1440,1472,0,87,48,48,1788600,1223200,1286100,1238300,1351400,1223800,3036800,1322800,1304450,39,127,86,0,122,0,82,87,45,39,0,1272,1304,0,87,48,48,0.95725398106699933,-0.043686529775194376,168,0.11666666666666667,168,0.11413043478260869,6,0.13636363636363635,215,291,76
271,sealed_evaluation:room-64-64-16:s3:r23,room,room-64-64-16.map,validation,room-64-64-16-random-3.scen,3,22,23,36,0,58,57,63,168,16711200,19074500,17336700,15915400,14590300,21215600,17148000,13276400,16929600,1189,4409,1549,0,1291,101,0,1366,0,0,0,0,0,184,1366,260,177,11687100,11025000,10963700,12022700,13747900,17376500,12026500,7583100,11854900,172,599,417,0,173,0,0,416,0,0,416,13312,13344,2,416,246,244,8166000,8445800,12062100,8018700,13770200,29490000,12190500,9589500,10825800,172,599,417,0,422,0,249,416,0,0,250,8000,8032,2,416,246,244,9520300,11793400,11773200,9851200,13859200,9560200,9750200,9562300,9800700,172,599,417,0,620,0,447,416,250,199,0,6572,6604,2,416,246,244,0.90530953832511218,-0.099478362463114853,1428,0.17849999999999999,1428,0.17778884462151395,51,0.20481927710843373,1089,1485,396
272,sealed_evaluation:room-64-64-16:s3:r24,room,room-64-64-16.map,validation,room-64-64-16-random-3.scen,3,23,24,7,47,39,53,59,34,1797600,1101800,1836900,1073100,1065100,1136500,1396500,1841100,1266500,109,399,165,0,118,8,0,158,0,0,0,0,0,8,158,49,49,1814100,1551200,2536600,1529300,2314100,2288100,1845000,1568500,1829550,34,123,88,0,35,0,0,89,0,0,89,2848,2880,0,89,55,55,1383500,1326200,1341900,1349900,1842000,1337600,1362500,1317600,1345900,34,123,88,0,94,0,59,89,0,0,60,1920,1952,0,89,55,55,1204300,1188800,2256700,1220300,1452500,1193400,1196600,2201600,1212300,34,123,88,0,127,0,92,89,60,34,0,1192,1224,0,89,55,55,0.90073556727840109,-0.10454355248713225,728,0.37916666666666665,728,0.37295081967213117,26,0.44067796610169491,242,308,66
273,sealed_evaluation:room-64-64-16:s3:r25,room,room-64-64-16.map,validation,room-64-64-16-random-3.scen,3,24,25,31,25,56,18,31,148,20377600,17537500,21790800,15570700,20907500,15579600,16773000,16332500,17155250,1416,5273,1646,0,1578,161,0,1486,0,0,0,0,0,161,1486,155,70,9632400,9781100,8800500,7542000,9200500,7228400,9379300,13735100,9289900,148,538,383,0,149,0,0,384,0,0,384,12288,12320,0,384,236,236,12358600,9856200,9745600,9662100,8933900,9432700,8790800,8931600,9547400,148,538,383,0,470,0,321,384,0,0,322,10304,10336,0,384,236,236,10083900,13170200,5693400,8229100,7810000,5429000,5645700,5612300,6751700,148,538,383,0,617,0,468,384,322,148,0,5432,5464,0,384,236,236,0.70717682300940565,-0.34647454108968634,4872,0.47282608695652173,4872,0.47136222910216719,174,0.54205607476635509,1175,1469,294
274,sealed_evaluation:room-64-64-16:s3:r26,room,room-64-64-16.map,validation,room-64-64-16-random-3.scen,3,25,26,11,60,4,18,9,51,2832800,3840300,2628700,4333800,2568000,3918100,3119100,4079900,3479700,241,936,403,0,300,58,0,331,0,0,0,0,0,73,331,120,90,2371800,6027900,3755700,2384900,3669600,2619800,3509100,3036800,3272950,51,191,138,0,52,0,0,139,0,0,139,4448,4480,0,139,88,88,2472100,3462800,3872300,2705400,2469200,2269200,3111900,2253500,2588750,51,191,138,0,160,0,108,139,0,0,109,3488,3520,0,139,88,88,2543800,2916500,1892300,2739200,1875000,1851700,1872000,3216100,2218050,51,191,138,0,210,0,158,139,109,51,0,1864,1896,0,139,88,88,0.85680347658136169,-0.15454670222218772,1624,0.46559633027522934,1624,0.46136363636363636,58,0.53703703703703709,407,507,100
275,sealed_evaluation:room-64-64-16:s4:r2,room,room-64-64-16.map,validation,room-64-64-16-random-4.scen,4,1,2,2,2,25,9,20,12,193300,213300,213900,194100,192000,195700,197000,193700,194900,12,48,36,0,13,0,0,37,0,0,0,0,0,0,37,25,25,619600,796200,621000,773000,622000,654600,622800,624700,623750,12,48,36,0,13,0,0,37,0,0,37,1184,1216,0,37,25,25,631000,408000,399200,370800,366100,368300,364600,365200,369550,12,48,36,0,24,0,11,37,0,0,12,384,416,0,37,25,25,499800,439500,438700,397500,398500,399100,397900,401600,400350,12,48,36,0,35,0,22,37,12,12,0,384,416,0,37,25,25,1.083344608307401,0.080053115287747154,0,0,0,0,0,0,72,94,22
276,sealed_evaluation:room-64-64-16:s4:r3,room,room-64-64-16.map,validation,room-64-64-16-random-4.scen,4,2,3,4,40,18,25,13,20,325200,309700,311500,491100,862900,348200,377500,373200,360700,25,91,59,0,26,0,0,57,0,0,0,0,0,3,57,35,32,907400,892000,897900,1791000,1994300,1133200,1726800,2018500,1430000,25,91,59,0,26,0,0,57,0,0,57,1824,1856,3,57,35,32,626100,623800,620500,1310000,1137700,1010300,693400,1002300,847850,25,91,59,0,50,0,24,57,0,0,25,800,832,3,57,35,32,701400,688600,694800,752500,1268900,954800,760000,858000,756250,25,91,59,0,74,0,48,57,25,25,0,800,832,3,57,35,32,0.89196202158400661,-0.11433172400808522,0,0,0,0,0,0,134,182,48
277,sealed_evaluation:room-64-64-16:s4:r4,room,room-64-64-16.map,validation,room-64-64-16-random-4.scen,4,3,4,24,34,46,6,34,118,27396900,46911900,35389200,32368600,34367700,23128600,27937400,34802400,33368150,2268,8497,2684,0,2534,265,0,2356,0,0,0,0,0,329,2356,208,106,6429200,7747100,8089400,6037600,7999400,6319800,5882800,6164500,6374500,118,434,312,0,119,0,0,313,0,0,313,10016,10048,0,313,195,195,5837100,8327200,10586400,9481400,6684400,6760200,8009300,7851500,7930400,118,434,312,0,412,0,293,313,0,0,294,9408,9440,0,313,195,195,4194900,9411400,7578300,6469800,5675200,7098600,5092800,5913100,6191450,118,434,312,0,529,0,410,313,294,118,0,4480,4512,0,313,195,195,0.78072354484010897,-0.24753416768364114,4928,0.52380952380952384,4928,0.52203389830508473,176,0.60068259385665534,1018,1252,234
278,sealed_evaluation:room-64-64-16:s4:r5,room,room-64-64-16.map,validation,room-64-64-16-random-4.scen,4,4,5,1,20,8,26,8,6,106400,107000,105100,105200,104300,105700,105500,106100,105600,6,24,19,0,7,0,0,20,0,0,0,0,0,0,20,14,14,338800,337300,340800,336900,336100,337100,335300,335200,337000,6,24,19,0,7,0,0,20,0,0,20,640,672,0,20,14,14,193300,192200,194300,190700,196400,192300,192000,192600,192450,6,24,19,0,12,0,5,20,0,0,6,192,224,0,20,14,14,217300,208000,209600,207700,207600,239600,215000,207400,208800,6,24,19,0,17,0,10,20,6,6,0,192,224,0,20,14,14,1.0849571317225253,0.081540476278728485,0,0,0,0,0,0,37,47,10
279,sealed_evaluation:room-64-64-16:s4:r6,room,room-64-64-16.map,validation,room-64-64-16-random-4.scen,4,5,6,15,62,56,56,7,73,4368100,6954800,5778000,6238500,5048500,5983000,4711800,5200400,5489200,474,1757,596,0,539,64,0,533,0,0,0,0,0,64,533,117,59,3320200,3024900,3302500,4588600,3501300,4667500,3205200,4569800,3410750,73,252,176,0,74,0,0,177,0,0,177,5664,5696,0,177,104,104,4532500,2790700,3056100,6093800,4419200,3134600,2663000,2834800,3095350,73,252,176,0,204,0,130,177,0,0,131,4192,4224,0,177,104,104,3145400,4218300,4985000,7853100,5524900,5408400,4748600,3189500,4866800,73,252,176,0,325,0,251,177,131,122,0,3940,3972,0,177,104,104,1.5722939247581049,0.45253565156632353,252,0.060114503816793896,252,0.059659090909090912,9,0.069230769230769235,511,753,242
280,sealed_evaluation:room-64-64-16:s4:r7,room,room-64-64-16.map,validation,room-64-64-16-random-4.scen,4,6,7,1,24,55,20,60,9,148900,166200,150300,150000,149500,237900,177600,182100,158250,9,36,27,0,10,0,0,28,0,0,0,0,0,0,28,19,19,792900,515700,474100,628800,464500,706500,531600,529500,530550,9,36,27,0,10,0,0,28,0,0,28,896,928,0,28,19,19,395000,303600,288500,275700,852100,422100,326900,259200,315250,9,36,27,0,18,0,8,28,0,0,9,288,320,0,28,19,19,338400,332300,354700,298300,480200,474100,345100,349400,347250,9,36,27,0,26,0,16,28,9,9,0,288,320,0,28,19,19,1.1015067406819985,0.096679006789424288,0,0,0,0,0,0,54,70,16
281,sealed_evaluation:room-64-64-16:s4:r8,room,room-64-64-16.map,validation,room-64-64-16-random-4.scen,4,7,8,9,27,9,7,19,42,4297700,5396700,3262300,6280700,3302300,3310500,5236100,3882400,4090050,337,1275,473,0,429,91,0,383,0,0,0,0,0,91,383,125,52,2878500,1881500,1854700,2378600,1868900,1899300,2044300,1991900,1945600,42,150,107,0,43,0,0,108,0,0,108,3456,3488,0,108,66,66,2008700,1930700,2024500,1943900,3552500,1952100,3899100,1932900,1980400,42,150,107,0,140,0,97,108,0,0,98,3136,3168,0,108,66,66,1598600,1543900,1546100,1545700,2432700,1562000,3306000,2675300,1580300,42,150,107,0,181,0,138,108,98,42,0,1568,1600,0,108,66,66,0.797970107049081,-0.22568414207220991,1568,0.5,1568,0.49494949494949497,56,0.57731958762886593,345,427,82
282,sealed_evaluation:room-64-64-16:s4:r9,room,room-64-64-16.map,validation,room-64-64-16-random-4.scen,4,8,9,23,63,60,4,5,114,6536400,3387600,5148600,5494200,3739500,5198600,3679600,3898100,4523350,228,834,487,0,229,0,0,394,0,0,0,0,0,94,394,260,166,9979400,10337400,6452800,6746500,6885400,6936100,8002500,7875500,7405800,114,392,273,0,115,0,0,274,0,0,274,8768,8800,0,274,160,160,3621100,10298000,6495500,6638000,7018300,4943700,6113400,4781200,6304450,114,392,273,0,252,0,137,274,0,0,138,4416,4448,0,274,160,160,5130800,3766700,7856100,5832700,7471300,5819000,5428300,5440300,5629650,114,392,273,0,365,0,250,274,138,114,0,3744,3776,0,274,160,160,0.89296449333407357,-0.11320846000019261,672,0.15217391304347827,672,0.15107913669064749,24,0.17518248175182483,663,889,226
283,sealed_evaluation:room-64-64-16:s4:r10,room,room-64-64-16.map,validation,room-64-64-16-random-4.scen,4,9,10,6,34,20,57,30,33,497700,1658600,1618600,676500,1240700,586200,726700,678200,702450,33,128,94,0,34,0,0,95,0,0,0,0,0,0,95,62,62,1609200,1676500,3400800,2164900,2467300,2446300,2161700,2124500,2163300,33,128,94,0,34,0,0,95,0,0,95,3040,3072,0,95,62,62,959000,1130700,1297300,1562400,1521800,1623600,1208800,979700,1253050,33,128,94,0,66,0,32,95,0,0,33,1056,1088,0,95,62,62,1587700,1666400,1415000,1441000,1933900,1258300,1752400,1460700,1524200,33,128,94,0,98,0,64,95,33,33,0,1056,1088,0,95,62,62,1.2163920035114322,0.19588910290225306,0,0,0,0,0,0,193,257,64
284,sealed_evaluation:room-64-64-16:s4:r11,room,room-64-64-16.map,validation,room-64-64-16-random-4.scen,4,10,11,4,62,42,46,43,19,615800,427300,413500,648000,388900,383100,380900,468800,420400,32,123,65,0,33,0,0,66,0,0,0,0,0,0,66,34,34,1186100,1807300,1207400,1820600,889200,895600,1651500,1361000,1284200,19,71,52,0,20,0,0,53,0,0,53,1696,1728,0,53,34,34,1376000,1620100,990400,903300,973300,895500,894800,995000,981850,19,71,52,0,65,0,45,53,0,0,46,1472,1504,0,53,34,34,3219600,1621300,1134100,1759200,1026200,1043800,1028100,2046900,1377700,19,71,52,0,110,0,90,53,46,46,0,1472,1504,0,53,34,34,1.4031674899424555,0.33873217385431409,0,0,0,0,0,0,163,253,90
285,sealed_evaluation:room-64-64-16:s4:r12,room,room-64-64-16.map,validation,room-64-64-16-random-4.scen,4,11,12,4,61,40,63,56,22,512900,663300,566700,507800,511200,573700,515800,516400,516100,48,166,82,0,61,12,0,71,0,0,0,0,0,12,71,23,23,929000,1027700,921500,920100,919400,930100,923600,929900,926300,22,75,52,0,23,0,0,53,0,0,53,1696,1728,0,53,31,31,765900,1213300,851400,758000,756500,1128700,940700,758400,808650,22,75,52,0,55,0,32,53,0,0,33,1056,1088,0,53,31,31,860700,1431200,858600,852400,856300,1477300,880500,857100,859650,22,75,52,0,87,0,64,53,33,33,0,1056,1088,0,53,31,31,1.0630680764236691,0.061159139100068725,0,0,0,0,0,0,140,204,64
286,sealed_evaluation:room-64-64-16:s4:r13,room,room-64-64-16.map,validation,room-64-64-16-random-4.scen,4,12,13,14,49,25,1,11,62,934400,930800,2244500,2012700,922600,930500,932500,934200,933350,67,240,172,0,68,0,0,173,0,0,0,0,0,0,173,106,106,2782900,4024800,8523900,5610400,2688400,4407200,3617500,2782400,3821150,62,226,163,0,63,0,0,164,0,0,164,5248,5280,0,164,102,102,1749000,2333300,1792200,3341100,1829700,2438100,2173700,2220300,2197000,62,226,163,0,125,0,62,164,0,0,63,2016,2048,0,164,102,102,2372800,2377300,2157900,1996100,1937800,1954000,1948000,2132200,2064150,62,226,163,0,186,0,123,164,63,62,0,1988,2020,0,164,102,102,0.93953117888029125,-0.062374274005209882,28,0.013888888888888888,28,0.013671875,1,0.016129032258064516,351,473,122
287,sealed_evaluation:room-64-64-16:s4:r14,room,room-64-64-16.map,validation,room-64-64-16-random-4.scen,4,13,14,31,63,2,17,49,143,43877200,39207300,45380900,37302300,37955300,54277500,52854700,69257900,44629050,3282,12251,4769,0,4738,1455,0,3315,0,0,0,0,0,1455,3315,1252,168,6447000,10737800,7333600,11536400,9945100,7232200,11851800,9292200,9618650,143,511,363,0,144,0,0,364,0,0,364,11648,11680,0,364,221,221,12944900,8580500,9521500,12771800,6367600,8926400,12995100,8083900,9223950,143,511,363,0,495,0,351,364,0,0,352,11264,11296,0,364,221,221,30842100,8067800,6326000,6020300,9351600,7346800,10936000,9341800,8704800,143,511,363,0,637,0,493,364,352,143,0,5412,5444,0,364,221,221,0.94371717106012065,-0.057928764655596945,5852,0.51953125,5852,0.51805949008498586,209,0.59544159544159547,1210,1494,284
288,sealed_evaluation:room-64-64-16:s4:r15,room,room-64-64-16.map,validation,room-64-64-16-random-4.scen,4,14,15,12,8,47,15,14,54,7550500,6550500,7621900,4892900,4713800,5714900,4660000,5096000,5405450,473,1786,711,0,643,169,0,543,0,0,0,0,0,169,543,185,70,2902700,2441800,2532200,2970600,2465700,3662900,2690100,2502700,2611150,54,201,145,0,55,0,0,146,0,0,146,4672,4704,0,146,92,92,2722100,2582000,2487800,2835400,2855700,2686200,3403900,2339500,2704150,54,201,145,0,170,0,115,146,0,0,116,3712,3744,0,146,92,92,2400600,3075300,1994300,2008100,2274700,1940400,2035200,2844900,2154950,54,201,145,0,223,0,168,146,116,54,0,1976,2008,0,146,92,92,0.79690475750235745,-0.22702010858451274,1736,0.46767241379310343,1736,0.46367521367521369,62,0.53913043478260869,431,537,106
289,sealed_evaluation:room-64-64-16:s4:r16,room,room-64-64-16.map,validation,room-64-64-16-random-4.scen,4,15,16,4,51,23,60,15,17,274600,298500,241600,238800,240600,436000,325500,234100,258100,17,58,41,0,18,0,0,42,0,0,0,0,0,0,42,25,25,1950100,923200,774600,735400,738800,2480800,701800,678200,756700,17,58,41,0,18,0,0,42,0,0,42,1344,1376,0,42,25,25,913800,610400,491100,489700,1704700,581800,674900,454900,596100,17,58,41,0,34,0,16,42,0,0,17,544,576,0,42,25,25,736400,659100,546800,532500,1588200,945100,682000,509000,670550,17,58,41,0,50,0,32,42,17,17,0,544,576,0,42,25,25,1.1248951518201644,0.11768983293106831,0,0,0,0,0,0,92,124,32
290,sealed_evaluation:room-64-64-16:s4:r17,room,room-64-64-16.map,validation,room-64-64-16-random-4.scen,4,16,17,13,25,1,58,33,65,5473200,2680400,2789400,2719200,2035400,2347900,3720200,2246900,2699800,197,704,384,0,198,0,0,294,0,0,0,0,0,91,294,188,97,2663800,3182300,4404300,5600800,3368400,3861900,2910500,2531100,3275350,65,209,142,0,66,0,0,143,0,0,143,4576,4608,0,143,78,78,1867400,2803600,2416400,4188800,1899700,1959800,1910600,2181800,2070800,65,209,142,0,137,0,71,143,0,0,72,2304,2336,0,143,78,78,2077300,3330000,2157800,2134000,2067600,2434900,2075000,2304300,2145900,65,209,142,0,208,0,142,143,72,72,0,2304,2336,0,143,78,78,1.0362661773227737,0.035624038754701451,0,0,0,0,0,0,351,493,142
291,sealed_evaluation:room-64-64-16:s4:r18,room,room-64-64-16.map,validation,room-64-64-16-random-4.scen,4,17,18,11,13,42,13,13,53,3829700,3836200,3995400,4227700,8237400,4263800,4758300,4799900,4245750,423,1605,519,0,467,43,0,477,0,0,0,0,0,43,477,89,54,2386900,3183300,2387000,3729100,2808200,2330700,2467100,3705200,2637650,53,192,137,0,54,0,0,138,0,0,138,4416,4448,0,138,85,85,2255400,2317800,2673600,6131600,2304500,4637100,2763900,2291600,2495700,53,192,137,0,164,0,110,138,0,0,111,3552,3584,0,138,85,85,2654300,1890700,3051200,1916200,1906500,5389400,3146900,1900700,2285250,53,192,137,0,216,0,162,138,111,53,0,1928,1960,0,138,85,85,0.91567496093280443,-0.08809382342402361,1624,0.4572072072072072,1624,0.453125,58,0.52727272727272723,412,516,104
292,sealed_evaluation:room-64-64-16:s4:r19,room,room-64-64-16.map,validation,room-64-64-16-random-4.scen,4,18,19,28,15,58,56,18,133,14998300,18188600,15959000,15301500,27111100,23602100,20795100,28161500,19491850,1356,5054,1846,0,1769,412,0,1435,0,0,0,0,0,412,1435,258,88,6747400,8144300,7276800,6067900,11072000,7867800,12914800,13472700,8006050,133,479,341,0,134,0,0,342,0,0,342,10944,10976,0,342,209,209,7596100,6173000,11467100,13359200,10018200,11568000,10535000,10644900,10589950,133,479,341,0,426,0,292,342,0,0,293,9376,9408,0,342,209,209,5175000,7080500,5066500,5717700,8360400,7312000,6591900,14873800,6836200,133,479,341,0,570,0,436,342,293,145,0,5232,5264,0,342,209,209,0.64553657004990583,-0.43767341646611657,4144,0.44197952218430037,4144,0.44047619047619047,148,0.50684931506849318,1060,1348,288
293,sealed_evaluation:room-64-64-16:s4:r20,room,room-64-64-16.map,validation,room-64-64-16-random-4.scen,4,19,20,17,57,47,10,11,83,2172800,1150300,1155600,1968200,1090800,1340800,2236800,2102600,1654500,83,294,209,0,84,0,0,210,0,0,0,0,0,0,210,127,127,13198000,4567600,4509000,4971600,3284100,4045900,4717100,6137800,4642350,83,294,209,0,84,0,0,210,0,0,210,6720,6752,0,210,127,127,3332900,2791100,3633400,2825900,2603400,2378300,3095900,5184100,2960900,83,294,209,0,166,0,82,210,0,0,83,2656,2688,0,210,127,127,3713700,2698000,3696900,2371900,3980000,2557500,4128900,5662100,3705300,83,294,209,0,248,0,164,210,83,83,0,2656,2688,0,210,127,127,1.2514100442433045,0.22427095095498456,0,0,0,0,0,0,458,622,164
294,sealed_evaluation:room-64-64-16:s4:r21,room,room-64-64-16.map,validation,room-64-64-16-random-4.scen,4,20,21,26,2,46,57,35,126,11874500,11797300,17278600,19938000,13838700,13484500,13767900,28201800,13803300,1161,4299,1605,0,1401,239,0,1284,0,0,0,0,0,322,1284,206,123,7305400,6774100,7700700,9873500,5290300,7891400,5528400,18171300,7503050,126,445,314,0,127,0,0,315,0,0,315,10080,10112,0,315,189,189,4637600,5108500,6108800,4860900,8127600,4531500,6163200,9424800,5608650,126,445,314,0,330,0,203,315,0,0,204,6528,6560,0,315,189,189,6008100,6590700,4867000,4709600,4690600,4055200,5021300,5175600,4944150,126,445,314,0,455,0,328,315,204,126,0,4344,4376,0,315,189,189,0.88152229146051186,-0.12610498936354025,2184,0.33455882352941174,2184,0.3329268292682927,78,0.38423645320197042,848,1098,250
295,sealed_evaluation:room-64-64-16:s4:r22,room,room-64-64-16.map,validation,room-64-64-16-random-4.scen,4,21,22,16,61,26,1,12,76,5401300,11109500,5064100,4440400,4443500,5038400,6877800,5736700,5232700,400,1497,790,0,401,0,0,534,0,0,0,0,0,257,534,391,134,4748500,3943000,5334500,5211200,3726500,5156900,3579000,3823800,4345750,76,284,206,0,77,0,0,207,0,0,207,6624,6656,0,207,131,131,2758600,4179700,4258000,3533000,4674800,2850200,2893800,2536900,3213400,76,284,206,0,179,0,102,207,0,0,103,3296,3328,0,207,131,131,2558600,3262100,2644500,2558300,2559700,3516300,2849000,2616600,2630550,76,284,206,0,254,0,177,207,103,76,0,2540,2572,0,207,131,131,0.81861890832140416,-0.20013661682582334,756,0.22936893203883496,756,0.22716346153846154,27,0.26470588235294118,488,638,150
296,sealed_evaluation:room-64-64-16:s4:r23,room,room-64-64-16.map,validation,room-64-64-16-random-4.scen,4,22,23,33,22,36,7,63,152,30818200,27603000,27065400,24190900,30577100,24848900,29361000,38976800,28482000,2401,9000,2846,0,2635,233,0,2536,0,0,0,0,0,311,2536,213,135,9716000,11575800,7479900,7669100,7413800,9317900,6392800,9631500,8493500,152,559,400,0,153,0,0,401,0,0,401,12832,12864,0,401,249,249,8278300,8493100,9269500,9707200,12005000,9845700,7650400,9041700,9155600,152,559,400,0,508,0,355,401,0,0,356,11392,11424,0,401,249,249,9609000,7249400,6825300,8873200,10851300,7273200,12628500,8833200,8853200,152,559,400,0,733,0,580,401,356,226,0,7752,7784,0,401,249,249,0.96697103412119356,-0.033586738350603294,3640,0.31952247191011235,3640,0.31862745098039214,130,0.36619718309859156,1264,1714,450
297,sealed_evaluation:room-64-64-16:s4:r24,room,room-64-64-16.map,validation,room-64-64-16-random-4.scen,4,23,24,26,55,5,10,59,119,40663600,67557300,64276600,34716200,35213100,32198200,30134700,37119200,36166150,2476,9299,3695,0,3413,936,0,2611,0,0,0,0,0,1085,2611,998,160,7849000,9452700,8487700,7470400,12437700,5439300,4906100,5451500,7659700,119,441,317,0,120,0,0,318,0,0,318,10176,10208,0,318,199,199,6789700,10999600,12906100,7216200,8805800,6715300,6558000,8115000,7665600,119,441,317,0,398,0,278,318,0,0,279,8928,8960,0,318,199,199,9607400,7361900,13029800,6315200,8376500,10638800,6026300,6713400,7869200,119,441,317,0,607,0,487,318,279,210,0,6996,7028,0,318,199,199,1.0265602170736798,0.026213618273252921,1932,0.21639784946236559,1932,0.21562500000000001,69,0.24820143884892087,994,1412,418
298,sealed_evaluation:room-64-64-16:s4:r25,room,room-64-64-16.map,validation,room-64-64-16-random-4.scen,4,24,25,10,29,43,35,15,52,3081300,3440800,3125600,3406700,3070700,3493800,3702500,3426700,3416700,333,1255,427,0,354,20,0,408,0,0,0,0,0,20,408,75,75,2215600,2778800,2245000,3165600,2217300,4390000,3259400,2216600,2511900,52,180,126,0,53,0,0,127,0,0,127,4064,4096,0,127,75,75,2379100,1912200,2944800,2742900,4179800,1935600,1915600,2105000,2242050,52,180,126,0,135,0,82,127,0,0,83,2656,2688,0,127,75,75,4577400,1725600,1945100,1730200,7466900,2876600,1711000,2009700,1977400,52,180,126,0,186,0,133,127,83,52,0,1788,1820,0,127,75,75,0.88196070560424611,-0.12560777543690066,868,0.32680722891566266,868,0.32291666666666669,31,0.37804878048780488,344,446,102
299,sealed_evaluation:room-64-64-16:s4:r26,room,room-64-64-16.map,validation,room-64-64-16-random-4.scen,4,25,26,31,8,59,60,42,147,13221900,13775300,13360700,13828200,13297000,14933600,16683900,15375200,13801750,1201,4453,1684,0,1436,234,0,1344,0,0,0,0,0,341,1344,250,143,9362200,7096700,14431300,7052000,8653800,6623900,7783000,7177000,7480000,151,542,380,0,152,0,0,379,0,0,379,12128,12160,2,379,230,228,6656300,28356400,5772400,7571400,6609400,7290400,7034400,8835200,7162400,151,542,380,0,401,0,249,379,0,0,250,8000,8032,2,379,230,228,8150000,9514900,6675200,7166100,6005200,5467600,8708400,5534400,6920650,151,542,380,0,563,0,411,379,250,163,0,5564,5596,2,379,230,228,0.9662473472579024,-0.034335424483598762,2436,0.30449999999999999,2436,0.30328685258964144,87,0.3493975903614458,1031,1355,324
300,sealed_evaluation:warehouse-10-20-10-2-1:s1:r2,warehouse,warehouse-10-20-10-2-1.map,validation,warehouse-10-20-10-2-1-random-1.scen,1,1,2,40,143,57,10,16,174,2586800,2287900,2333500,2874700,2148000,2750900,4407000,2792800,2668850,174,496,322,0,175,0,0,323,0,0,0,0,0,0,323,149,149,7069100,7383900,9479200,6433900,5951900,8499600,6392800,6104000,6751500,174,496,322,0,175,0,0,323,0,0,323,10336,10368,0,323,149,149,4599300,5468900,4833600,5327200,7917900,5124800,4445600,5190300,5157550,174,496,322,0,348,0,173,323,0,0,174,5568,5600,0,323,149,149,5264300,7124200,5805200,7447400,5228700,6400700,4619000,5630700,5717950,174,496,322,0,521,0,346,323,174,174,0,5568,5600,0,323,149,149,1.1086562418202441,0.10314868900993035,0,0,0,0,0,0,844,1190,346
301,sealed_evaluation:warehouse-10-20-10-2-1:s1:r3,warehouse,warehouse-10-20-10-2-1.map,validation,warehouse-10-20-10-2-1-random-1.scen,1,2,3,16,134,28,91,6,65,710400,1175000,709300,851000,1182500,999700,706800,1694300,925350,68,158,91,0,69,0,0,92,0,0,0,0,0,0,92,24,24,1831800,1780700,1791300,1887500,1879100,2668500,2800800,2658000,1883300,68,158,91,0,69,0,0,92,0,0,92,2944,2976,0,92,24,24,1647300,1981800,2061200,2973900,1692800,6309500,1884400,1730000,1933100,68,158,91,0,136,0,67,92,0,0,68,2176,2208,0,92,24,24,1858100,2635400,1857300,1851900,1896900,3785000,1858800,6037100,1877850,68,158,91,0,203,0,134,92,68,68,0,2176,2208,0,92,24,24,0.97141896435776731,-0.028997426553865141,0,0,0,0,0,0,295,429,134
302,sealed_evaluation:warehouse-10-20-10-2-1:s1:r4,warehouse,warehouse-10-20-10-2-1.map,validation,warehouse-10-20-10-2-1-random-1.scen,1,3,4,19,66,7,36,56,79,876600,816000,1081500,906800,867600,921400,871400,1588600,891700,79,196,118,0,80,0,0,119,0,0,0,0,0,0,119,40,40,2211900,3740700,2617500,2329600,2263400,4280400,2276000,3691100,2473550,79,196,118,0,80,0,0,119,0,0,119,3808,3840,0,119,40,40,1792200,2306300,1783600,1971400,3568200,2353600,2028400,2052800,2040600,79,196,118,0,158,0,78,119,0,0,79,2528,2560,0,119,40,40,2777800,2268600,2005900,2535100,5063700,3806500,2187700,2188400,2401850,79,196,118,0,236,0,156,119,79,79,0,2528,2560,0,119,40,40,1.1770312653141233,0.16299539148873571,0,0,0,0,0,0,355,511,156
303,sealed_evaluation:warehouse-10-20-10-2-1:s1:r5,warehouse,warehouse-10-20-10-2-1.map,validation,warehouse-10-20-10-2-1-random-1.scen,1,4,5,5,25,49,48,49,23,250800,367500,378800,249200,254800,249800,397200,384200,311150,23,52,30,0,24,0,0,31,0,0,0,0,0,0,31,8,8,615400,1256400,632500,622100,615100,617200,1189000,948400,627300,23,52,30,0,24,0,0,31,0,0,31,992,1024,0,31,8,8,566800,1047900,1045300,567400,568500,563000,1021500,572400,570450,23,52,30,0,46,0,22,31,0,0,23,736,768,0,31,8,8,628600,964000,995000,637100,639500,641300,1120400,1158800,802650,23,52,30,0,68,0,44,31,23,23,0,736,768,0,31,8,8,1.4070470681041283,0.34149323038304491,0,0,0,0,0,0,99,143,44
304,sealed_evaluation:warehouse-10-20-10-2-1:s1:r6,warehouse,warehouse-10-20-10-2-1.map,validation,warehouse-10-20-10-2-1-random-1.scen,1,5,6,5,104,1,112,13,22,271600,442900,440100,277000,270100,271900,1083800,882500,358550,25,59,35,0,26,0,0,36,0,0,0,0,0,0,36,11,11,694300,700400,1227100,704400,700200,693500,2753900,1188700,702400,25,59,35,0,26,0,0,36,0,0,36,1152,1184,0,36,11,11,615900,616500,1076600,629400,618900,651700,912300,1009800,640550,25,59,35,0,50,0,24,36,0,0,25,800,832,0,36,11,11,686700,967100,1140100,1127600,678400,692100,1126100,1915300,1046600,25,59,35,0,74,0,48,36,25,25,0,800,832,0,36,11,11,1.6339083600031223,0.49097491163566476,0,0,0,0,0,0,110,158,48
305,sealed_evaluation:warehouse-10-20-10-2-1:s1:r7,warehouse,warehouse-10-20-10-2-1.map,validation,warehouse-10-20-10-2-1-random-1.scen,1,6,7,12,72,46,110,58,50,1055600,1217500,1607800,2916700,793000,977100,781900,1311400,1136550,82,178,97,0,83,0,0,98,0,0,0,0,0,0,98,16,16,1868600,1858000,3207200,4023800,2024100,2538300,1813100,2001200,2012650,76,166,91,0,77,0,0,92,0,0,92,2944,2976,0,92,16,16,2129300,1784500,2677900,2100400,1810400,3046900,2013300,1842100,2056850,76,166,91,0,153,0,76,92,0,0,77,2464,2496,0,92,16,16,3175100,1999200,3740500,4875200,2013400,2075200,2048300,3362500,2625150,76,166,91,0,229,0,152,92,77,77,0,2464,2496,0,92,16,16,1.2762962782896177,0.24396235098691338,0,0,0,0,0,0,321,473,152
306,sealed_evaluation:warehouse-10-20-10-2-1:s1:r8,warehouse,warehouse-10-20-10-2-1.map,validation,warehouse-10-20-10-2-1-random-1.scen,1,7,8,10,155,1,154,41,41,1093500,629900,624500,1166600,598600,1162300,627500,622500,628700,41,162,121,0,42,0,0,122,0,0,0,0,0,0,122,81,81,4268100,4737600,2054100,3443900,1840200,1832700,2067800,2085100,2076450,41,162,121,0,42,0,0,122,0,0,122,3904,3936,0,122,81,81,3322000,1338400,1201900,1148000,1101800,1261800,2362700,1834600,1300100,41,162,121,0,82,0,40,122,0,0,41,1312,1344,0,122,81,81,3107800,1326600,1333100,2150300,1224500,1964200,1645000,1328400,1489050,41,162,121,0,122,0,80,122,41,41,0,1312,1344,0,122,81,81,1.1453349742327514,0.13569714813571762,0,0,0,0,0,0,244,324,80
307,sealed_evaluation:warehouse-10-20-10-2-1:s1:r9,warehouse,warehouse-10-20-10-2-1.map,validation,warehouse-10-20-10-2-1-random-1.scen,1,8,9,8,19,43,17,10,35,588100,1248700,567000,502000,499300,576400,531800,534300,550650,35,140,105,0,36,0,0,106,0,0,0,0,0,0,106,71,71,2199900,4599200,1982000,1636800,1579600,2183100,1786300,2996800,2082550,35,140,105,0,36,0,0,106,0,0,106,3392,3424,0,106,71,71,2060300,1942800,2593000,939700,1269900,1056400,1041400,1201800,1235850,35,140,105,0,70,0,34,106,0,0,35,1120,1152,0,106,71,71,2685300,1911100,1505000,1067900,1873800,1143000,1142600,1150100,1327550,35,140,105,0,104,0,68,106,35,35,0,1120,1152,0,106,71,71,1.0741999433588219,0.071576145760512522,0,0,0,0,0,0,210,278,68
308,sealed_evaluation:warehouse-10-20-10-2-1:s1:r10,warehouse,warehouse-10-20-10-2-1.map,validation,warehouse-10-20-10-2-1-random-1.scen,1,9,10,5,21,42,39,37,23,293100,347000,332500,298500,295800,296300,503600,331800,315150,23,68,45,0,24,0,0,46,0,0,0,0,0,0,46,23,23,830400,828800,1421700,849000,833600,833900,1329300,947900,841450,23,68,45,0,24,0,0,46,0,0,46,1472,1504,0,46,23,23,619800,621600,734000,617400,639300,613200,613200,944400,620700,23,68,45,0,46,0,22,46,0,0,23,736,768,0,46,23,23,681600,981200,1314700,963500,687500,684200,1012400,922300,942900,23,68,45,0,68,0,44,46,23,23,0,736,768,0,46,23,23,1.5190913484775255,0.41811235905202465,0,0,0,0,0,0,114,158,44
309,sealed_evaluation:warehouse-10-20-10-2-1:s1:r11,warehouse,warehouse-10-20-10-2-1.map,validation,warehouse-10-20-10-2-1-random-1.scen,1,10,11,21,155,6,78,28,99,1256800,1250400,1993600,1294300,1274600,1264500,1261100,1831500,1269550,113,293,180,0,114,0,0,181,0,0,0,0,0,0,181,68,68,4361700,3357300,4476500,3373400,3658000,3796000,3413300,4798400,3727000,113,293,180,0,114,0,0,181,0,0,181,5792,5824,0,181,68,68,2840900,3549000,3749900,4737600,2826800,3787700,4479300,2830200,3649450,113,293,180,0,226,0,112,181,0,0,113,3616,3648,0,181,68,68,3310300,4377200,3598000,3651000,3516700,3199800,4289700,3203500,3557350,113,293,180,0,338,0,224,181,113,113,0,3616,3648,0,181,68,68,0.97476332050034942,-0.025560585657174149,0,0,0,0,0,0,519,743,224
310,sealed_evaluation:warehouse-10-20-10-2-1:s1:r12,warehouse,warehouse-10-20-10-2-1.map,validation,warehouse-10-20-10-2-1-random-1.scen,1,11,12,17,119,4,73,28,70,1413600,1152400,2247700,1166600,2095400,1184100,1160900,1704600,1298850,126,276,151,0,127,0,0,152,0,0,0,0,0,0,152,26,26,4053000,3161400,4445700,2969500,3607800,4659200,3144200,3826800,3717300,126,276,151,0,127,0,0,152,0,0,152,4864,4896,0,152,26,26,2912700,5137100,2886600,5488600,2660400,3464400,4523400,2897800,3188550,126,276,151,0,252,0,125,152,0,0,126,4032,4064,0,152,26,26,3251900,3446100,3303100,3312900,4771100,3793700,3346700,3407000,3376850,126,276,151,0,377,0,250,152,126,126,0,4032,4064,0,152,26,26,1.0590550563735868,0.057377054289215468,0,0,0,0,0,0,529,779,250
311,sealed_evaluation:warehouse-10-20-10-2-1:s1:r13,warehouse,warehouse-10-20-10-2-1.map,validation,warehouse-10-20-10-2-1-random-1.scen,1,12,13,15,101,19,38,19,63,2020200,1105700,628300,637500,773700,591800,1165600,626400,705600,63,136,74,0,64,0,0,75,0,0,0,0,0,0,75,12,12,2537000,1550600,2448300,1927800,1556200,1713400,1559900,1519300,1636650,63,136,74,0,64,0,0,75,0,0,75,2400,2432,0,75,12,12,1861700,1502600,1843600,1763600,1514700,1381400,2445700,1506200,1639150,63,136,74,0,126,0,62,75,0,0,63,2016,2048,0,75,12,12,1787700,2912400,1685000,2044200,2315800,1581400,3738700,1683500,1915950,63,136,74,0,188,0,124,75,63,63,0,2016,2048,0,75,12,12,1.1688680108592868,0.15603576838165806,0,0,0,0,0,0,263,387,124
312,sealed_evaluation:warehouse-10-20-10-2-1:s1:r14,warehouse,warehouse-10-20-10-2-1.map,validation,warehouse-10-20-10-2-1-random-1.scen,1,13,14,30,58,13,143,54,126,1529200,1510700,1561000,2147500,2344300,2225700,1526900,2373100,1854250,126,364,238,0,127,0,0,239,0,0,0,0,0,0,239,113,113,5538300,5981300,4356100,4407600,4989000,6554800,6754100,11346600,5759800,126,364,238,0,127,0,0,239,0,0,239,7648,7680,0,239,113,113,4961700,4337400,4493800,3276900,3277500,3348400,9248400,4242900,4290150,126,364,238,0,252,0,125,239,0,0,126,4032,4064,0,239,113,113,4249500,3646800,4805100,5362000,3627500,3616300,4164600,3823700,3994150,126,364,238,0,377,0,250,239,126,126,0,4032,4064,0,239,113,113,0.93100474342388961,-0.071490906740724294,0,0,0,0,0,0,616,866,250
313,sealed_evaluation:warehouse-10-20-10-2-1:s1:r15,warehouse,warehouse-10-20-10-2-1.map,validation,warehouse-10-20-10-2-1-random-1.scen,1,14,15,12,70,61,74,16,51,628000,620400,882300,721900,627600,624400,633500,897800,630750,56,143,88,0,57,0,0,89,0,0,0,0,0,0,89,33,33,3068400,2743800,2331700,1764400,1673100,2112900,1683800,2818000,2222300,56,143,88,0,57,0,0,89,0,0,89,2848,2880,0,89,33,33,4968300,1992100,1404600,1410600,1475400,1669600,1410900,1602600,1539000,56,143,88,0,112,0,55,89,0,0,56,1792,1824,0,89,33,33,3595800,1605500,2266100,1590100,2399000,1698900,1568700,2057100,1878000,56,143,88,0,167,0,110,89,56,56,0,1792,1824,0,89,33,33,1.2202729044834308,0.19907452592932903,0,0,0,0,0,0,256,366,110
314,sealed_evaluation:warehouse-10-20-10-2-1:s1:r16,warehouse,warehouse-10-20-10-2-1.map,validation,warehouse-10-20-10-2-1-random-1.scen,1,15,16,28,102,29,8,58,123,1533300,1460400,1572600,6562000,2268100,2567500,1475300,1468600,1552950,123,348,225,0,124,0,0,226,0,0,0,0,0,0,226,103,103,7204600,5143200,4181200,7839400,7880600,5046200,6008000,4948900,5575600,123,348,225,0,124,0,0,226,0,0,226,7232,7264,0,226,103,103,2918200,3427900,3421100,8715800,6076100,2894500,2966000,5722200,3424500,123,348,225,0,246,0,122,226,0,0,123,3936,3968,0,226,103,103,3235200,3610800,5625300,4738600,5516200,6848600,3518000,3657600,4198100,123,348,225,0,368,0,244,226,123,123,0,3936,3968,0,226,103,103,1.2259015914732079,0.20367656632598569,0,0,0,0,0,0,594,838,244
315,sealed_evaluation:warehouse-10-20-10-2-1:s1:r17,warehouse,warehouse-10-20-10-2-1.map,validation,warehouse-10-20-10-2-1-random-1.scen,1,16,17,15,3,37,58,50,68,832400,3016900,1319100,1073400,1382100,1154500,893600,774800,1113950,68,196,129,0,69,0,0,130,0,0,0,0,0,0,130,62,62,2599800,3011900,2807600,3899200,3050300,3170400,2332700,2078000,2909750,68,196,129,0,69,0,0,130,0,0,130,4160,4192,0,130,62,62,1782700,3190000,5743100,3869800,2446700,1904700,2597500,1627700,2522100,68,196,129,0,136,0,67,130,0,0,68,2176,2208,0,130,62,62,1964300,3038100,6985300,2603300,2308200,2977000,2447800,1807100,2525550,68,196,129,0,203,0,134,130,68,68,0,2176,2208,0,130,62,62,1.0013679076959676,0.0013669729625575265,0,0,0,0,0,0,333,467,134
316,sealed_evaluation:warehouse-10-20-10-2-1:s1:r18,warehouse,warehouse-10-20-10-2-1.map,validation,warehouse-10-20-10-2-1-random-1.scen,1,17,18,14,77,61,114,40,58,582200,820700,1281100,959600,993300,617900,994900,621600,890150,58,137,80,0,59,0,0,81,0,0,0,0,0,0,81,23,23,1417100,3124700,2988400,1979100,2306200,1620200,1807100,1635000,1893100,58,137,80,0,59,0,0,81,0,0,81,2592,2624,0,81,23,23,1341400,2532800,1434200,1594000,3374900,1434400,2003800,1434500,1514250,58,137,80,0,116,0,57,81,0,0,58,1856,1888,0,81,23,23,3202100,2097900,2254700,2973500,2079200,1592000,2837800,1598100,2176300,58,137,80,0,173,0,114,81,58,58,0,1856,1888,0,81,23,23,1.4372131418193825,0.36270592025896486,0,0,0,0,0,0,254,368,114
317,sealed_evaluation:warehouse-10-20-10-2-1:s1:r19,warehouse,warehouse-10-20-10-2-1.map,validation,warehouse-10-20-10-2-1-random-1.scen,1,18,19,36,142,52,21,22,151,1737500,1735500,1980900,2106400,3071200,1795800,1758100,1662500,1776950,151,404,253,0,152,0,0,254,0,0,0,0,0,0,254,103,103,5279300,5711800,4872400,4774800,4963800,7013500,4763300,4566900,4918100,151,404,253,0,152,0,0,254,0,0,254,8128,8160,0,254,103,103,4706000,5208700,3897900,4453200,3835700,5072900,4344400,3583300,4398800,151,404,253,0,302,0,150,254,0,0,151,4832,4864,0,254,103,103,4725400,5141500,6560400,6466000,9656500,4364500,5559200,5735200,5647200,151,404,253,0,452,0,300,254,151,151,0,4832,4864,0,254,103,103,1.2838046740020006,0.24982807064448306,0,0,0,0,0,0,706,1006,300
318,sealed_evaluation:warehouse-10-20-10-2-1:s1:r20,warehouse,warehouse-10-20-10-2-1.map,validation,warehouse-10-20-10-2-1-random-1.scen,1,19,20,15,129,16,102,50,61,903100,1265000,670600,668100,690000,942800,666800,670600,680300,61,150,90,0,62,0,0,91,0,0,0,0,0,0,91,30,30,1799000,1738000,1750100,2343200,1797300,1808000,1799200,1776300,1798150,61,150,90,0,62,0,0,91,0,0,91,2912,2944,0,91,30,30,1523000,2277400,1755400,2658600,1517200,1518100,2599200,2184900,1970150,61,150,90,0,122,0,60,91,0,0,61,1952,1984,0,91,30,30,1700100,4435500,1692900,1748900,1951800,1964700,1738300,3176800,1850350,61,150,90,0,182,0,120,91,61,61,0,1952,1984,0,91,30,30,0.93919244727558815,-0.062734871597806996,0,0,0,0,0,0,273,393,120
319,sealed_evaluation:warehouse-10-20-10-2-1:s1:r21,warehouse,warehouse-10-20-10-2-1.map,validation,warehouse-10-20-10-2-1-random-1.scen,1,20,21,29,51,49,141,16,123,1249000,2630300,2417900,1317100,1326700,1544900,1242300,2233800,1435800,123,294,172,0,124,0,0,173,0,0,0,0,0,0,173,50,50,3075600,3457400,3748000,4550100,3460600,6370300,3087900,4271400,3604300,123,294,172,0,124,0,0,173,0,0,173,5536,5568,0,173,50,50,2930200,3046800,4885300,4577300,3937900,6535600,5346600,5057600,4731300,123,294,172,0,246,0,122,173,0,0,123,3936,3968,0,173,50,50,6818600,5159200,4203200,3414500,5619600,6099700,5870900,7667700,5745250,123,294,172,0,368,0,244,173,123,123,0,3936,3968,0,173,50,50,1.2143068501257583,0.19417342027539369,0,0,0,0,0,0,541,785,244
320,sealed_evaluation:warehouse-10-20-10-2-1:s1:r22,warehouse,warehouse-10-20-10-2-1.map,validation,warehouse-10-20-10-2-1-random-1.scen,1,21,22,17,43,4,110,1,70,1304900,719800,1043600,979300,822400,691200,917000,694500,869700,70,148,79,0,71,0,0,80,0,0,0,0,0,0,80,10,10,2918800,3962900,3614600,2471400,3085100,2058900,1898200,1654400,2695100,70,148,79,0,71,0,0,80,0,0,80,2560,2592,0,80,10,10,2847300,3749100,2417600,2706600,2113300,1665300,2132300,1662500,2274950,70,148,79,0,140,0,69,80,0,0,70,2240,2272,0,80,10,10,3372500,2980500,3129300,2996000,1870400,1846400,3156600,1924400,2988250,70,148,79,0,209,0,138,80,70,70,0,2240,2272,0,80,10,10,1.3135453526451131,0.27272985763653784,0,0,0,0,0,0,289,427,138
321,sealed_evaluation:warehouse-10-20-10-2-1:s1:r23,warehouse,warehouse-10-20-10-2-1.map,validation,warehouse-10-20-10-2-1-random-1.scen,1,22,23,24,30,4,117,13,96,1075300,1079100,1087200,1249900,1202500,1457900,999900,1196900,1142050,108,238,131,0,109,0,0,132,0,0,0,0,0,0,132,24,24,2629800,2804300,2629300,3969400,2677500,3103400,2398500,2971200,2740900,108,238,131,0,109,0,0,132,0,0,132,4224,4256,0,132,24,24,2536600,2550200,3486000,3784100,2586300,2942200,4252400,2476200,2764250,108,238,131,0,216,0,107,132,0,0,108,3456,3488,0,132,24,24,3563300,2842700,5200400,2847900,5276200,2877000,3028600,2928600,2978600,108,238,131,0,323,0,214,132,108,108,0,3456,3488,0,132,24,24,1.0775436375146965,0.074684041029256021,0,0,0,0,0,0,455,669,214
322,sealed_evaluation:warehouse-10-20-10-2-1:s1:r24,warehouse,warehouse-10-20-10-2-1.map,validation,warehouse-10-20-10-2-1-random-1.scen,1,23,24,17,116,55,66,34,71,754000,2006300,788800,1016000,873200,884700,1078700,1360200,950350,71,166,96,0,72,0,0,97,0,0,0,0,0,0,97,26,26,2174500,1949400,1961800,3341000,2460100,1927000,2529600,3888900,2317300,71,166,96,0,72,0,0,97,0,0,97,3104,3136,0,97,26,26,2560500,2315700,3168100,2596100,1789700,2210000,1910200,3015800,2438100,71,166,96,0,142,0,70,97,0,0,71,2272,2304,0,97,26,26,3078600,2001300,2906100,2224900,2217300,2334100,2099200,2410000,2279500,71,166,96,0,212,0,140,97,71,71,0,2272,2304,0,97,26,26,0.93494934580205902,-0.067262926773772672,0,0,0,0,0,0,309,449,140
323,sealed_evaluation:warehouse-10-20-10-2-1:s1:r25,warehouse,warehouse-10-20-10-2-1.map,validation,warehouse-10-20-10-2-1-random-1.scen,1,24,25,0,133,52,135,53,3,92800,88100,108400,94600,79700,75800,64700,59500,83900,3,8,6,0,4,0,0,7,0,0,0,0,0,0,7,4,4,260500,247200,269900,221700,233500,223200,181100,220100,228350,3,8,6,0,4,0,0,7,0,0,7,224,256,0,7,4,4,146600,165500,164000,154200,197800,160200,271600,110900,162100,3,8,6,0,6,0,2,7,0,0,3,96,128,0,7,4,4,189900,193700,186500,172600,165900,160600,243000,119700,179550,3,8,6,0,8,0,4,7,3,3,0,96,128,0,7,4,4,1.1076495990129549,0.10224029193046137,0,0,0,0,0,0,15,19,4
324,sealed_evaluation:warehouse-10-20-10-2-1:s1:r26,warehouse,warehouse-10-20-10-2-1.map,validation,warehouse-10-20-10-2-1-random-1.scen,1,25,26,21,102,5,30,19,86,2113400,2374700,1691300,1115800,1779600,3015600,2582000,1936300,2024850,110,242,133,0,111,0,0,134,0,0,0,0,0,0,134,24,24,5000400,4820500,5155800,4164700,4838300,5004800,5292200,6020000,5002600,110,242,133,0,111,0,0,134,0,0,134,4288,4320,0,134,24,24,5000900,4837400,5854600,3442200,4827000,4896100,5131900,3950700,4866750,110,242,133,0,220,0,109,134,0,0,110,3520,3552,0,134,24,24,5540600,6326700,6218200,4367500,5492100,7925800,5729500,6119200,5924350,110,242,133,0,329,0,218,134,110,110,0,3520,3552,0,134,24,24,1.2173113474084347,0.19664461317459983,0,0,0,0,0,0,463,681,218
325,sealed_evaluation:warehouse-10-20-10-2-1:s2:r2,warehouse,warehouse-10-20-10-2-1.map,validation,warehouse-10-20-10-2-1-random-2.scen,2,1,2,34,3,40,124,11,150,4554700,6384600,4663500,4600500,7493800,3634900,4616500,3084500,4608500,212,632,374,0,213,0,0,333,0,0,0,0,0,42,333,163,121,10357700,6820000,7275500,11239400,14753700,9999300,9896400,6027500,9947850,150,418,268,0,151,0,0,269,0,0,269,8608,8640,0,269,119,119,8817100,12681500,12841700,14363400,5160500,8957300,5955000,8116600,8887200,150,418,268,0,331,0,180,269,0,0,181,5792,5824,0,269,119,119,7482800,6900300,11623300,10653600,8625800,9459400,9811100,8178900,9042600,150,418,268,0,511,0,360,269,181,181,0,5792,5824,0,269,119,119,1.0174858223062382,0.01733470438617303,0,0,0,0,0,0,780,1140,360
326,sealed_evaluation:warehouse-10-20-10-2-1:s2:r3,warehouse,warehouse-10-20-10-2-1.map,validation,warehouse-10-20-10-2-1-random-2.scen,2,2,3,29,20,18,99,61,122,3593800,2851600,2550700,2709800,5526700,7092800,2989200,2463200,2920400,234,520,286,0,235,0,0,287,0,0,0,0,0,0,287,53,53,7439600,10101400,7987300,10422700,11200700,13334100,7301000,9053200,9577300,234,520,286,0,235,0,0,287,0,0,287,9184,9216,0,287,53,53,7169700,11419900,11256800,9289800,6416700,13807100,9403500,6954600,9346650,234,520,286,0,468,0,233,287,0,0,234,7488,7520,0,287,53,53,9654300,6653400,11642300,8147800,9191300,15699000,7939500,7152400,8669550,234,520,286,0,701,0,466,287,234,234,0,7488,7520,0,287,53,53,0.9275569321628605,-0.075201103998534982,0,0,0,0,0,0,988,1454,466
327,sealed_evaluation:warehouse-10-20-10-2-1:s2:r4,warehouse,warehouse-10-20-10-2-1.map,validation,warehouse-10-20-10-2-1-random-2.scen,2,3,4,13,156,48,102,45,57,943400,2561700,1827400,1684700,2990400,942900,1760400,980700,1722550,81,259,156,0,82,0,0,137,0,0,0,0,0,20,137,76,56,3013500,8560200,5031200,4698800,3094700,4886600,3375500,2569500,4037150,81,259,156,0,82,0,0,137,0,0,137,4384,4416,20,137,76,56,4093300,4209800,3773600,3842100,3489700,3563800,3051400,2299600,3668700,81,259,156,0,162,0,80,137,0,0,81,2592,2624,20,137,76,56,3882500,8426100,3535800,2796400,4560100,4158500,9163700,2579000,4020500,81,259,156,0,242,0,160,137,81,81,0,2592,2624,20,137,76,56,1.0958922779186089,0.091568897124769955,0,0,0,0,0,0,399,559,160
328,sealed_evaluation:warehouse-10-20-10-2-1:s2:r5,warehouse,warehouse-10-20-10-2-1.map,validation,warehouse-10-20-10-2-1-random-2.scen,2,4,5,8,159,21,147,50,41,1219400,714300,690600,890600,906300,1156100,1204100,1061900,984100,41,163,122,0,42,0,0,123,0,0,0,0,0,0,123,82,82,3630200,6084700,2333600,2610900,2922700,2053000,3860300,3689400,3276450,41,163,122,0,42,0,0,123,0,0,123,3936,3968,0,123,82,82,1994800,1398300,1386900,2137400,2408800,1625000,2206800,2330800,2066100,41,163,122,0,82,0,40,123,0,0,41,1312,1344,0,123,82,82,3610400,1423100,1759200,1828800,2090300,2117300,2415900,2293100,2103800,41,163,122,0,122,0,80,123,41,41,0,1312,1344,0,123,82,82,1.0182469386767339,0.018082461086411431,0,0,0,0,0,0,245,325,80
329,sealed_evaluation:warehouse-10-20-10-2-1:s2:r6,warehouse,warehouse-10-20-10-2-1.map,validation,warehouse-10-20-10-2-1-random-2.scen,2,5,6,8,55,28,48,4,33,385900,406500,370000,386500,446500,370600,424400,618400,396500,33,84,52,0,34,0,0,53,0,0,0,0,0,0,53,20,20,1015000,1409400,1018500,1009300,1905500,1256700,1017900,2194200,1137600,33,84,52,0,34,0,0,53,0,0,53,1696,1728,0,53,20,20,1353800,957600,846400,848600,2741200,850400,846700,1299400,904000,33,84,52,0,66,0,32,53,0,0,33,1056,1088,0,53,20,20,2486600,1058000,933000,936500,1451400,934200,942000,942600,942300,33,84,52,0,98,0,64,53,33,33,0,1056,1088,0,53,20,20,1.0423672566371682,0.041494334820534141,0,0,0,0,0,0,151,215,64
330,sealed_evaluation:warehouse-10-20-10-2-1:s2:r7,warehouse,warehouse-10-20-10-2-1.map,validation,warehouse-10-20-10-2-1-random-2.scen,2,6,7,40,158,56,22,15,177,2658900,2791000,2760900,2555700,3685500,7699100,3588700,3363300,3077150,210,620,385,0,211,0,0,364,0,0,0,0,0,22,364,176,154,10031700,11066500,9589300,15507500,11033500,8970200,8358800,7330800,9810500,210,620,385,0,211,0,0,364,0,0,364,11648,11680,22,364,176,154,10397400,6691900,5765200,22661100,9204200,6074000,8033400,8003100,8018250,210,620,385,0,420,0,209,364,0,0,210,6720,6752,22,364,176,154,9374100,7501100,9276500,6576100,9881700,8033500,9780200,7170500,8655000,210,620,385,0,629,0,418,364,210,210,0,6720,6752,22,364,176,154,1.0794125900289964,0.076416995048590688,0,0,0,0,0,0,1015,1433,418
331,sealed_evaluation:warehouse-10-20-10-2-1:s2:r8,warehouse,warehouse-10-20-10-2-1.map,validation,warehouse-10-20-10-2-1-random-2.scen,2,7,8,6,2,34,17,54,35,1052300,539600,541000,550600,577500,759900,1415100,1587300,668700,35,140,105,0,36,0,0,106,0,0,0,0,0,0,106,71,71,3212100,2233600,3079900,2123400,1772800,1887400,3988200,3275500,2656750,35,140,105,0,36,0,0,106,0,0,106,3392,3424,0,106,71,71,1084900,1045000,1037700,1039200,1038500,1850400,2044500,1067900,1056450,35,140,105,0,70,0,34,106,0,0,35,1120,1152,0,106,71,71,1155200,1140900,1131100,1924700,1135800,2003300,3478100,1321300,1238250,35,140,105,0,104,0,68,106,35,35,0,1120,1152,0,106,71,71,1.1720857589095557,0.15878486160881813,0,0,0,0,0,0,210,278,68
332,sealed_evaluation:warehouse-10-20-10-2-1:s2:r9,warehouse,warehouse-10-20-10-2-1.map,validation,warehouse-10-20-10-2-1-random-2.scen,2,8,9,5,132,40,127,28,23,282200,556600,276300,280700,273000,484900,275000,274200,278500,25,60,36,0,26,0,0,37,0,0,0,0,0,0,37,12,12,711800,970100,815700,712400,739600,1161800,903500,720600,777650,25,60,36,0,26,0,0,37,0,0,37,1184,1216,0,37,12,12,724100,1692700,833500,623000,620700,964300,691000,624300,707550,25,60,36,0,50,0,24,37,0,0,25,800,832,0,37,12,12,1059900,1925700,800500,694600,712600,769800,862100,715100,785150,25,60,36,0,74,0,48,37,25,25,0,800,832,0,37,12,12,1.1096742279697547,0.10406648393258233,0,0,0,0,0,0,111,159,48
333,sealed_evaluation:warehouse-10-20-10-2-1:s2:r10,warehouse,warehouse-10-20-10-2-1.map,validation,warehouse-10-20-10-2-1-random-2.scen,2,9,10,11,151,28,113,44,54,660000,664400,657300,1010700,656700,735800,656800,662800,661400,54,156,103,0,55,0,0,104,0,0,0,0,0,0,104,50,50,1907700,2962800,1876100,3909200,1887500,1859100,1856000,1862700,1881800,54,156,103,0,55,0,0,104,0,0,104,3328,3360,0,104,50,50,1416800,2523700,1417500,1463600,1405000,1747700,1610000,2397500,1536800,54,156,103,0,108,0,53,104,0,0,54,1728,1760,0,104,50,50,1567500,1646500,1566100,1567800,1570600,2177300,1601800,1555800,1569200,54,156,103,0,161,0,106,104,54,54,0,1728,1760,0,104,50,50,1.0210827693909421,0.020863602881050502,0,0,0,0,0,0,265,371,106
334,sealed_evaluation:warehouse-10-20-10-2-1:s2:r11,warehouse,warehouse-10-20-10-2-1.map,validation,warehouse-10-20-10-2-1-random-2.scen,2,10,11,22,12,40,99,52,99,1462600,1379300,3490000,1254900,2086700,1644900,1418200,1331700,1440400,131,310,180,0,132,0,0,181,0,0,0,0,0,0,181,50,50,3161000,4739700,5436500,3994500,3516700,4616900,5358400,5068300,4678300,131,310,180,0,132,0,0,181,0,0,181,5792,5824,0,181,50,50,3155400,3179200,4614800,4616900,3640400,4981200,3253300,5676200,4127600,131,310,180,0,262,0,130,181,0,0,131,4192,4224,0,181,50,50,3803600,4022600,9603500,4307000,3990100,5836500,3486500,6338200,4164800,131,310,180,0,392,0,260,181,131,131,0,4192,4224,0,181,50,50,1.0090125012113578,0.0089721309987417317,0,0,0,0,0,0,573,833,260
335,sealed_evaluation:warehouse-10-20-10-2-1:s2:r12,warehouse,warehouse-10-20-10-2-1.map,validation,warehouse-10-20-10-2-1-random-2.scen,2,11,12,11,58,51,80,28,45,505200,465300,466700,461000,663900,463300,604100,726000,485950,45,108,64,0,46,0,0,65,0,0,0,0,0,0,65,20,20,3523700,2651400,1154200,1137200,1805700,2004100,2340300,1281800,1904900,45,108,64,0,46,0,0,65,0,0,65,2080,2112,0,65,20,20,3058000,1128100,1018100,1368400,1621100,1347800,1001300,1133800,1240800,45,108,64,0,90,0,44,65,0,0,45,1440,1472,0,65,20,20,3970600,1203200,1136400,1142100,2256400,1499700,1849200,2014700,1674450,45,108,64,0,134,0,88,65,45,45,0,1440,1472,0,65,20,20,1.3494922630560928,0.2997284202665218,0,0,0,0,0,0,199,287,88
336,sealed_evaluation:warehouse-10-20-10-2-1:s2:r13,warehouse,warehouse-10-20-10-2-1.map,validation,warehouse-10-20-10-2-1-random-2.scen,2,12,13,25,55,16,157,13,105,1190600,1255600,2102400,2325200,1188200,1457400,1388900,1518600,1423150,105,270,166,0,106,0,0,167,0,0,0,0,0,0,167,62,62,3876400,3135000,5419900,3892600,3217600,3816700,3891300,3301200,3846550,105,270,166,0,106,0,0,167,0,0,167,5344,5376,0,167,62,62,3625100,4808300,2644000,2957000,4157100,2670600,2820700,2730000,2888850,105,270,166,0,210,0,104,167,0,0,105,3360,3392,0,167,62,62,2965500,5519200,4542500,5649900,3407300,3548500,5121800,3319800,4045500,105,270,166,0,314,0,208,167,105,105,0,3360,3392,0,167,62,62,1.4003842359416376,0.33674665320956348,0,0,0,0,0,0,481,689,208
337,sealed_evaluation:warehouse-10-20-10-2-1:s2:r14,warehouse,warehouse-10-20-10-2-1.map,validation,warehouse-10-20-10-2-1-random-2.scen,2,13,14,34,134,52,2,35,149,1772700,1652000,2805300,1764000,1773500,2087900,1860800,1776000,1774750,167,410,243,0,168,0,0,244,0,0,0,0,0,0,244,77,77,4686600,4167300,5516000,6926600,5905100,7011500,6113800,6473400,6009450,167,410,243,0,168,0,0,244,0,0,244,7808,7840,0,244,77,77,6574100,6571700,4112100,4177800,5195700,4172500,6123600,4649900,4922800,167,410,243,0,334,0,166,244,0,0,167,5344,5376,0,244,77,77,4248000,4283600,12977100,4613200,5033900,4971700,5134100,5370100,5002800,167,410,243,0,500,0,332,244,167,167,0,5344,5376,0,244,77,77,1.0162509141139189,0.016120281376569897,0,0,0,0,0,0,744,1076,332
338,sealed_evaluation:warehouse-10-20-10-2-1:s2:r15,warehouse,warehouse-10-20-10-2-1.map,validation,warehouse-10-20-10-2-1-random-2.scen,2,14,15,18,79,43,149,53,80,936100,933900,1505400,932800,1715300,1215600,876700,1134400,1035250,80,218,138,0,81,0,0,139,0,0,0,0,0,0,139,59,59,2592200,3768700,3372700,2579800,4873900,2304100,2315500,2589700,2590950,80,218,138,0,81,0,0,139,0,0,139,4448,4480,0,139,59,59,2050000,2186500,2071500,2149400,1896400,2108200,2980900,2072200,2090200,80,218,138,0,160,0,79,139,0,0,80,2560,2592,0,139,59,59,2978100,2274900,2956200,2271200,2109900,4102900,2078300,4040300,2615550,80,218,138,0,239,0,158,139,80,80,0,2560,2592,0,139,59,59,1.2513395847287341,0.2242146452712091,0,0,0,0,0,0,378,536,158
339,sealed_evaluation:warehouse-10-20-10-2-1:s2:r16,warehouse,warehouse-10-20-10-2-1.map,validation,warehouse-10-20-10-2-1-random-2.scen,2,15,16,23,75,52,159,26,110,1833300,2350800,1504700,1366900,2384100,1347800,2174800,1394400,1669000,120,316,196,0,121,0,0,197,0,0,0,0,0,0,197,77,77,4226300,3700600,4867700,4045000,4142500,5888200,3998900,4123900,4133200,120,316,196,0,121,0,0,197,0,0,197,6304,6336,0,197,77,77,4019600,3009100,3271400,3435800,3380600,3087500,4539400,3053600,3326000,120,316,196,0,240,0,119,197,0,0,120,3840,3872,0,197,77,77,3864900,4346000,3374900,4455300,3390400,3767400,3834900,5322300,3849900,120,316,196,0,359,0,238,197,120,120,0,3840,3872,0,197,77,77,1.1575165363800362,0.14627679316565212,0,0,0,0,0,0,556,794,238
340,sealed_evaluation:warehouse-10-20-10-2-1:s2:r17,warehouse,warehouse-10-20-10-2-1.map,validation,warehouse-10-20-10-2-1-random-2.scen,2,16,17,12,150,6,147,55,52,736400,789500,1565100,787700,1049200,815400,1152100,1908700,932300,52,208,156,0,53,0,0,157,0,0,0,0,0,0,157,105,105,2576700,2827400,3624200,2615600,3819000,2629100,5879900,3693100,3225800,52,208,156,0,53,0,0,157,0,0,157,5024,5056,0,157,105,105,2380700,1552900,1522800,1522600,1653300,1529900,3047300,1572000,1562450,52,208,156,0,104,0,51,157,0,0,52,1664,1696,0,157,105,105,2982500,1678000,2932000,1775100,1704100,1680600,2617200,2596100,2185600,52,208,156,0,155,0,102,157,52,52,0,1664,1696,0,157,105,105,1.3988287625204006,0.33563528827792521,0,0,0,0,0,0,312,414,102
341,sealed_evaluation:warehouse-10-20-10-2-1:s2:r18,warehouse,warehouse-10-20-10-2-1.map,validation,warehouse-10-20-10-2-1-random-2.scen,2,17,18,7,58,22,53,46,29,1129800,2187400,738600,825600,919300,998900,644300,642200,872450,69,156,88,0,70,0,0,89,0,0,0,0,0,0,89,20,20,2623700,1770800,1643400,3315600,3044700,1812300,1820800,2185700,2003250,64,146,83,0,65,0,0,84,0,0,84,2688,2720,0,84,20,20,2316400,1527100,2538100,2504400,2290300,2235800,1598400,1927700,2263050,64,146,83,0,129,0,64,84,0,0,65,2080,2112,0,84,20,20,2155700,3339700,2533300,1916500,2459800,2884800,1709300,1710600,2307750,64,146,83,0,193,0,128,84,65,65,0,2080,2112,0,84,20,20,1.019752104460794,0.019559562916067696,0,0,0,0,0,0,277,405,128
342,sealed_evaluation:warehouse-10-20-10-2-1:s2:r19,warehouse,warehouse-10-20-10-2-1.map,validation,warehouse-10-20-10-2-1-random-2.scen,2,18,19,33,13,42,112,1,140,2017100,1999000,2074300,1622800,1544700,1651600,1771000,1871600,1821300,140,382,242,0,141,0,0,243,0,0,0,0,0,0,243,103,103,6435000,5791900,7021700,7013000,4089700,4881400,4674100,4924000,5357950,140,382,242,0,141,0,0,243,0,0,243,7776,7808,0,243,103,103,5682600,3770300,7022100,3576200,6813900,4543100,3716100,3757300,4156700,140,382,242,0,280,0,139,243,0,0,140,4480,4512,0,243,103,103,6255800,4252500,4090800,4146600,4171500,4227000,5958500,5973700,4239750,140,382,242,0,419,0,278,243,140,140,0,4480,4512,0,243,103,103,1.0199797916616546,0.019782815003500525,0,0,0,0,0,0,662,940,278
343,sealed_evaluation:warehouse-10-20-10-2-1:s2:r20,warehouse,warehouse-10-20-10-2-1.map,validation,warehouse-10-20-10-2-1-random-2.scen,2,19,20,18,32,22,68,61,75,2970100,1791700,2767100,2040200,2838900,1795900,1801600,2843400,2403650,205,441,237,0,206,0,0,238,0,0,0,0,0,0,238,33,33,5062000,7848800,9436800,4634100,6052500,4763500,4669900,5182300,5122150,205,441,237,0,206,0,0,238,0,0,238,7616,7648,0,238,33,33,5684800,4819800,6678500,4727000,4638100,4866800,4688300,5816600,4843300,205,441,237,0,410,0,204,238,0,0,205,6560,6592,0,238,33,33,11289800,5968100,9614500,7464400,8243500,6665800,7775300,7369200,7619850,205,441,237,0,614,0,408,238,205,205,0,6560,6592,0,238,33,33,1.5732764850411909,0.45316037788749025,0,0,0,0,0,0,852,1260,408
344,sealed_evaluation:warehouse-10-20-10-2-1:s2:r21,warehouse,warehouse-10-20-10-2-1.map,validation,warehouse-10-20-10-2-1-random-2.scen,2,20,21,41,150,50,23,1,176,2229400,2721900,2047200,2037400,3204700,2050600,2881600,2108900,2169150,176,477,301,0,177,0,0,302,0,0,0,0,0,0,302,126,126,7731400,8577100,6950900,6730800,7900800,5781700,8593900,9569400,7816100,176,477,301,0,177,0,0,302,0,0,302,9664,9696,0,302,126,126,7943800,7501000,5900400,9593600,4183700,4965200,4581700,4638600,5432800,176,477,301,0,352,0,175,302,0,0,176,5632,5664,0,302,126,126,5809600,10164100,5644700,5494300,7222700,7068100,9320500,5329400,6438850,176,477,301,0,527,0,350,302,176,176,0,5632,5664,0,302,126,126,1.1851807539390369,0.16989529792447028,0,0,0,0,0,0,829,1179,350
345,sealed_evaluation:warehouse-10-20-10-2-1:s2:r22,warehouse,warehouse-10-20-10-2-1.map,validation,warehouse-10-20-10-2-1-random-2.scen,2,21,22,20,143,41,64,49,87,1431500,1355400,1019000,1204500,1920700,1896900,1617400,978200,1393450,97,230,133,0,98,0,0,134,0,0,0,0,0,0,134,37,37,2616000,2594700,2628600,3866300,4947500,2914000,4538100,2333800,2771300,97,230,133,0,98,0,0,134,0,0,134,4288,4320,0,134,37,37,3701200,2401000,3254200,4603500,4558000,2840800,3010100,2180300,3132150,97,230,133,0,194,0,96,134,0,0,97,3104,3136,0,134,37,37,2935500,2627200,2801300,2609300,4597500,4837800,2668300,2476900,2734800,97,230,133,0,290,0,192,134,97,97,0,3104,3136,0,134,37,37,0.87313825966189362,-0.13566136264454159,0,0,0,0,0,0,424,616,192
346,sealed_evaluation:warehouse-10-20-10-2-1:s2:r23,warehouse,warehouse-10-20-10-2-1.map,validation,warehouse-10-20-10-2-1-random-2.scen,2,22,23,29,155,14,66,55,130,2259500,1792100,1803500,2043900,3090000,1776000,3365600,2646800,2151700,169,420,251,0,170,0,0,252,0,0,0,0,0,0,252,83,83,4830800,4775400,4813600,4301400,5238200,4998000,5387600,6039800,4914400,169,420,251,0,170,0,0,252,0,0,252,8064,8096,0,252,83,83,4161100,4163000,4183900,4591200,4449100,4427900,4503300,4269400,4348650,169,420,251,0,338,0,168,252,0,0,169,5408,5440,0,252,83,83,7208700,6853000,8210300,6633000,6451700,6941600,5544000,5360000,6743000,169,420,251,0,506,0,336,252,169,169,0,5408,5440,0,252,83,83,1.5505961620272959,0.43863947764636024,0,0,0,0,0,0,758,1094,336
347,sealed_evaluation:warehouse-10-20-10-2-1:s2:r24,warehouse,warehouse-10-20-10-2-1.map,validation,warehouse-10-20-10-2-1-random-2.scen,2,23,24,28,19,15,101,49,116,2085000,2071300,2070000,2063200,2131500,2410200,3141700,3537600,2108250,226,501,275,0,227,0,0,276,0,0,0,0,0,0,276,50,50,6137300,5963500,6481300,7626900,10503900,6289000,6344000,9322100,6412650,226,501,275,0,227,0,0,276,0,0,276,8832,8864,0,276,50,50,8989500,5237400,7168300,5592500,4930300,4808300,4869200,9079300,5414950,226,501,275,0,452,0,225,276,0,0,226,7232,7264,0,276,50,50,7823800,10180900,6234400,6020000,7705800,8719400,7758300,9256600,7791050,226,501,275,0,677,0,450,276,226,226,0,7232,7264,0,276,50,50,1.4388036823978061,0.36381199218954996,0,0,0,0,0,0,953,1403,450
348,sealed_evaluation:warehouse-10-20-10-2-1:s2:r25,warehouse,warehouse-10-20-10-2-1.map,validation,warehouse-10-20-10-2-1-random-2.scen,2,24,25,4,8,24,2,9,21,678700,664300,541800,613500,529400,387300,956300,616300,614900,21,84,63,0,22,0,0,64,0,0,0,0,0,0,64,43,43,1922100,2328800,1534700,1995600,1848100,1312500,2653000,1678300,1885100,21,84,63,0,22,0,0,64,0,0,64,2048,2080,0,64,43,43,1399300,1187000,1045800,1624600,1094700,742600,1116400,1172000,1144200,21,84,63,0,42,0,20,64,0,0,21,672,704,0,64,43,43,1234100,1212700,1083700,1189300,1211400,1019700,1595000,1303800,1212050,21,84,63,0,62,0,40,64,21,21,0,672,704,0,64,43,43,1.0592990735885335,0.057607438069315897,0,0,0,0,0,0,126,166,40
349,sealed_evaluation:warehouse-10-20-10-2-1:s2:r26,warehouse,warehouse-10-20-10-2-1.map,validation,warehouse-10-20-10-2-1-random-2.scen,2,25,26,14,49,16,102,22,59,563400,601500,1423800,902700,728900,887800,1154000,607700,808350,59,130,72,0,60,0,0,73,0,0,0,0,0,0,73,14,14,1317300,1707600,2421000,2028900,1994600,2255500,2257300,1476000,2011750,59,130,72,0,60,0,0,73,0,0,73,2336,2368,0,73,14,14,3277100,1610400,1403600,1684300,3700200,1542800,1472100,2038900,1647350,59,130,72,0,118,0,58,73,0,0,59,1888,1920,0,73,14,14,2111900,1563500,1562900,3234100,3179400,1590800,2740400,1590300,1851350,59,130,72,0,176,0,116,73,59,59,0,1888,1920,0,73,14,14,1.12383525055392,0.11674716648816087,0,0,0,0,0,0,249,365,116
350,sealed_evaluation:warehouse-10-20-10-2-1:s3:r2,warehouse,warehouse-10-20-10-2-1.map,validation,warehouse-10-20-10-2-1-random-3.scen,3,1,2,39,4,59,153,41,167,4239600,3501000,4213200,2659300,2636700,4627000,3291900,4213900,3857100,229,676,402,0,230,0,0,363,0,0,0,0,0,40,363,174,134,12988200,7024400,6963400,8104600,15087500,14212700,9526600,7413400,8815600,229,676,402,0,230,0,0,363,0,0,363,11616,11648,40,363,174,134,5430400,8379100,8524600,6617700,9173600,12664600,6070700,7108100,7743600,229,676,402,0,458,0,228,363,0,0,229,7328,7360,40,363,174,134,8813400,6614000,7508500,9167800,6614200,10839100,9922800,9336200,8990600,229,676,402,0,686,0,456,363,229,229,0,7328,7360,40,363,174,134,1.1610362105480656,0.14931289133193884,0,0,0,0,0,0,1089,1545,456
351,sealed_evaluation:warehouse-10-20-10-2-1:s3:r3,warehouse,warehouse-10-20-10-2-1.map,validation,warehouse-10-20-10-2-1-random-3.scen,3,2,3,16,23,39,74,22,68,1498300,1534400,758900,744000,1480800,788900,796800,1304600,1050700,68,184,116,0,69,0,0,117,0,0,0,0,0,0,117,49,49,4093100,2487900,1973300,3193000,2370600,2945200,2168200,2558300,2523100,68,184,116,0,69,0,0,117,0,0,117,3744,3776,0,117,49,49,4036100,2768500,3213600,3499800,1770000,2749500,1738800,1751700,2759000,68,184,116,0,136,0,67,117,0,0,68,2176,2208,0,117,49,49,2962900,3152900,2177900,1773000,1928200,1974600,1927900,2736800,2076250,68,184,116,0,203,0,134,117,68,68,0,2176,2208,0,117,49,49,0.75253715114171804,-0.28430491328978141,0,0,0,0,0,0,320,454,134
352,sealed_evaluation:warehouse-10-20-10-2-1:s3:r4,warehouse,warehouse-10-20-10-2-1.map,validation,warehouse-10-20-10-2-1-random-3.scen,3,3,4,3,97,28,101,37,15,195300,195800,357200,371600,289000,181400,181900,182500,195550,17,42,26,0,18,0,0,27,0,0,0,0,0,0,27,10,10,518200,529300,1296900,836100,482400,462600,464500,465800,500300,17,42,26,0,18,0,0,27,0,0,27,864,896,0,27,10,10,434000,440000,443300,685500,394000,394500,395400,391400,414700,17,42,26,0,34,0,16,27,0,0,17,544,576,0,27,10,10,483900,483600,755700,817200,442300,439800,444800,438200,464200,17,42,26,0,50,0,32,27,17,17,0,544,576,0,27,10,10,1.1193633952254642,0.11276012658800108,0,0,0,0,0,0,77,109,32
353,sealed_evaluation:warehouse-10-20-10-2-1:s3:r5,warehouse,warehouse-10-20-10-2-1.map,validation,warehouse-10-20-10-2-1-random-3.scen,3,4,5,15,122,58,115,7,62,685800,703300,1435900,1132700,1059800,1267700,706200,863100,961450,63,162,100,0,64,0,0,101,0,0,0,0,0,0,101,38,38,1746300,2006700,4863500,2149100,3599100,1910500,1912600,1957000,1981850,63,162,100,0,64,0,0,101,0,0,101,3232,3264,0,101,38,38,2789000,1582600,1588200,1808600,2577100,1568200,2997400,2181600,1995100,63,162,100,0,126,0,62,101,0,0,63,2016,2048,0,101,38,38,2854900,1753500,1770500,2878500,1846800,2587100,1929600,1739500,1888200,63,162,100,0,188,0,124,101,63,63,0,2016,2048,0,101,38,38,0.94641872587840203,-0.055070180082599375,0,0,0,0,0,0,289,413,124
354,sealed_evaluation:warehouse-10-20-10-2-1:s3:r6,warehouse,warehouse-10-20-10-2-1.map,validation,warehouse-10-20-10-2-1-random-3.scen,3,5,6,8,57,58,52,31,34,431900,484400,735400,439500,827000,434300,431900,535200,461950,40,100,61,0,41,0,0,62,0,0,0,0,0,0,62,22,22,1041600,1047400,1767200,1049000,3009300,2008500,1059500,1239200,1149350,34,88,55,0,35,0,0,56,0,0,56,1792,1824,0,56,22,22,976800,874300,1063500,1106300,3481700,1390000,876800,1051400,1057450,34,88,55,0,69,0,34,56,0,0,35,1120,1152,0,56,22,22,960800,1048300,1538800,992300,3361500,1133700,954500,1535300,1091000,34,88,55,0,102,0,67,56,35,34,0,1092,1124,0,56,22,22,1.0317272684287673,0.031234357354311838,28,0.025000000000000001,28,0.024305555555555556,1,0.029411764705882353,159,225,66
355,sealed_evaluation:warehouse-10-20-10-2-1:s3:r7,warehouse,warehouse-10-20-10-2-1.map,validation,warehouse-10-20-10-2-1-random-3.scen,3,6,7,12,74,40,29,37,48,602100,474300,775400,495700,493700,751600,519100,493400,507400,48,106,59,0,49,0,0,60,0,0,0,0,0,0,60,12,12,2153200,1728100,1972900,1223900,1198900,1796400,1211000,1196700,1476000,48,106,59,0,49,0,0,60,0,0,60,1920,1952,0,60,12,12,1760400,1259300,1920600,1151000,1145200,1891000,1251800,1634400,1446850,48,106,59,0,96,0,47,60,0,0,48,1536,1568,0,60,12,12,1298600,1990000,2275500,1642700,1298900,2080900,1286500,1282800,1470800,48,106,59,0,143,0,94,60,48,48,0,1536,1568,0,60,12,12,1.0165532017831842,0.016417690919505706,0,0,0,0,0,0,203,297,94
356,sealed_evaluation:warehouse-10-20-10-2-1:s3:r8,warehouse,warehouse-10-20-10-2-1.map,validation,warehouse-10-20-10-2-1-random-3.scen,3,7,8,0,6,26,4,26,2,52500,51600,102800,64000,70800,87900,110000,98400,79350,2,8,7,0,3,0,0,8,0,0,0,0,0,0,8,6,6,163600,159800,244500,212700,229700,216700,298000,305600,223200,2,8,7,0,3,0,0,8,0,0,8,256,288,0,8,6,6,88200,88400,87100,120400,127300,147500,156900,149400,123850,2,8,7,0,4,0,1,8,0,0,2,64,96,0,8,6,6,92200,92200,93500,122800,194400,158300,209000,185100,140550,2,8,7,0,5,0,2,8,2,2,0,64,96,0,8,6,6,1.1348405329027049,0.12649214141717235,0,0,0,0,0,0,13,15,2
357,sealed_evaluation:warehouse-10-20-10-2-1:s3:r9,warehouse,warehouse-10-20-10-2-1.map,validation,warehouse-10-20-10-2-1-random-3.scen,3,8,9,4,127,34,141,41,21,455900,285500,287400,290500,287400,483800,357500,284200,288950,21,68,47,0,22,0,0,48,0,0,0,0,0,0,48,27,27,3053200,912000,851800,848400,932200,1772100,853400,844000,882700,21,68,47,0,22,0,0,48,0,0,48,1536,1568,0,48,27,27,816900,603200,584500,573200,1017500,938300,988700,576700,710050,21,68,47,0,42,0,20,48,0,0,21,672,704,0,48,27,27,858800,729600,641000,633400,1066400,890900,994800,637000,794200,21,68,47,0,62,0,40,48,21,21,0,672,704,0,48,27,27,1.1185127807900852,0.11199992860612903,0,0,0,0,0,0,110,150,40
358,sealed_evaluation:warehouse-10-20-10-2-1:s3:r10,warehouse,warehouse-10-20-10-2-1.map,validation,warehouse-10-20-10-2-1-random-3.scen,3,9,10,15,158,16,117,49,74,1517900,1505200,2243000,3573400,1824200,1934100,2314800,1544300,1879150,151,374,224,0,152,0,0,225,0,0,0,0,0,0,225,74,74,4175600,4214700,4547500,4842100,5745000,5000700,8128000,4563800,4702950,151,374,224,0,152,0,0,225,0,0,225,7200,7232,0,225,74,74,5553800,5353100,3619700,3421000,3298000,4836600,4333600,4029900,4181750,151,374,224,0,302,0,150,225,0,0,151,4832,4864,0,225,74,74,4082900,4753000,5574300,4946100,3706900,4134300,7830300,5944000,4849550,151,374,224,0,452,0,300,225,151,151,0,4832,4864,0,225,74,74,1.1596939080528488,0.14815609792960055,0,0,0,0,0,0,677,977,300
359,sealed_evaluation:warehouse-10-20-10-2-1:s3:r11,warehouse,warehouse-10-20-10-2-1.map,validation,warehouse-10-20-10-2-1-random-3.scen,3,10,11,25,10,21,85,58,112,2080200,1868500,3367800,2350100,2574100,1630900,1618500,2307000,2193600,172,411,239,0,173,0,0,240,0,0,0,0,0,0,240,68,68,5099300,3999400,5568300,4505200,5713700,11175900,3999400,5538800,5319050,167,401,234,0,168,0,0,235,0,0,235,7520,7552,0,235,68,68,5089700,4265900,3714600,4040900,4014400,7351800,5763500,4039700,4153400,167,401,234,0,335,0,167,235,0,0,168,5376,5408,0,235,68,68,4919300,6003700,5314100,5960900,5719900,4260700,4982800,14963900,5517000,167,401,234,0,502,0,334,235,168,168,0,5376,5408,0,235,68,68,1.3283093369287813,0.28390695836355218,0,0,0,0,0,0,737,1071,334
360,sealed_evaluation:warehouse-10-20-10-2-1:s3:r12,warehouse,warehouse-10-20-10-2-1.map,validation,warehouse-10-20-10-2-1-random-3.scen,3,11,12,14,40,34,91,26,59,750600,676200,960000,625800,1081500,671000,1125000,663600,713400,67,148,82,0,68,0,0,83,0,0,0,0,0,0,83,16,16,2230300,1758200,2068400,5444900,3289300,1660100,2148100,1643600,2108250,67,148,82,0,68,0,0,83,0,0,83,2656,2688,0,83,16,16,1778900,1483100,1443700,2277400,1701100,1588800,1589500,1592400,1590950,67,148,82,0,134,0,66,83,0,0,67,2144,2176,0,83,16,16,2490600,1619400,1634500,2367200,2129800,1773000,3106000,1783300,1956550,67,148,82,0,200,0,132,83,67,67,0,2144,2176,0,83,16,16,1.2297998051478676,0.20685139609508896,0,0,0,0,0,0,283,415,132
361,sealed_evaluation:warehouse-10-20-10-2-1:s3:r13,warehouse,warehouse-10-20-10-2-1.map,validation,warehouse-10-20-10-2-1-random-3.scen,3,12,13,22,65,28,150,14,99,1170000,1106500,2079800,1108000,1405700,1385300,1667200,1182200,1283750,111,274,163,0,112,0,0,164,0,0,0,0,0,0,164,53,53,2856900,4587900,2994900,2787500,2865300,4929500,3934800,3165000,3079950,111,274,163,0,112,0,0,164,0,0,164,5248,5280,0,164,53,53,2472200,3055200,2477800,4141900,2471800,6404600,3776800,3314500,3184850,111,274,163,0,222,0,110,164,0,0,111,3552,3584,0,164,53,53,2830800,2798900,4089600,2805300,2765900,4206100,5001100,5420200,3460200,111,274,163,0,332,0,220,164,111,111,0,3552,3584,0,164,53,53,1.0864561910294048,0.082921198713579877,0,0,0,0,0,0,496,716,220
362,sealed_evaluation:warehouse-10-20-10-2-1:s3:r14,warehouse,warehouse-10-20-10-2-1.map,validation,warehouse-10-20-10-2-1-random-3.scen,3,13,14,34,107,55,20,3,139,1867900,2136000,1461500,2494900,1551600,1441100,1559200,1902000,1713550,146,351,205,0,147,0,0,206,0,0,0,0,0,0,206,60,60,6450800,4114100,3637400,4697300,6125700,4900000,4368900,5398000,4798650,146,351,205,0,147,0,0,206,0,0,206,6592,6624,0,206,60,60,5786900,5377500,4665800,3260700,3351700,3485900,3515600,11292100,4090700,146,351,205,0,292,0,145,206,0,0,146,4672,4704,0,206,60,60,4838000,6429800,5499700,4498000,3677400,3684900,5810900,10765800,5168850,146,351,205,0,437,0,290,206,146,146,0,4672,4704,0,206,60,60,1.2635612486860439,0.23393412208557698,0,0,0,0,0,0,643,933,290
363,sealed_evaluation:warehouse-10-20-10-2-1:s3:r15,warehouse,warehouse-10-20-10-2-1.map,validation,warehouse-10-20-10-2-1-random-3.scen,3,14,15,13,80,13,92,55,54,1015800,725500,2011700,679700,898900,789600,676300,675600,757550,68,168,101,0,69,0,0,102,0,0,0,0,0,0,102,34,34,4079300,1930700,3308500,1727500,3326100,2534300,2638400,1798000,2586350,68,168,101,0,69,0,0,102,0,0,102,3264,3296,0,102,34,34,3605500,1666100,2134400,1792600,1737900,1573400,3136100,1816600,1804600,68,168,101,0,136,0,67,102,0,0,68,2176,2208,0,102,34,34,2234200,2943100,2407300,2185700,1686600,1699900,2962800,1785500,2209950,68,168,101,0,203,0,134,102,68,68,0,2176,2208,0,102,34,34,1.2246204144962873,0.20263093026107273,0,0,0,0,0,0,305,439,134
364,sealed_evaluation:warehouse-10-20-10-2-1:s3:r16,warehouse,warehouse-10-20-10-2-1.map,validation,warehouse-10-20-10-2-1-random-3.scen,3,15,16,19,58,51,117,31,79,817600,824900,1547000,831100,955800,833000,820700,1415300,832050,79,182,104,0,80,0,0,105,0,0,0,0,0,0,105,26,26,2079100,2687400,2472900,2071400,2778200,2103200,2108500,2568200,2290700,79,182,104,0,80,0,0,105,0,0,105,3360,3392,0,105,26,26,2526400,1951400,1954400,2534500,3323900,2699500,1958300,1975000,2250700,79,182,104,0,158,0,78,105,0,0,79,2528,2560,0,105,26,26,3499000,2150000,3882300,2159900,2477900,3480900,2176500,3089000,2783450,79,182,104,0,236,0,156,105,79,79,0,2528,2560,0,105,26,26,1.2367041364908695,0.21244988654144781,0,0,0,0,0,0,341,497,156
365,sealed_evaluation:warehouse-10-20-10-2-1:s3:r17,warehouse,warehouse-10-20-10-2-1.map,validation,warehouse-10-20-10-2-1-random-3.scen,3,16,17,15,143,60,87,49,67,2387500,1030600,1276800,972100,1398100,778900,1126200,1031200,1078700,67,182,115,0,68,0,0,116,0,0,0,0,0,0,116,49,49,6788600,7718400,2434200,2168000,3186600,5784500,4278400,2191600,3732500,67,182,115,0,68,0,0,116,0,0,116,3712,3744,0,116,49,49,3260300,2284700,2250700,1895200,1740200,3716100,2374600,1763700,2267700,67,182,115,0,134,0,66,116,0,0,67,2144,2176,0,116,49,49,3412500,2629600,2809600,1950300,1903700,2610400,2850100,3187200,2719600,67,182,115,0,200,0,132,116,67,67,0,2144,2176,0,116,49,49,1.1992768002822243,0.18171870868606385,0,0,0,0,0,0,316,448,132
366,sealed_evaluation:warehouse-10-20-10-2-1:s3:r18,warehouse,warehouse-10-20-10-2-1.map,validation,warehouse-10-20-10-2-1-random-3.scen,3,17,18,7,58,43,42,58,31,676300,968900,1035300,652700,586100,533700,899700,502300,664500,56,126,71,0,57,0,0,72,0,0,0,0,0,0,72,16,16,1530100,1364300,2510200,1496700,1943400,1373800,2381400,1227500,1513400,55,124,70,0,56,0,0,71,0,0,71,2272,2304,0,71,16,16,1309300,1294300,2224500,1869300,1751500,1287500,1296800,1174100,1303050,55,124,70,0,111,0,55,71,0,0,56,1792,1824,0,71,16,16,1461900,1862000,3171100,2031100,1467000,1487000,1913500,1398200,1674500,55,124,70,0,166,0,110,71,56,56,0,1792,1824,0,71,16,16,1.2850619699934769,0.25080694286022009,0,0,0,0,0,0,237,347,110
367,sealed_evaluation:warehouse-10-20-10-2-1:s3:r19,warehouse,warehouse-10-20-10-2-1.map,validation,warehouse-10-20-10-2-1-random-3.scen,3,18,19,36,8,59,151,56,146,3463700,2736500,2364200,2346900,2210900,2135600,2039800,2028800,2278900,200,560,323,0,201,0,0,292,0,0,0,0,0,32,292,124,92,6574300,5441100,6863200,6239100,6009600,6806100,4988100,4892400,6124350,192,530,308,0,193,0,0,285,0,0,285,9120,9152,24,285,117,93,4853000,7321200,5766500,5291300,6361400,5085300,4409400,8862900,5528900,192,530,308,0,389,0,196,285,0,0,197,6304,6336,24,285,117,93,7496100,5830800,5637700,6179000,10718400,6621200,7926700,8261800,7058650,192,530,308,0,585,0,392,285,197,197,0,6304,6336,24,285,117,93,1.2766825227441263,0.24426493435133395,0,0,0,0,0,0,894,1286,392
368,sealed_evaluation:warehouse-10-20-10-2-1:s3:r20,warehouse,warehouse-10-20-10-2-1.map,validation,warehouse-10-20-10-2-1-random-3.scen,3,19,20,21,40,61,64,1,84,865000,910100,927300,920700,1961600,861500,2408700,1316900,924000,84,209,126,0,85,0,0,127,0,0,0,0,0,0,127,43,43,2160800,2490800,2449200,2693200,3970900,2969700,2862100,2482300,2592000,84,209,126,0,85,0,0,127,0,0,127,4064,4096,0,127,43,43,3344700,2077600,3405900,6038400,2604900,1957500,2798600,2816000,2807300,84,209,126,0,168,0,83,127,0,0,84,2688,2720,0,127,43,43,3177700,2308600,2713800,2316800,3114400,2124600,3550600,2324700,2519250,84,209,126,0,251,0,166,127,84,84,0,2688,2720,0,127,43,43,0.89739251237844186,-0.10826192915854635,0,0,0,0,0,0,378,544,166
369,sealed_evaluation:warehouse-10-20-10-2-1:s3:r21,warehouse,warehouse-10-20-10-2-1.map,validation,warehouse-10-20-10-2-1-random-3.scen,3,20,21,32,110,10,25,54,129,1431300,1425600,2252100,1659300,1421000,1432700,2325200,1447100,1439900,129,331,203,0,130,0,0,204,0,0,0,0,0,0,204,75,75,6593100,4392500,3953600,4506500,4416500,3833000,3952700,6344000,4404500,129,331,203,0,130,0,0,204,0,0,204,6528,6560,0,204,75,75,3723600,4063300,3598600,3214200,4147700,4230600,3260200,3252700,3661100,129,331,203,0,258,0,128,204,0,0,129,4128,4160,0,204,75,75,3349000,4147800,4590800,3940400,4260500,4420100,4511000,3571800,4204150,129,331,203,0,386,0,256,204,129,129,0,4128,4160,0,204,75,75,1.1483297369643004,0.13830848397632395,0,0,0,0,0,0,590,846,256
370,sealed_evaluation:warehouse-10-20-10-2-1:s3:r22,warehouse,warehouse-10-20-10-2-1.map,validation,warehouse-10-20-10-2-1-random-3.scen,3,21,22,20,142,8,62,10,82,864400,906600,870800,1050600,1870900,1119700,823900,1967300,978600,82,194,112,0,83,0,0,113,0,0,0,0,0,0,113,31,31,2188600,3831900,6492300,1989800,3454500,2207700,2252300,2940700,2596500,82,194,112,0,83,0,0,113,0,0,113,3616,3648,0,113,31,31,6866100,2894300,2030300,2508500,2041900,3213200,1881100,2249500,2379000,82,194,112,0,164,0,81,113,0,0,82,2624,2656,0,113,31,31,6160300,2253300,2374500,3317400,2253200,3492900,2044300,4672000,2845950,82,194,112,0,245,0,162,113,82,82,0,2624,2656,0,113,31,31,1.196279949558638,0.17921669967529461,0,0,0,0,0,0,358,520,162
371,sealed_evaluation:warehouse-10-20-10-2-1:s3:r23,warehouse,warehouse-10-20-10-2-1.map,validation,warehouse-10-20-10-2-1-random-3.scen,3,22,23,22,149,18,62,7,98,1128400,1123100,1144400,1228900,1288500,1120100,1140400,1496700,1142400,98,260,162,0,99,0,0,163,0,0,0,0,0,0,163,65,65,3491300,4470900,3808600,4107900,3118200,5120400,3067700,4847000,3958250,98,260,162,0,99,0,0,163,0,0,163,5216,5248,0,163,65,65,2515400,2553600,2559500,3525800,2491600,2798300,3820400,2547700,2556550,98,260,162,0,196,0,97,163,0,0,98,3136,3168,0,163,65,65,3019200,3177400,3583900,3410300,3599200,2754200,3806300,2779500,3293850,98,260,162,0,293,0,194,163,98,98,0,3136,3168,0,163,65,65,1.2883964718077097,0.25339840004187258,0,0,0,0,0,0,456,650,194
372,sealed_evaluation:warehouse-10-20-10-2-1:s3:r24,warehouse,warehouse-10-20-10-2-1.map,validation,warehouse-10-20-10-2-1-random-3.scen,3,23,24,18,23,42,91,34,76,821000,850200,822500,1438600,835100,824600,824000,3272000,829850,76,184,108,0,77,0,0,109,0,0,0,0,0,0,109,33,33,3942200,2904500,2107400,2843500,2108200,3356300,2870500,5942000,2887500,76,184,108,0,77,0,0,109,0,0,109,3488,3520,0,109,33,33,3195000,2821400,1948800,1903600,1882200,2011200,1880200,2239700,1980000,76,184,108,0,152,0,75,109,0,0,76,2432,2464,0,109,33,33,4097000,3253000,2091100,2789900,2923500,2108700,2292700,2729100,2759500,76,184,108,0,227,0,150,109,76,76,0,2432,2464,0,109,33,33,1.3936868686868686,0.331952659190975,0,0,0,0,0,0,336,486,150
373,sealed_evaluation:warehouse-10-20-10-2-1:s3:r25,warehouse,warehouse-10-20-10-2-1.map,validation,warehouse-10-20-10-2-1-random-3.scen,3,24,25,1,22,13,18,13,4,203200,98000,71600,72200,71800,71900,124700,72800,72500,4,16,13,0,5,0,0,14,0,0,0,0,0,0,14,10,10,724400,296700,213600,214800,215700,225900,352500,216100,221000,4,16,13,0,5,0,0,14,0,0,14,448,480,0,14,10,10,306700,169200,177300,123100,128100,205700,124000,124900,148650,4,16,13,0,8,0,3,14,0,0,4,128,160,0,14,10,10,322500,180700,171500,133300,133000,136600,260900,174700,173100,4,16,13,0,11,0,6,14,4,4,0,128,160,0,14,10,10,1.1644803229061553,0.15227491273805682,0,0,0,0,0,0,25,31,6
374,sealed_evaluation:warehouse-10-20-10-2-1:s3:r26,warehouse,warehouse-10-20-10-2-1.map,validation,warehouse-10-20-10-2-1-random-3.scen,3,25,26,26,58,32,158,23,109,2999300,2050800,1366300,1349100,1494000,1377600,1491300,1330700,1434450,123,312,189,0,124,0,0,190,0,0,0,0,0,0,190,67,67,6756800,3736700,3796500,3658700,5101700,3224100,3965300,6746500,3880900,123,312,189,0,124,0,0,190,0,0,190,6080,6112,0,190,67,67,5983000,5856300,6837300,3084000,2874200,5056200,3121700,3057700,4088950,123,312,189,0,246,0,122,190,0,0,123,3936,3968,0,190,67,67,5763100,6008200,3947200,5313300,3110700,3956300,5092500,3515800,4524400,123,312,189,0,368,0,244,190,123,123,0,3936,3968,0,190,67,67,1.1064943322857947,0.10119675829593441,0,0,0,0,0,0,558,802,244
375,sealed_evaluation:warehouse-10-20-10-2-1:s4:r2,warehouse,warehouse-10-20-10-2-1.map,validation,warehouse-10-20-10-2-1-random-4.scen,4,1,2,23,156,15,69,30,102,2101200,1478200,1475400,1182500,1188400,1309700,1144900,1275000,1292350,102,269,167,0,103,0,0,168,0,0,0,0,0,0,168,66,66,3186800,4684100,3182800,3221600,3164200,4559600,3132600,4038400,3204200,102,269,167,0,103,0,0,168,0,0,168,5376,5408,0,168,66,66,2640100,2869700,2606800,4260700,3558000,2616000,2654300,2616900,2647200,102,269,167,0,204,0,101,168,0,0,102,3264,3296,0,168,66,66,3607400,2979900,3634800,3085300,8885800,3587000,3116900,4149500,3597200,102,269,167,0,305,0,202,168,102,102,0,3264,3296,0,168,66,66,1.3588697491689332,0.306653287432958,0,0,0,0,0,0,473,675,202
376,sealed_evaluation:warehouse-10-20-10-2-1:s4:r3,warehouse,warehouse-10-20-10-2-1.map,validation,warehouse-10-20-10-2-1-random-4.scen,4,2,3,34,143,37,14,16,150,1719000,1635500,2843000,1763500,3172800,1723800,2762200,1621300,1743650,150,400,250,0,151,0,0,251,0,0,0,0,0,0,251,101,101,4725400,4187200,5493400,4797700,4801000,6169200,4432700,4876300,4799350,150,400,250,0,151,0,0,251,0,0,251,8032,8064,0,251,101,101,6081100,4735200,3542400,4565200,4222200,5460600,4991500,5219900,4863350,150,400,250,0,300,0,149,251,0,0,150,4800,4832,0,251,101,101,3964500,4606600,6458200,6351500,9272600,4602800,6088600,6363000,6220050,150,400,250,0,449,0,298,251,150,150,0,4800,4832,0,251,101,101,1.2789640885397926,0.24605044443847765,0,0,0,0,0,0,700,998,298
377,sealed_evaluation:warehouse-10-20-10-2-1:s4:r4,warehouse,warehouse-10-20-10-2-1.map,validation,warehouse-10-20-10-2-1-random-4.scen,4,3,4,5,25,17,23,40,25,395900,711400,581500,674400,504000,440800,384900,412100,472400,25,99,74,0,26,0,0,75,0,0,0,0,0,0,75,50,50,1296400,1558000,1329000,2046200,1747200,2159000,1525600,2456100,1652600,25,99,74,0,26,0,0,75,0,0,75,2400,2432,0,75,50,50,865300,826000,1336300,808700,1418700,825600,869800,1028400,867550,25,99,74,0,50,0,24,75,0,0,25,800,832,0,75,50,50,1115200,998100,1441400,1056500,1466200,814300,822800,817100,1027300,25,99,74,0,74,0,48,75,25,25,0,800,832,0,75,50,50,1.1841392426949455,0.16901613317453726,0,0,0,0,0,0,149,197,48
378,sealed_evaluation:warehouse-10-20-10-2-1:s4:r5,warehouse,warehouse-10-20-10-2-1.map,validation,warehouse-10-20-10-2-1-random-4.scen,4,4,5,15,48,4,21,40,63,838300,835300,844600,1374900,840100,839000,1538700,977200,842350,63,210,147,0,64,0,0,148,0,0,0,0,0,0,148,85,85,2598400,3039300,2568200,2644500,2585400,2955900,5172000,2576100,2621450,63,210,147,0,64,0,0,148,0,0,148,4736,4768,0,148,85,85,1726200,3415300,1719600,1711600,1744900,1832200,1693300,5555200,1735550,63,210,147,0,126,0,62,148,0,0,63,2016,2048,0,148,85,85,1893800,2054900,1900900,3620100,3475200,1887900,1875400,4050500,1977900,63,210,147,0,188,0,124,148,63,63,0,2016,2048,0,148,85,85,1.1396387312379361,0.13071130975935719,0,0,0,0,0,0,336,460,124
379,sealed_evaluation:warehouse-10-20-10-2-1:s4:r6,warehouse,warehouse-10-20-10-2-1.map,validation,warehouse-10-20-10-2-1-random-4.scen,4,5,6,12,17,8,18,56,49,1471200,936600,745700,749100,754100,752500,787200,902000,770650,49,196,147,0,50,0,0,148,0,0,0,0,0,0,148,99,99,2596800,2960600,2687400,4372700,2539400,2253900,4422400,2951300,2819350,49,196,147,0,50,0,0,148,0,0,148,4736,4768,0,148,99,99,1443200,2051700,1510500,1927100,1658900,2225000,1374000,1445800,1584700,49,196,147,0,98,0,48,148,0,0,49,1568,1600,0,148,99,99,1597900,2847500,1581700,1640800,1527200,2866700,1460000,3524200,1619350,49,196,147,0,146,0,96,148,49,49,0,1568,1600,0,148,99,99,1.0218653372878148,0.021629719193638833,0,0,0,0,0,0,294,390,96
380,sealed_evaluation:warehouse-10-20-10-2-1:s4:r7,warehouse,warehouse-10-20-10-2-1.map,validation,warehouse-10-20-10-2-1-random-4.scen,4,6,7,5,22,51,4,46,23,328400,331500,445200,553700,701000,553200,355600,353100,400400,23,92,69,0,24,0,0,70,0,0,0,0,0,0,70,47,47,1317200,1610000,1695400,1584700,1827100,1362500,1177800,1162800,1473600,23,92,69,0,24,0,0,70,0,0,70,2240,2272,0,70,47,47,1360300,1073000,612300,1079300,756300,683000,687800,671300,722050,23,92,69,0,46,0,22,70,0,0,23,736,768,0,70,47,47,873200,718500,1055300,1165100,750200,873300,756400,738900,814800,23,92,69,0,68,0,44,70,23,23,0,736,768,0,70,47,47,1.1284537081919535,0.12084829578007661,0,0,0,0,0,0,138,182,44
381,sealed_evaluation:warehouse-10-20-10-2-1:s4:r8,warehouse,warehouse-10-20-10-2-1.map,validation,warehouse-10-20-10-2-1-random-4.scen,4,7,8,4,156,42,148,57,23,357900,354800,531300,642900,580500,712900,500000,356300,515650,23,92,69,0,24,0,0,70,0,0,0,0,0,0,70,47,47,1181300,1163900,2261300,1980200,1549800,1243900,1192300,1177200,1218100,23,92,69,0,24,0,0,70,0,0,70,2240,2272,0,70,47,47,684000,677200,681200,1134700,918700,810200,1338700,680300,747100,23,92,69,0,46,0,22,70,0,0,23,736,768,0,70,47,47,747400,750700,868500,1432700,816700,1434400,1362100,748000,842600,23,92,69,0,68,0,44,70,23,23,0,736,768,0,70,47,47,1.1278276000535403,0.12029330456316058,0,0,0,0,0,0,138,182,44
382,sealed_evaluation:warehouse-10-20-10-2-1:s4:r9,warehouse,warehouse-10-20-10-2-1.map,validation,warehouse-10-20-10-2-1-random-4.scen,4,8,9,5,53,55,61,43,20,233600,285500,266800,236900,231400,235000,234300,335400,235950,20,50,31,0,21,0,0,32,0,0,0,0,0,0,32,12,12,607000,1056300,621700,606900,613800,612500,769500,1018400,617750,20,50,31,0,21,0,0,32,0,0,32,1024,1056,0,32,12,12,509800,580100,1009100,510700,509700,509900,508300,1056800,510300,20,50,31,0,40,0,19,32,0,0,20,640,672,0,32,12,12,800700,846900,678500,565400,567300,566100,566600,1078700,622900,20,50,31,0,59,0,38,32,20,20,0,640,672,0,32,12,12,1.2206545169508132,0.199387204190174,0,0,0,0,0,0,91,129,38
383,sealed_evaluation:warehouse-10-20-10-2-1:s4:r10,warehouse,warehouse-10-20-10-2-1.map,validation,warehouse-10-20-10-2-1-random-4.scen,4,9,10,2,93,10,102,12,11,126000,130400,127600,126300,126900,126400,127600,145500,127250,11,24,14,0,12,0,0,15,0,0,0,0,0,0,15,4,4,309600,307900,310100,307500,309900,308000,352600,536800,309750,11,24,14,0,12,0,0,15,0,0,15,480,512,0,15,4,4,281500,281300,280100,287500,280900,281100,281300,506600,281300,11,24,14,0,22,0,10,15,0,0,11,352,384,0,15,4,4,310800,312200,345200,310100,313300,308600,312800,354500,312500,11,24,14,0,32,0,20,15,11,11,0,352,384,0,15,4,4,1.1109136153572698,0.10518275368064504,0,0,0,0,0,0,47,67,20
384,sealed_evaluation:warehouse-10-20-10-2-1:s4:r11,warehouse,warehouse-10-20-10-2-1.map,validation,warehouse-10-20-10-2-1-random-4.scen,4,10,11,12,154,19,110,1,62,797400,1281100,762600,1118800,848400,762600,763200,1066900,822900,62,182,120,0,63,0,0,121,0,0,0,0,0,0,121,59,59,2182400,2136900,2149700,3118200,2196400,2565000,2157900,3312700,2189400,62,182,120,0,63,0,0,121,0,0,121,3872,3904,0,121,59,59,1607800,1782100,1671200,2239800,1613600,2652700,1620000,1722000,1696600,62,182,120,0,124,0,61,121,0,0,62,1984,2016,0,121,59,59,1787800,3650100,1777300,1773000,1784300,2385900,1795900,2589000,1791850,62,182,120,0,185,0,122,121,62,62,0,1984,2016,0,121,59,59,1.056141695155016,0.054622357300609707,0,0,0,0,0,0,306,428,122
385,sealed_evaluation:warehouse-10-20-10-2-1:s4:r12,warehouse,warehouse-10-20-10-2-1.map,validation,warehouse-10-20-10-2-1-random-4.scen,4,11,12,5,5,43,25,49,26,394900,836000,403100,764700,395000,393400,393500,452700,399050,26,100,74,0,27,0,0,75,0,0,0,0,0,0,75,49,49,1762700,2105700,1255800,1433400,1494900,1617900,1340800,1477200,1486050,26,100,74,0,27,0,0,75,0,0,75,2400,2432,0,75,49,49,2234900,1387400,845900,965500,968900,754400,750200,774000,905700,26,100,74,0,52,0,25,75,0,0,26,832,864,0,75,49,49,1105200,1239400,851800,983900,1010600,840000,828200,1414200,997250,26,100,74,0,77,0,50,75,26,26,0,832,864,0,75,49,49,1.1010820359942586,0.096293365404613196,0,0,0,0,0,0,152,202,50
386,sealed_evaluation:warehouse-10-20-10-2-1:s4:r13,warehouse,warehouse-10-20-10-2-1.map,validation,warehouse-10-20-10-2-1-random-4.scen,4,12,13,26,15,49,106,28,112,1290900,1304300,1287600,1303900,2278000,2000000,1295500,1808200,1304100,112,302,190,0,113,0,0,191,0,0,0,0,0,0,191,79,79,3565700,4435800,5961300,3552300,3682000,7391300,3816000,3613600,3749000,112,302,190,0,113,0,0,191,0,0,191,6112,6144,0,191,79,79,3588000,2913000,2902000,4250000,2876800,3505700,4788300,3236500,3371100,112,302,190,0,224,0,111,191,0,0,112,3584,3616,0,191,79,79,4956000,5571500,3184500,3251300,3210100,3257700,3256500,5065900,3257100,112,302,190,0,335,0,222,191,112,112,0,3584,3616,0,191,79,79,0.966183144967518,-0.034401871676050258,0,0,0,0,0,0,526,748,222
387,sealed_evaluation:warehouse-10-20-10-2-1:s4:r14,warehouse,warehouse-10-20-10-2-1.map,validation,warehouse-10-20-10-2-1-random-4.scen,4,13,14,39,40,61,144,3,162,1690900,2346600,3213900,2478700,1693600,2382600,3005000,3732600,2430650,170,412,242,0,171,0,0,243,0,0,0,0,0,0,243,73,73,10475400,6209700,6605200,6065300,7160900,6746000,9951900,9052100,6953450,170,412,242,0,171,0,0,243,0,0,243,7776,7808,0,243,73,73,4240200,4737200,5977000,3953400,5969800,6763900,6822200,8525000,5973400,170,412,242,0,340,0,169,243,0,0,170,5440,5472,0,243,73,73,4866900,4792600,7279000,4763900,7057900,7238100,9613700,9735200,7148000,170,412,242,0,509,0,338,243,170,170,0,5440,5472,0,243,73,73,1.1966384303746609,0.1795163177665014,0,0,0,0,0,0,752,1090,338
388,sealed_evaluation:warehouse-10-20-10-2-1:s4:r15,warehouse,warehouse-10-20-10-2-1.map,validation,warehouse-10-20-10-2-1-random-4.scen,4,14,15,3,7,32,17,40,18,404400,570700,539500,583600,691500,589400,535900,398500,555100,18,72,54,0,19,0,0,55,0,0,0,0,0,0,55,37,37,1302800,1246100,1819800,1820900,1240900,1245100,1874400,1554000,1428400,18,72,54,0,19,0,0,55,0,0,55,1760,1792,0,55,37,37,718700,1398800,1057200,1051200,756500,676100,1028200,1099800,1039700,18,72,54,0,36,0,17,55,0,0,18,576,608,0,55,37,37,865700,1175200,1293700,1056800,838300,946800,1152000,984500,1020650,18,72,54,0,53,0,34,55,18,18,0,576,608,0,55,37,37,0.98167740694431083,-0.018492530764331494,0,0,0,0,0,0,108,142,34
389,sealed_evaluation:warehouse-10-20-10-2-1:s4:r16,warehouse,warehouse-10-20-10-2-1.map,validation,warehouse-10-20-10-2-1-random-4.scen,4,15,16,22,14,12,100,7,91,1009500,1026100,2042800,1879000,1580300,1370600,1348300,1291700,1359450,91,228,137,0,92,0,0,138,0,0,0,0,0,0,138,47,47,2663500,3887000,5062100,3713700,3067600,2385600,4242900,3350400,3532050,91,228,137,0,92,0,0,138,0,0,138,4416,4448,0,138,47,47,2259700,4050400,2940200,3255900,2082500,3326400,3003100,3940800,3129500,91,228,137,0,182,0,90,138,0,0,91,2912,2944,0,138,47,47,3329400,3130300,7873900,4792100,2306200,3468800,3356600,3535900,3412700,91,228,137,0,272,0,180,138,91,91,0,2912,2944,0,138,47,47,1.0904936890877137,0.086630519469681935,0,0,0,0,0,0,410,590,180
390,sealed_evaluation:warehouse-10-20-10-2-1:s4:r17,warehouse,warehouse-10-20-10-2-1.map,validation,warehouse-10-20-10-2-1-random-4.scen,4,16,17,19,60,55,123,40,78,1479500,1117600,1531400,1263700,1292100,1072400,1037900,1316100,1277900,78,176,99,0,79,0,0,100,0,0,0,0,0,0,100,22,22,4122900,4043500,2925500,2425400,3626100,2773600,2956100,3214200,3085150,78,176,99,0,79,0,0,100,0,0,100,3200,3232,0,100,22,22,2855400,3493400,3032000,2481900,2689700,2738400,3032600,2068900,2796900,78,176,99,0,156,0,77,100,0,0,78,2496,2528,0,100,22,22,2952400,3132000,4161700,2728400,2974600,3849600,2941600,3007400,2991000,78,176,99,0,233,0,154,100,78,78,0,2496,2528,0,100,22,22,1.0693982623619007,0.067096118659190421,0,0,0,0,0,0,333,487,154
391,sealed_evaluation:warehouse-10-20-10-2-1:s4:r18,warehouse,warehouse-10-20-10-2-1.map,validation,warehouse-10-20-10-2-1-random-4.scen,4,17,18,34,120,55,3,23,149,1764500,2207200,1867500,1776000,1752200,3023100,2413200,3320000,2037350,165,412,247,0,166,0,0,248,0,0,0,0,0,0,248,83,83,5158500,6764300,7039200,7476000,6055100,6655800,6466500,6692100,6673950,165,412,247,0,166,0,0,248,0,0,248,7936,7968,0,248,83,83,6327800,6266800,5012700,4656300,4191400,4396700,7997300,7471200,5639750,165,412,247,0,330,0,164,248,0,0,165,5280,5312,0,248,83,83,4604800,4834600,4608500,4672000,4509900,5653100,8982100,8521900,4753300,165,412,247,0,494,0,328,248,165,165,0,5280,5312,0,248,83,83,0.8428210470322266,-0.1710006246156652,0,0,0,0,0,0,742,1070,328
392,sealed_evaluation:warehouse-10-20-10-2-1:s4:r19,warehouse,warehouse-10-20-10-2-1.map,validation,warehouse-10-20-10-2-1-random-4.scen,4,18,19,26,157,36,54,40,107,1789300,3377000,1928700,1749600,1152500,1763500,1231300,1289600,1756550,111,285,174,0,112,0,0,175,0,0,0,0,0,0,175,64,64,6149100,6703900,5233600,3074200,2947400,3299800,5978100,4139300,4686450,111,285,174,0,112,0,0,175,0,0,175,5600,5632,0,175,64,64,4146100,5034700,7024300,2543700,3628100,8946300,3295600,3617800,3887100,111,285,174,0,222,0,110,175,0,0,111,3552,3584,0,175,64,64,4780600,4912900,5233900,4713000,6880000,4505200,5701200,7028300,5073400,111,285,174,0,332,0,220,175,111,111,0,3552,3584,0,175,64,64,1.3051889583494121,0.26634782596282308,0,0,0,0,0,0,507,727,220
393,sealed_evaluation:warehouse-10-20-10-2-1:s4:r20,warehouse,warehouse-10-20-10-2-1.map,validation,warehouse-10-20-10-2-1-random-4.scen,4,19,20,28,13,56,126,52,117,1764100,1300300,1390200,1401500,1261200,1814300,1481200,1268500,1395850,117,286,169,0,118,0,0,170,0,0,0,0,0,0,170,53,53,4088500,3504800,2958100,3482600,3324800,3294500,5728600,3304500,3403700,117,286,169,0,118,0,0,170,0,0,170,5440,5472,0,170,53,53,3182800,4626600,6101000,3403300,5041200,2882900,3014400,4250700,3827000,117,286,169,0,234,0,116,170,0,0,117,3744,3776,0,170,53,53,3345100,3534400,6581700,3670400,3272300,5918400,3243100,3321000,3439750,117,286,169,0,350,0,232,170,117,117,0,3744,3776,0,170,53,53,0.89881107917428793,-0.10668241211777642,0,0,0,0,0,0,520,752,232
394,sealed_evaluation:warehouse-10-20-10-2-1:s4:r21,warehouse,warehouse-10-20-10-2-1.map,validation,warehouse-10-20-10-2-1-random-4.scen,4,20,21,18,36,2,9,57,82,1823400,1562900,1596600,2001200,2443100,1519900,2417600,1865900,1844650,82,304,222,0,83,0,0,223,0,0,0,0,0,0,223,141,141,5198600,7773700,6533200,7353200,6458800,5107200,5038600,4824000,5828700,82,304,222,0,83,0,0,223,0,0,223,7136,7168,0,223,141,141,3197500,4154700,3300900,4867700,3470500,4787200,4205800,2395300,3812600,82,304,222,0,164,0,81,223,0,0,82,2624,2656,0,223,141,141,5178300,5130300,3618100,3564300,3817200,4551600,4061100,2973400,3939150,82,304,222,0,245,0,162,223,82,82,0,2624,2656,0,223,141,141,1.0331925719981114,0.032653592897126937,0,0,0,0,0,0,468,630,162
395,sealed_evaluation:warehouse-10-20-10-2-1:s4:r22,warehouse,warehouse-10-20-10-2-1.map,validation,warehouse-10-20-10-2-1-random-4.scen,4,21,22,30,107,19,17,56,127,2010500,1671900,4250300,4947500,1857600,1514300,1514700,2639200,1934050,127,358,231,0,128,0,0,232,0,0,0,0,0,0,232,105,105,4367300,8245200,4820100,4399200,5545700,5249300,4736800,5192300,5006200,127,358,231,0,128,0,0,232,0,0,232,7424,7456,0,232,105,105,3243200,3221200,3604400,3006200,4577000,3622600,3361700,3293000,3327350,127,358,231,0,254,0,126,232,0,0,127,4064,4096,0,232,105,105,4286200,5952300,4998200,3905800,4244300,3998500,5489800,4350600,4318400,127,358,231,0,380,0,252,232,127,127,0,4064,4096,0,232,105,105,1.2978496401039867,0.2607087718986113,0,0,0,0,0,0,612,864,252
396,sealed_evaluation:warehouse-10-20-10-2-1:s4:r23,warehouse,warehouse-10-20-10-2-1.map,validation,warehouse-10-20-10-2-1-random-4.scen,4,22,23,22,95,46,7,45,89,1022800,1805300,1035700,1391100,1026100,1799700,1024300,3566300,1213400,95,239,144,0,96,0,0,145,0,0,0,0,0,0,145,50,50,2717400,3324600,2748100,2777900,2860500,2749800,2763400,3846200,2770650,95,239,144,0,96,0,0,145,0,0,145,4640,4672,0,145,50,50,3121400,2357800,4203200,2349100,3655900,2353500,3316200,2659100,2890250,95,239,144,0,190,0,94,145,0,0,95,3040,3072,0,145,50,50,5244200,2877000,3518100,5142200,2876300,2636200,2772600,2598500,2876650,95,239,144,0,284,0,188,145,95,95,0,3040,3072,0,145,50,50,0.99529452469509561,-0.0047165809056087006,0,0,0,0,0,0,429,617,188
397,sealed_evaluation:warehouse-10-20-10-2-1:s4:r24,warehouse,warehouse-10-20-10-2-1.map,validation,warehouse-10-20-10-2-1-random-4.scen,4,23,24,33,8,8,124,37,145,2153000,3044500,2231800,2573800,2427100,1792000,1606900,2027000,2192400,145,362,217,0,146,0,0,218,0,0,0,0,0,0,218,73,73,6231600,6038800,6365000,5609100,5850200,5076700,4167400,4378000,5729650,145,362,217,0,146,0,0,218,0,0,218,6976,7008,0,218,73,73,5333200,5216500,6224000,5174600,5474600,6687400,5417200,4752300,5375200,145,362,217,0,290,0,144,218,0,0,145,4640,4672,0,218,73,73,7211700,5454500,5901200,6494800,9340100,4189100,5254500,8004800,6198000,145,362,217,0,434,0,288,218,145,145,0,4640,4672,0,218,73,73,1.1530733740139902,0.14243087674175339,0,0,0,0,0,0,652,940,288
398,sealed_evaluation:warehouse-10-20-10-2-1:s4:r25,warehouse,warehouse-10-20-10-2-1.map,validation,warehouse-10-20-10-2-1-random-4.scen,4,24,25,34,3,1,138,4,138,1433400,1669900,3555500,1440500,2787300,1435300,1446900,2505400,1558400,138,316,178,0,139,0,0,179,0,0,0,0,0,0,179,41,41,3525200,3204400,4331600,5649100,5239100,3159200,3547400,3912600,3730000,138,316,178,0,139,0,0,179,0,0,179,5728,5760,0,179,41,41,3977000,3664300,3040800,5584200,3457000,5396900,3507200,3355500,3585750,138,316,178,0,276,0,137,179,0,0,138,4416,4448,0,179,41,41,5985300,5141800,6433100,4144400,3407700,5216200,5920400,4004600,5179000,138,316,178,0,413,0,274,179,138,138,0,4416,4448,0,179,41,41,1.4443282437425922,0.367644330249569,0,0,0,0,0,0,592,866,274
399,sealed_evaluation:warehouse-10-20-10-2-1:s4:r26,warehouse,warehouse-10-20-10-2-1.map,validation,warehouse-10-20-10-2-1-random-4.scen,4,25,26,8,5,28,39,31,37,1312700,574600,903200,1079200,652300,516700,514900,544400,613450,40,126,87,0,41,0,0,88,0,0,0,0,0,0,88,48,48,4380000,1551200,5869800,2403100,3901600,1656100,5304700,1557300,3152350,40,126,87,0,41,0,0,88,0,0,88,2816,2848,0,88,48,48,2671600,1079800,1190100,1190300,1695200,1085900,1079900,1092500,1141300,40,126,87,0,80,0,39,88,0,0,40,1280,1312,0,88,48,48,1194500,1549400,1287700,2782300,1445400,1189100,1189200,2013500,1366550,40,126,87,0,119,0,78,88,40,40,0,1280,1312,0,88,48,48,1.1973626566196443,0.18012135196720475,0,0,0,0,0,0,207,285,78
400,sealed_evaluation:maze-128-128-10:s1:r2,maze,maze-128-128-10.map,holdout,maze-128-128-10-random-1.scen,1,1,2,22,34,114,14,73,111,34151800,34773500,27620400,25670600,35642300,34850800,38170600,24992200,34462650,2431,9264,2992,0,2879,447,0,2546,0,0,0,0,0,447,2546,335,153,6850000,8414000,12856100,5403800,6715200,9648300,6788400,7598900,7224450,111,383,268,0,112,0,0,269,0,0,269,8608,8640,0,269,158,158,8725600,10392700,10714400,6330400,9791800,10518100,8537200,6479200,9258700,111,383,268,0,362,0,250,269,0,0,251,8032,8064,0,269,158,158,6311800,8762000,7984600,5405800,8320100,8065500,7259500,6795400,7622050,111,383,268,0,472,0,360,269,251,111,0,4112,4144,0,269,158,158,0.82323112315983882,-0.19451828764559564,3920,0.48804780876494025,3920,0.4861111111111111,140,0.56000000000000005,881,1101,220
401,sealed_evaluation:maze-128-128-10:s1:r3,maze,maze-128-128-10.map,holdout,maze-128-128-10-random-1.scen,1,2,3,67,29,122,64,75,318,132940600,181371600,139729300,166914400,170530900,169299500,153691000,233118100,168106950,11224,42553,13254,0,13130,1905,0,11350,0,0,0,0,0,1905,11350,586,183,19421800,26562000,16452800,23972400,27133900,16676900,21406500,33307300,22689450,318,1107,777,0,319,0,0,778,0,0,778,24896,24928,0,778,460,460,18074400,16502600,19080000,24309300,23545600,18638300,17771600,27010800,18859150,318,1107,777,0,990,0,671,778,0,0,672,21504,21536,0,778,460,460,14299100,14635400,28671100,17505200,16451000,14368000,19884900,24013900,16978100,318,1107,777,0,1364,0,1045,778,672,375,0,13188,13220,0,778,460,460,0.9002579649666077,-0.10507392898703428,8316,0.38671875,8316,0.38614413075780091,297,0.44262295081967212,2439,3187,748
402,sealed_evaluation:maze-128-128-10:s1:r4,maze,maze-128-128-10.map,holdout,maze-128-128-10-random-1.scen,1,3,4,77,82,32,101,114,365,169415700,158089500,127433200,147426100,133985200,139194300,129134900,197470500,143310200,10849,41182,12353,0,12237,1387,0,10967,0,0,0,0,0,1387,10967,916,241,53783300,49074000,35547200,33775800,34335800,32167900,73140600,40781700,38164450,843,3144,1714,0,844,0,0,1378,0,0,1378,44096,44128,337,1378,872,535,47963700,46619900,41447400,41546100,35332200,38516200,44938100,37190900,41496750,843,3144,1714,0,2175,0,1331,1378,0,0,1332,42624,42656,337,1378,872,535,56333700,51253100,38744100,41423000,53387100,37902600,36472600,82406500,46338050,843,3144,1714,0,3219,0,2375,1378,1332,1045,0,34588,34620,337,1378,872,535,1.116666967895076,0.11034832692561349,8036,0.18853228228228228,8036,0.18839084771192799,287,0.21562734785875282,5221,7309,2088
403,sealed_evaluation:maze-128-128-10:s1:r5,maze,maze-128-128-10.map,holdout,maze-128-128-10-random-1.scen,1,4,5,28,69,75,18,108,132,26441700,35538800,28924000,41341000,46540400,28041900,51596100,30956600,33247700,2347,8947,2873,0,2766,418,0,2456,0,0,0,0,0,418,2456,487,109,6633200,9018600,10340900,6762200,6422000,10962600,7020000,5336000,6891100,132,438,301,0,133,0,0,302,0,0,302,9664,9696,0,302,170,170,6742700,6515000,8942800,7026200,6954100,10505700,5794300,7387500,6990150,132,438,301,0,394,0,261,302,0,0,262,8384,8416,0,302,170,170,5939900,7366600,13116700,8142900,6801100,6228700,8115900,9122700,7741250,132,438,301,0,525,0,392,302,262,132,0,4744,4776,0,302,170,170,1.1074511991874281,0.1020611580271929,3640,0.43416030534351147,3640,0.43250950570342206,130,0.49808429118773945,957,1219,262
404,sealed_evaluation:maze-128-128-10:s1:r6,maze,maze-128-128-10.map,holdout,maze-128-128-10-random-1.scen,1,5,6,33,91,124,81,50,160,40723600,42179400,42087000,45644800,59010800,40868400,53561100,38369400,42133200,3534,13389,5177,0,4658,1123,0,3741,0,0,0,0,0,1437,3741,628,207,15185000,9406600,9038800,11450100,7528700,9624600,6888500,8623000,9222700,160,527,363,0,161,0,0,364,0,0,364,11648,11680,0,364,204,204,9516200,6493000,9275400,6056900,8348900,13669000,6200200,6593800,7471350,160,527,363,0,414,0,253,364,0,0,254,8128,8160,0,364,204,204,6950200,8426300,5892000,7256900,6172500,5949900,7161500,6598800,6774500,160,527,363,0,587,0,426,364,254,174,0,5888,5920,0,364,204,204,0.90673037670568235,-0.097910142403528952,2240,0.27559055118110237,2240,0.27450980392156865,80,0.31620553359683795,1031,1377,346
405,sealed_evaluation:maze-128-128-10:s1:r7,maze,maze-128-128-10.map,holdout,maze-128-128-10-random-1.scen,1,6,7,56,105,8,58,114,261,101077300,76911500,66176600,65822800,111693100,77663100,73379900,72065100,75145700,5657,21419,7741,0,7435,1777,0,5845,0,0,0,0,0,1897,5845,1062,193,13306300,10592300,16664600,13840200,14951800,16099300,12125400,14500200,14170200,261,906,636,0,262,0,0,637,0,0,637,20384,20416,0,637,376,376,13820600,13643200,27923400,18281600,19157400,15148100,16628200,12403800,15888150,261,906,636,0,833,0,571,637,0,0,572,18304,18336,0,637,376,376,11790300,12885500,17326700,17488200,24823100,11985900,12252800,10757400,12569150,261,906,636,0,1093,0,831,637,572,261,0,9596,9628,0,637,376,376,0.79110217363255009,-0.23432814935073637,8708,0.47574300699300698,8708,0.47491273996509598,311,0.54465849387040277,2041,2561,520
406,sealed_evaluation:maze-128-128-10:s1:r8,maze,maze-128-128-10.map,holdout,maze-128-128-10-random-1.scen,1,7,8,17,20,64,45,39,80,10428400,9558900,9945500,10563300,24507000,7423800,7539900,19776800,10186950,791,3007,980,0,891,99,0,882,0,0,0,0,0,99,882,140,91,7717800,5638800,3591500,3663700,4019000,3792600,4531100,3645100,3905800,80,279,195,0,81,0,0,196,0,0,196,6272,6304,0,196,116,116,4090400,3806900,4401600,5528500,5978300,4058400,4652700,4881300,4527150,80,279,195,0,261,0,180,196,0,0,181,5792,5824,0,196,116,116,3273600,3301900,3291500,3283900,3365300,5066900,4873600,3490400,3333600,80,279,195,0,369,0,288,196,181,109,0,3776,3808,0,196,116,116,0.73635731089095791,-0.30603980130495484,2016,0.34806629834254144,2016,0.34615384615384615,72,0.40000000000000002,637,853,216
407,sealed_evaluation:maze-128-128-10:s1:r9,maze,maze-128-128-10.map,holdout,maze-128-128-10-random-1.scen,1,8,9,48,75,52,40,79,226,57914800,46400700,48580100,67623500,45488500,49719900,51397700,45834400,49150000,4169,15866,5424,0,5217,1047,0,4378,0,0,0,0,0,1047,4378,372,209,12689100,14322100,15527600,13484800,9898600,13783100,12282600,9882800,13086950,226,790,556,0,227,0,0,557,0,0,557,17824,17856,0,557,331,331,12460400,19560000,12878900,12904200,12572100,14478300,13082300,14618500,12993250,226,790,556,0,763,0,536,557,0,0,537,17184,17216,0,557,331,331,12365900,13652000,13896200,13630000,15337900,13143800,21634900,14143300,13774100,226,790,556,0,1156,0,929,557,537,394,0,13180,13212,0,557,331,331,1.0600965886133185,0.058360025305998563,4004,0.23300744878957169,4004,0.23257434944237917,143,0.26679104477611942,1856,2642,786
408,sealed_evaluation:maze-128-128-10:s1:r10,maze,maze-128-128-10.map,holdout,maze-128-128-10-random-1.scen,1,9,10,35,65,36,38,31,158,20737400,37395800,27053700,22776700,20518900,24392600,29542500,26843900,25618250,2096,7961,2325,0,2217,120,0,2206,0,0,0,0,0,120,2206,117,110,9221000,9279900,7708300,8058300,11601900,8048900,8515300,7822800,8286800,158,564,401,0,159,0,0,402,0,0,402,12864,12896,0,402,244,244,8919900,6855900,8456200,6598000,12508200,10256500,8827400,10188200,8873650,158,564,401,0,476,0,317,402,0,0,318,10176,10208,0,402,244,244,7987500,6838700,8622700,8995800,8562000,6113900,13668500,6131300,8274750,158,564,401,0,633,0,474,402,318,158,0,5696,5728,0,402,244,244,0.93250804347703597,-0.069877501788728577,4480,0.44025157232704404,4480,0.43887147335423199,160,0.50473186119873814,1195,1509,314
409,sealed_evaluation:maze-128-128-10:s1:r11,maze,maze-128-128-10.map,holdout,maze-128-128-10-random-1.scen,1,10,11,10,19,24,8,59,46,908600,983800,695900,718400,700800,1016000,700400,1066700,813500,46,184,138,0,47,0,0,139,0,0,0,0,0,0,139,93,93,2750300,2422100,2350900,4332400,2392900,2324900,2353800,3655700,2407500,46,184,138,0,47,0,0,139,0,0,139,4448,4480,0,139,93,93,1389100,2529000,1602100,1974600,1360800,2224500,2340200,1445800,1788350,46,184,138,0,92,0,45,139,0,0,46,1472,1504,0,139,93,93,1507300,2098700,1526900,1494300,1523500,2888500,1937400,1495000,1525200,46,184,138,0,137,0,90,139,46,46,0,1472,1504,0,139,93,93,0.85285318869348836,-0.1591678580343448,0,0,0,0,0,0,276,366,90
410,sealed_evaluation:maze-128-128-10:s1:r12,maze,maze-128-128-10.map,holdout,maze-128-128-10-random-1.scen,1,11,12,60,97,86,23,54,278,42241600,58658300,35474300,40643100,38277000,36188200,57183300,44507000,41442350,3135,11884,4542,0,4369,1233,0,3310,0,0,0,0,0,1233,3310,1112,175,16388900,14825400,13479700,12371000,14341700,22559500,12717500,15537100,14583550,278,947,659,0,279,0,0,660,0,0,660,21120,21152,0,660,382,382,17672100,14535100,16762700,15040900,15412800,15485800,15909500,15216900,15449300,278,947,659,0,875,0,596,660,0,0,597,19104,19136,0,660,382,382,14587200,11219100,13171500,15794300,12966000,13072500,12691300,12454400,13019250,278,947,659,0,1152,0,873,660,597,278,0,10172,10204,0,660,382,382,0.84270808386140472,-0.17113466343934439,8932,0.46754606365159129,8932,0.46676421404682272,319,0.53523489932885904,2131,2685,554
411,sealed_evaluation:maze-128-128-10:s1:r13,maze,maze-128-128-10.map,holdout,maze-128-128-10-random-1.scen,1,12,13,45,82,108,52,28,208,64186300,62535200,66450400,80338700,62097000,61141300,67152500,90533200,65318350,5549,21040,6371,0,6235,685,0,5687,0,0,0,0,0,685,5687,504,170,10775100,11528800,10775700,12250400,10666300,11610900,9608700,10024900,10775400,208,727,512,0,209,0,0,513,0,0,513,16416,16448,0,513,305,305,11381300,11901400,10294100,12111500,10601100,12249300,12552600,10982100,11641350,208,727,512,0,603,0,394,513,0,0,395,12640,12672,0,513,305,305,10264400,10485000,8107600,8178000,16125200,9172600,8487000,10323000,9718500,208,727,512,0,810,0,601,513,395,208,0,7404,7436,0,513,305,305,0.83482585782576768,-0.18053212938366195,5236,0.41424050632911391,5236,0.41319444444444442,187,0.4746192893401015,1510,1924,414
412,sealed_evaluation:maze-128-128-10:s1:r14,maze,maze-128-128-10.map,holdout,maze-128-128-10-random-1.scen,1,13,14,23,51,79,6,109,109,15951800,17193000,17566800,16197200,18306100,22713600,17004600,16998400,17098800,1552,5937,2027,0,1903,350,0,1678,0,0,0,0,0,350,1678,364,126,12327600,10013700,11377200,11471100,12346800,12153900,11279800,10376000,11424150,307,1163,651,0,308,0,0,484,0,0,484,15488,15520,168,484,345,177,13136800,14034500,14593400,17284200,12761600,12732100,14268300,11777600,13585650,307,1163,651,0,780,0,472,484,0,0,473,15136,15168,168,484,345,177,11449300,11780200,12167200,14297000,9788600,12989800,13077100,17547500,12578500,307,1163,651,0,1116,0,808,484,473,337,0,11328,11360,168,484,345,177,0.92586663133526925,-0.077025081344567911,3808,0.25158562367864695,3808,0.25105485232067509,136,0.28813559322033899,1904,2576,672
413,sealed_evaluation:maze-128-128-10:s1:r15,maze,maze-128-128-10.map,holdout,maze-128-128-10-random-1.scen,1,14,15,41,97,100,14,116,195,34911700,33119100,32752200,35239900,30660800,32908400,28039700,30329200,32830300,2713,10299,3189,0,3100,386,0,2804,0,0,0,0,0,386,2804,290,137,10583300,13601600,8380500,13811400,8780500,9879600,9328800,9078100,9604200,195,645,444,0,196,0,0,445,0,0,445,14240,14272,0,445,250,250,11156400,10536300,11417300,11737700,11775800,10556600,11485100,11399900,11408600,195,645,444,0,620,0,424,445,0,0,425,13600,13632,0,445,250,250,8519400,7370900,9462900,9871700,7643800,7678400,8578700,7802800,8161100,195,645,444,0,814,0,618,445,425,195,0,7160,7192,0,445,250,250,0.71534631769016355,-0.33498849314694357,6440,0.47352941176470587,6440,0.47241784037558687,230,0.54245283018867929,1489,1877,388
414,sealed_evaluation:maze-128-128-10:s1:r16,maze,maze-128-128-10.map,holdout,maze-128-128-10-random-1.scen,1,15,16,32,71,118,99,59,145,43469000,42867400,47777200,40864300,41075200,60104300,44430800,42880700,43174850,3303,12564,5252,0,4664,1360,0,3533,0,0,0,0,0,1720,3533,1105,230,21208900,6719200,7012900,10657500,8847700,11256500,8880000,7453800,8863850,145,514,365,0,146,0,0,366,0,0,366,11712,11744,0,366,221,221,11053600,8680300,8416400,7305700,6908200,8188900,6461200,8916200,8302650,145,514,365,0,417,0,271,366,0,0,272,8704,8736,0,366,221,221,8793400,6185000,8269000,8251000,6399700,6393100,8615100,10895400,8260000,145,514,365,0,562,0,416,366,272,146,0,5176,5208,0,366,221,221,0.99486308588221828,-0.0051501534200095542,3528,0.40533088235294118,3528,0.40384615384615385,126,0.46494464944649444,1054,1344,290
415,sealed_evaluation:maze-128-128-10:s1:r17,maze,maze-128-128-10.map,holdout,maze-128-128-10-random-1.scen,1,16,17,82,8,107,123,11,375,161307800,180532400,172942000,172529500,162691600,164225300,190230800,146475500,168377400,12481,47342,16300,0,16239,3757,0,12544,0,0,0,0,0,3757,12544,1861,279,33040800,21317000,21671000,23837200,18132900,22733500,21399600,17979400,21535300,375,1267,879,0,376,0,0,880,0,0,880,28160,28192,0,880,505,505,22588700,31128000,22742400,21314800,25577500,22504500,26834600,22537400,22665550,375,1267,879,0,1226,0,850,880,0,0,851,27232,27264,0,880,505,505,19185800,21287100,20172900,18594200,20003800,18320900,20872300,22878800,20088350,375,1267,879,0,1711,0,1335,880,851,486,0,17012,17044,0,880,505,505,0.88629439832697643,-0.12070610554775403,10220,0.37529377203290248,10220,0.3748532863849765,365,0.42941176470588233,2956,3926,970
416,sealed_evaluation:maze-128-128-10:s1:r18,maze,maze-128-128-10.map,holdout,maze-128-128-10-random-1.scen,1,17,18,3,9,23,2,34,18,283900,281700,330400,285900,444800,306600,265100,447500,296250,18,72,54,0,19,0,0,55,0,0,0,0,0,0,55,37,37,952000,953000,1076500,1148300,1322800,978100,1070600,2065500,1073550,18,72,54,0,19,0,0,55,0,0,55,1760,1792,0,55,37,37,551200,546200,656100,813100,775800,571100,493200,882000,613600,18,72,54,0,36,0,17,55,0,0,18,576,608,0,55,37,37,596300,595000,1047100,937900,845800,629900,540800,1064600,737850,18,72,54,0,53,0,34,55,18,18,0,576,608,0,55,37,37,1.202493481095176,0.18439730185641204,0,0,0,0,0,0,108,142,34
417,sealed_evaluation:maze-128-128-10:s1:r19,maze,maze-128-128-10.map,holdout,maze-128-128-10-random-1.scen,1,18,19,24,63,80,107,2,122,2693500,2711500,3170300,2865100,1782900,1710000,2041700,3907600,2702500,122,429,304,0,123,0,0,305,0,0,0,0,0,0,305,183,183,5927400,5849600,11030900,8407300,6865400,7357000,8760000,8063000,7710000,122,429,304,0,123,0,0,305,0,0,305,9760,9792,0,305,183,183,3631100,3791300,4421900,3757900,4167500,4185600,5486700,3828800,3998150,122,429,304,0,244,0,121,305,0,0,122,3904,3936,0,305,183,183,5177700,6325300,5127700,6480200,4643300,4144600,7530600,4759100,5152700,122,429,304,0,365,0,242,305,122,122,0,3904,3936,0,305,183,183,1.2887710566136839,0.25368909500405956,0,0,0,0,0,0,670,912,242
418,sealed_evaluation:maze-128-128-10:s1:r20,maze,maze-128-128-10.map,holdout,maze-128-128-10-random-1.scen,1,19,20,28,80,49,40,126,137,22804700,22998600,26851300,52241900,26165700,21124400,23998200,20720800,23498400,1863,7116,2761,0,2678,814,0,1948,0,0,0,0,0,814,1948,850,126,6845700,6563400,9615700,10726300,6885600,7048600,5310800,5306300,6865650,137,458,316,0,138,0,0,317,0,0,317,10144,10176,0,317,180,180,7313900,9317600,6738500,7113400,10737800,6949400,9350400,9758600,8315750,137,458,316,0,427,0,289,317,0,0,290,9280,9312,0,317,180,180,7044100,7208100,9209200,12154200,8520300,6935400,6971000,7703300,7455700,137,458,316,0,681,0,543,317,290,255,0,8300,8332,0,317,180,180,0.89657577488500739,-0.10917246649152074,980,0.10560344827586207,980,0.10524054982817869,35,0.12110726643598616,1033,1541,508
419,sealed_evaluation:maze-128-128-10:s1:r21,maze,maze-128-128-10.map,holdout,maze-128-128-10-random-1.scen,1,20,21,55,11,7,18,114,256,44732100,44325600,82036500,43847700,50232800,48464500,51342900,54257900,49348650,4202,16002,4911,0,4803,600,0,4312,0,0,0,0,0,600,4312,341,110,13660400,14367400,14189100,14510100,17977600,14644800,14077300,14801400,14438750,256,892,627,0,257,0,0,628,0,0,628,20096,20128,0,628,372,372,14685000,15452300,15363400,15404200,14154200,14673200,16070900,40814200,15383800,256,892,627,0,852,0,595,628,0,0,596,19072,19104,0,628,372,372,9756000,12139900,10952300,14624000,18088300,13675400,16458300,12357100,13016250,256,892,627,0,1107,0,850,628,596,256,0,9552,9584,0,628,372,372,0.84610109335794792,-0.1671164308199817,9520,0.49916107382550334,9520,0.49832495812395311,340,0.5714285714285714,2075,2585,510
420,sealed_evaluation:maze-128-128-10:s1:r22,maze,maze-128-128-10.map,holdout,maze-128-128-10-random-1.scen,1,21,22,42,5,5,38,102,196,36048400,25526000,26998300,29148000,30920500,42528900,40284500,55013000,33484450,2257,8636,3079,0,2928,670,0,2410,0,0,0,0,0,670,2410,386,153,12661400,10890600,9644600,11519700,10907100,10133200,24849500,13140200,11213400,196,698,496,0,197,0,0,497,0,0,497,15904,15936,0,497,301,301,15236800,10950800,11189300,11399100,12715100,14847400,15465400,13094800,12904950,196,698,496,0,626,0,429,497,0,0,430,13760,13792,0,497,301,301,14262700,10131100,9632900,10240200,9989100,21484100,16966100,22264900,12251450,196,698,496,0,894,0,697,497,430,269,0,9252,9284,0,497,301,301,0.94936051670095578,-0.051966661362997608,4508,0.32761627906976742,4508,0.32685614849187933,161,0.3752913752913753,1552,2088,536
421,sealed_evaluation:maze-128-128-10:s1:r23,maze,maze-128-128-10.map,holdout,maze-128-128-10-random-1.scen,1,22,23,71,4,2,124,95,327,125968800,135440500,125587000,137165200,136623100,166175000,114041200,124372700,130704650,9299,35371,12264,0,11996,2696,0,9569,0,0,0,0,0,2696,9569,744,292,26336600,27709000,25365900,32073400,29865000,23401600,31152700,32521500,28787000,478,1726,1093,0,479,0,0,976,0,0,976,31232,31264,118,976,616,498,24895300,22512000,33400900,33535200,26449900,25073200,24302700,28855200,25761550,478,1726,1093,0,1419,0,940,976,0,0,941,30112,30144,118,976,616,498,20803900,31758400,30036800,22509600,22182600,22217100,23806300,20195800,22363350,478,1726,1093,0,1974,0,1495,976,941,556,0,19332,19364,118,976,616,498,0.86809023525370177,-0.14145961205945548,10780,0.35799681190223165,10780,0.35761677282377918,385,0.40957446808510639,3453,4563,1110
422,sealed_evaluation:maze-128-128-10:s1:r24,maze,maze-128-128-10.map,holdout,maze-128-128-10-random-1.scen,1,23,24,67,79,4,126,123,312,85675500,99836500,80881000,83380000,112598600,110475300,73060800,93531800,89603650,6027,22762,8219,0,7594,1566,0,6291,0,0,0,0,0,1929,6291,765,264,23348000,26492600,24667300,30534200,24110800,30463400,28631100,30360600,27561850,656,2390,1104,0,660,3,0,1054,0,0,1054,33728,33760,51,1054,446,398,25359600,27136600,31487100,47483100,26185900,32935300,27789200,33145000,29638150,656,2390,1104,0,1562,3,902,1054,0,0,903,28896,28928,51,1054,446,398,28102500,33104000,56122800,28998900,36191800,28950100,28050300,25538800,28974500,656,2390,1104,0,2294,3,1634,1054,903,733,0,24136,24168,51,1054,446,398,0.97760825152717024,-0.022646250003895245,4760,0.16472868217054262,4760,0.16454646017699115,170,0.18847006651884701,3569,5033,1464
423,sealed_evaluation:maze-128-128-10:s1:r25,maze,maze-128-128-10.map,holdout,maze-128-128-10-random-1.scen,1,24,25,109,122,3,96,61,494,168175500,140375400,159804000,147921100,155885100,166726700,171749100,183061200,163265350,11887,45060,13544,0,13397,1509,0,12036,0,0,0,0,0,1509,12036,522,149,32496600,37073200,35563700,37333600,45379900,39740200,48351600,43034500,38536900,823,2963,1781,0,824,0,0,1505,0,0,1505,48160,48192,277,1505,959,682,52391600,58385700,48898500,44304400,41091300,46710900,41165000,37448200,45507650,823,2963,1781,0,2230,0,1406,1505,0,0,1407,45024,45056,277,1505,959,682,49201200,39373600,55674600,37421300,40746000,43724300,57418500,45355600,44539950,823,2963,1781,0,3198,0,2374,1505,1407,969,0,32760,32792,277,1505,959,682,0.97873544338149743,-0.021493904450305787,12264,0.27238805970149255,12264,0.27219460227272729,438,0.31152204836415365,5418,7354,1936
424,sealed_evaluation:maze-128-128-10:s1:r26,maze,maze-128-128-10.map,holdout,maze-128-128-10-random-1.scen,1,25,26,26,87,72,27,46,124,17819000,13397400,17254000,13038700,13132200,18735500,14818900,14565900,14692400,1110,4175,1794,0,1561,450,0,1265,0,0,0,0,0,530,1265,393,155,8116300,9401500,8225800,6192600,7377400,6653200,5821100,5518300,7015300,124,418,290,0,125,0,0,291,0,0,291,9312,9344,0,291,167,167,5101400,6026700,5169700,5729900,5141500,6016500,6757100,5659400,5694650,124,418,290,0,352,0,227,291,0,0,228,7296,7328,0,291,167,167,6064700,5989100,6959800,8477300,10282000,6528200,6267300,8108200,6744000,124,418,290,0,557,0,432,291,228,206,0,6680,6712,0,291,167,167,1.1842694458834169,0.16912608310778179,616,0.084429824561403508,616,0.084061135371179041,22,0.096916299559471369,870,1280,410
425,sealed_evaluation:maze-128-128-10:s2:r2,maze,maze-128-128-10.map,holdout,maze-128-128-10-random-2.scen,2,1,2,26,100,24,72,6,118,9224100,10569800,14655300,9055200,12877400,12094200,11765800,13871800,11930000,994,3751,1201,0,1089,94,0,1108,0,0,0,0,0,94,1108,167,114,6372000,7070800,5146600,7571600,5123300,6112900,5145400,5955600,6034250,118,387,266,0,119,0,0,267,0,0,267,8544,8576,0,267,149,149,5183500,4639700,5460000,5121200,8684200,6288100,5852400,5698100,5579050,118,387,266,0,352,0,233,267,0,0,234,7488,7520,0,267,149,149,5534500,6466100,8040000,7136000,5427200,4649400,8030200,7595400,6801050,118,387,266,0,541,0,422,267,234,190,0,6256,6288,0,267,149,149,1.2190337064554002,0.19805850102366424,1232,0.16452991452991453,1232,0.16382978723404254,44,0.18884120171673821,852,1230,378
426,sealed_evaluation:maze-128-128-10:s2:r3,maze,maze-128-128-10.map,holdout,maze-128-128-10-random-2.scen,2,2,3,1,17,82,11,83,7,216400,162900,126800,127400,120800,120900,127700,119900,127100,7,28,22,0,8,0,0,23,0,0,0,0,0,0,23,16,16,708500,539600,436900,435300,416000,412400,429900,414000,432600,7,28,22,0,8,0,0,23,0,0,23,736,768,0,23,16,16,459400,268400,242000,238000,229900,239800,230400,231500,238900,7,28,22,0,14,0,6,23,0,0,7,224,256,0,23,16,16,451300,277800,262000,260900,247000,249400,575000,253000,261450,7,28,22,0,20,0,12,23,7,7,0,224,256,0,23,16,16,1.0943909585600671,0.090198006302375858,0,0,0,0,0,0,43,55,12
427,sealed_evaluation:maze-128-128-10:s2:r4,maze,maze-128-128-10.map,holdout,maze-128-128-10-random-2.scen,2,3,4,53,119,97,1,84,243,64315800,77498700,64093200,88113900,72209100,69662700,72902300,73933500,72555700,5669,21498,7196,0,7076,1406,0,5791,0,0,0,0,0,1406,5791,1068,163,18359100,17766500,18377500,25967500,18795600,17797700,20597000,19292200,18586550,402,1456,889,0,403,0,0,764,0,0,764,24448,24480,126,764,488,362,19002700,18768600,18383400,20970100,18923000,19336300,18754300,27497700,18962850,402,1456,889,0,1112,0,709,764,0,0,710,22720,22752,126,764,488,362,21155500,17461800,17884000,19016700,19015800,24927300,25218000,46756400,20086100,402,1456,889,0,1581,0,1178,764,710,470,0,16000,16032,126,764,488,362,1.0592342395789662,0.057546231564622748,6720,0.29577464788732394,6720,0.29535864978902954,240,0.33850493653032437,2711,3649,938
428,sealed_evaluation:maze-128-128-10:s2:r5,maze,maze-128-128-10.map,holdout,maze-128-128-10-random-2.scen,2,4,5,13,113,84,93,109,63,2515000,2695800,2327500,4837800,2610700,5011100,2352800,2743700,2653250,252,937,345,0,279,26,0,320,0,0,0,0,0,26,320,68,68,3027400,2745400,2761500,7886300,2808300,2805700,2758100,2923400,2807000,63,215,150,0,64,0,0,151,0,0,151,4832,4864,0,151,88,88,2260200,2199900,2291200,3545900,2230100,3670700,3548400,2234500,2275700,63,215,150,0,156,0,92,151,0,0,93,2976,3008,0,151,88,88,2234300,2202400,2182500,2179300,2118500,5428900,2263000,2160600,2192450,63,215,150,0,218,0,154,151,93,63,0,2136,2168,0,151,88,88,0.96341784945291553,-0.037268057395977036,840,0.28225806451612906,840,0.27925531914893614,30,0.32608695652173914,399,523,124
429,sealed_evaluation:maze-128-128-10:s2:r6,maze,maze-128-128-10.map,holdout,maze-128-128-10-random-2.scen,2,5,6,35,95,50,59,70,168,17382200,16541100,16624600,28117600,23331700,17535800,18093700,38040600,17814750,1778,6665,2052,0,1797,18,0,1947,0,0,0,0,0,106,1947,257,169,16936500,7632700,7634700,11717200,10242100,8798200,8038800,9600100,9199150,168,565,393,0,169,0,0,394,0,0,394,12608,12640,0,394,226,226,6481600,6741500,6855500,8479000,7091200,7842000,6366800,6864800,6860150,168,565,393,0,417,0,248,394,0,0,249,7968,8000,0,394,226,226,6927100,14283500,7287600,11261700,7895500,8071800,7873300,7889700,7892600,168,565,393,0,622,0,453,394,249,206,0,6764,6796,0,394,226,226,1.150499624643776,0.14019630423836368,1204,0.15110441767068272,1204,0.15049999999999999,43,0.17338709677419356,1059,1469,410
430,sealed_evaluation:maze-128-128-10:s2:r7,maze,maze-128-128-10.map,holdout,maze-128-128-10-random-2.scen,2,6,7,23,122,57,71,17,105,24140300,17051400,24394500,20233600,21856900,29031700,23745300,29210100,23942800,1334,5045,2062,0,1935,600,0,1463,0,0,0,0,0,600,1463,473,129,4996200,4681500,8313500,6124300,11011100,8270100,5194500,6947400,6535850,105,355,247,0,106,0,0,248,0,0,248,7936,7968,0,248,143,143,4254400,3845400,4269400,6208300,4720000,6168700,8135900,4443700,4581850,105,355,247,0,270,0,164,248,0,0,165,5280,5312,0,248,143,143,5708100,6015500,3660400,7053800,5662900,9060900,6535100,4512500,5861800,105,355,247,0,375,0,269,248,165,106,0,3628,3660,0,248,143,143,1.2793522267206479,0.24635387695893499,1652,0.31287878787878787,1652,0.31099397590361444,59,0.3597560975609756,682,892,210
431,sealed_evaluation:maze-128-128-10:s2:r8,maze,maze-128-128-10.map,holdout,maze-128-128-10-random-2.scen,2,7,8,32,21,82,71,99,145,26447200,24763000,32934800,37258800,36114000,51373200,39118600,36385700,36249850,2298,8711,3051,0,2924,625,0,2427,0,0,0,0,0,625,2427,546,129,7866300,12576600,11080900,14118400,17093200,15077800,13113500,18962000,13615950,172,586,391,0,173,0,0,377,0,0,377,12064,12096,15,377,220,205,9564900,13859300,11572300,12542800,41590000,13367000,14274600,11043400,12954900,172,586,391,0,510,0,337,377,0,0,338,10816,10848,15,377,220,205,9036500,16153700,12417200,8072000,24564200,15840100,9957400,9760800,11187300,172,586,391,0,720,0,547,377,338,211,0,7260,7292,15,377,220,205,0.86355741842854827,-0.14669488861067437,3556,0.32877218934911245,3556,0.3278023598820059,127,0.37685459940652821,1239,1659,420
432,sealed_evaluation:maze-128-128-10:s2:r9,maze,maze-128-128-10.map,holdout,maze-128-128-10-random-2.scen,2,8,9,47,119,1,43,69,218,94226500,92949400,97019100,100769900,78611100,78166100,102646900,83474500,93587950,4721,17849,6860,0,6756,2034,0,4827,0,0,0,0,0,2034,4827,1745,146,10145600,10187300,16164900,15909900,18787900,19006200,28290200,20383800,17476400,218,717,493,0,219,0,0,494,0,0,494,15808,15840,0,494,276,276,12177700,14643800,44519900,16825400,13775500,18195400,17403200,19554400,17114300,218,717,493,0,648,0,429,494,0,0,430,13760,13792,0,494,276,276,9654400,12597400,10527500,28164900,15314800,15107500,13414800,28224400,14261150,218,717,493,0,865,0,646,494,430,218,0,7824,7856,0,494,276,276,0.83328853648703127,-0.18237531445443425,5936,0.43139534883720931,5936,0.43039443155452434,212,0.49417249417249415,1571,2005,434
433,sealed_evaluation:maze-128-128-10:s2:r10,maze,maze-128-128-10.map,holdout,maze-128-128-10-random-2.scen,2,9,10,34,2,14,38,118,162,58618700,37799900,54048300,41332600,32135300,49931200,29261500,26856500,39566250,2310,8845,3686,0,3539,1228,0,2459,0,0,0,0,0,1228,2459,997,149,17446500,13707200,14786000,12527200,9511600,10859600,9597100,7837000,11693400,162,580,411,0,163,0,0,412,0,0,412,13184,13216,0,412,250,250,26933200,9696900,10610100,11249800,19806600,8498400,10472000,10016900,10541050,162,580,411,0,542,0,379,412,0,0,380,12160,12192,0,412,250,250,15104200,15720500,12375800,11134900,11386700,7134500,6658000,6801500,11260800,162,580,411,0,703,0,540,412,380,162,0,6056,6088,0,412,250,250,1.0682806741263915,0.0660505095003458,6104,0.50197368421052635,6104,0.50065616797900259,218,0.57519788918205805,1333,1655,322
434,sealed_evaluation:maze-128-128-10:s2:r11,maze,maze-128-128-10.map,holdout,maze-128-128-10-random-2.scen,2,10,11,69,123,12,61,32,314,81341700,94198600,69524800,85029100,117959500,78350700,74846900,134772700,83185400,6530,24752,7810,0,7724,1193,0,6618,0,0,0,0,0,1193,6618,530,113,18285200,22703900,25698900,23629000,17060900,15226700,25952000,21089400,21896650,314,1051,726,0,315,0,0,727,0,0,727,23264,23296,0,727,413,413,16100300,19204000,17327400,26333500,22484200,17108800,18996600,20736900,19100300,314,1051,726,0,996,0,681,727,0,0,682,21824,21856,0,727,413,413,15178900,23233200,16104200,22950600,16863900,19008100,16195000,28924600,17936000,314,1051,726,0,1452,0,1137,727,682,457,0,15524,15556,0,727,413,413,0.93904284225902213,-0.06289417540571221,6300,0.28867302052785926,6300,0.28825036603221083,225,0.33039647577092512,2404,3316,912
435,sealed_evaluation:maze-128-128-10:s2:r12,maze,maze-128-128-10.map,holdout,maze-128-128-10-random-2.scen,2,11,12,18,18,120,38,90,84,21573800,23600900,24331800,34639500,45294300,26813400,19157700,23584800,23966350,1419,5399,1812,0,1710,290,0,1523,0,0,0,0,0,290,1523,232,104,6372100,5883000,6859900,8755200,6207600,6605800,6475100,3815300,6423600,84,278,192,0,85,0,0,193,0,0,193,6176,6208,0,193,109,109,5677700,6061600,4366100,13557700,6209500,9099200,5285000,5331700,5869650,84,278,192,0,225,0,140,193,0,0,141,4512,4544,0,193,109,109,4932000,4478200,4771900,6379300,6838100,6793500,4810000,5894500,5413250,84,278,192,0,311,0,226,193,141,87,0,3000,3032,0,193,109,109,0.92224408610394148,-0.080945354991142138,1512,0.33510638297872342,1512,0.33274647887323944,54,0.38571428571428573,558,730,172
436,sealed_evaluation:maze-128-128-10:s2:r13,maze,maze-128-128-10.map,holdout,maze-128-128-10-random-2.scen,2,12,13,82,125,101,120,17,381,181705500,130376800,136487900,148077600,146522900,118445100,128483000,137069600,136778750,9280,35256,12087,0,11874,2593,0,9495,0,0,0,0,0,2593,9495,1275,215,34383700,40523300,22735800,24782400,20572400,22258100,28787000,20032500,23759100,381,1290,896,0,382,0,0,897,0,0,897,28704,28736,0,897,516,516,33627100,29068200,26246900,30355200,21660500,21652500,36096400,29254800,29161500,381,1290,896,0,1223,0,841,897,0,0,842,26944,26976,0,897,516,516,23575400,20507000,25306600,27414100,18289200,16794100,24261300,18459300,22041200,381,1290,896,0,1603,0,1221,897,842,381,0,14036,14068,0,897,516,516,0.75583217598546026,-0.27993591688312813,12908,0.47906769596199528,12908,0.47849940688018983,461,0.54815695600475622,2961,3721,760
437,sealed_evaluation:maze-128-128-10:s2:r14,maze,maze-128-128-10.map,holdout,maze-128-128-10-random-2.scen,2,13,14,79,123,111,119,14,361,131944000,110738600,120404300,119369400,119332200,112183200,104994500,135673400,119350800,8946,33948,11693,0,11481,2534,0,9160,0,0,0,0,0,2534,9160,1275,214,17886400,19149300,18491300,26809700,42192900,28997600,20015000,19055700,19582150,361,1218,845,0,362,0,0,846,0,0,846,27072,27104,0,846,485,485,24757400,21033600,24250100,22707100,21134200,26625000,23910400,22250000,23308750,361,1218,845,0,1153,0,791,846,0,0,792,25344,25376,0,846,485,485,16192600,18565400,17995400,16455200,26869500,14591700,17404400,16329000,16929800,361,1218,845,0,1513,0,1151,846,792,361,0,13276,13308,0,846,485,485,0.72632809567222612,-0.31975344382998477,12068,0.47616792929292928,12068,0.47556746532156369,431,0.54487989886219979,2790,3510,720
438,sealed_evaluation:maze-128-128-10:s2:r15,maze,maze-128-128-10.map,holdout,maze-128-128-10-random-2.scen,2,14,15,10,34,101,72,94,45,909900,631300,1196700,628100,618400,933500,1064700,664300,787100,45,172,127,0,46,0,0,128,0,0,0,0,0,0,128,83,83,2157800,1997300,2899200,1989400,4705500,2248500,2273300,2363100,2260900,45,172,127,0,46,0,0,128,0,0,128,4096,4128,0,128,83,83,1232800,1220900,2133000,1235600,2746900,1311200,2273600,1384200,1347700,45,172,127,0,90,0,44,128,0,0,45,1440,1472,0,128,83,83,1339700,1334000,1906700,1351300,1902200,1446400,2746300,1460600,1453500,45,172,127,0,134,0,88,128,45,45,0,1440,1472,0,128,83,83,1.0785041181271797,0.075575005223817132,0,0,0,0,0,0,262,350,88
439,sealed_evaluation:maze-128-128-10:s2:r16,maze,maze-128-128-10.map,holdout,maze-128-128-10-random-2.scen,2,15,16,37,106,70,94,92,170,21747800,20143700,20357000,21901800,25260300,22070700,50010000,21844200,21873000,2102,7942,2294,0,2240,137,0,2158,0,0,0,0,0,137,2158,142,60,9836900,7632700,17964100,9980900,11651200,7405000,6895400,10543400,9908900,170,569,393,0,171,0,0,394,0,0,394,12608,12640,0,394,224,224,7757500,9179400,7796100,9794200,14693600,9624900,7982900,11324000,9402150,170,569,393,0,523,0,352,394,0,0,353,11296,11328,0,394,224,224,9553600,8241900,10908600,9127400,10825100,7552000,10199800,10761600,9876700,170,569,393,0,762,0,591,394,353,240,0,8132,8164,0,394,224,224,1.0504724983115563,0.049240061342478443,3164,0.28009915014164305,3164,0.27930790960451979,113,0.32102272727272729,1269,1747,478
440,sealed_evaluation:maze-128-128-10:s2:r17,maze,maze-128-128-10.map,holdout,maze-128-128-10-random-2.scen,2,16,17,47,62,80,29,1,218,38024600,34868600,34633700,31189100,33414600,51482500,32867900,36662700,34751150,3002,11417,3783,0,3716,713,0,3071,0,0,0,0,0,713,3071,428,82,12069700,9700900,16623900,14753400,11620200,10127700,12053800,11364600,11837000,218,750,526,0,219,0,0,527,0,0,527,16864,16896,0,527,309,309,15088800,13999700,14903900,11170800,13085600,20266400,11947400,12471200,13542650,218,750,526,0,718,0,499,527,0,0,500,16000,16032,0,527,309,309,10235800,11027000,13018700,10308300,10913400,10328900,17716600,10242800,10621150,218,750,526,0,935,0,716,527,500,218,0,8104,8136,0,527,309,309,0.78427412655573314,-0.24299666852642407,7896,0.49349999999999999,7896,0.49251497005988026,282,0.56513026052104209,1744,2178,434
441,sealed_evaluation:maze-128-128-10:s2:r18,maze,maze-128-128-10.map,holdout,maze-128-128-10-random-2.scen,2,17,18,28,65,101,13,87,134,48311600,35056500,36579500,54048300,37160800,45736600,52278500,48584200,47024100,3432,13086,3696,0,3585,152,0,3545,0,0,0,0,0,152,3545,194,183,8103500,6176000,11450200,7709700,6472000,8336700,9198100,9002000,8220100,134,453,316,0,135,0,0,317,0,0,317,10144,10176,0,317,183,183,7151100,7599100,14423400,6290900,7278000,15053400,8854900,10373400,8227000,134,453,316,0,435,0,300,317,0,0,301,9632,9664,0,317,183,183,6884800,6237800,8403700,4738300,11930400,9028700,5408400,5154900,6561300,134,453,316,0,568,0,433,317,301,134,0,4956,4988,0,317,183,183,0.79753251488999632,-0.22623267413231399,4676,0.48546511627906974,4676,0.48385761589403975,167,0.55666666666666664,1052,1318,266
442,sealed_evaluation:maze-128-128-10:s2:r19,maze,maze-128-128-10.map,holdout,maze-128-128-10-random-2.scen,2,18,19,21,99,103,71,122,97,11079300,11191500,12062800,6573900,7234500,5976500,6496300,12642000,9156900,695,2625,837,0,746,50,0,788,0,0,0,0,0,50,788,93,93,8097600,7905800,9147900,10916200,11335800,10325800,12586300,12354400,10621000,247,945,477,0,305,57,0,400,0,0,400,12800,12832,78,400,174,153,11328400,10733100,13298600,11299100,9455400,8185800,10307600,8633600,10520350,247,945,477,0,646,57,341,400,0,0,342,10944,10976,78,400,174,153,9621100,8093500,14406800,11410700,9774700,10708400,9819100,16969100,10263750,247,945,477,0,916,57,611,400,342,271,0,8956,8988,78,400,174,153,0.97560917650078183,-0.024693206677246598,1988,0.18165204678362573,1988,0.18112244897959184,71,0.20821114369501467,1465,2005,540
443,sealed_evaluation:maze-128-128-10:s2:r20,maze,maze-128-128-10.map,holdout,maze-128-128-10-random-2.scen,2,19,20,59,97,61,68,61,275,65607400,63665900,60368700,59669900,52637800,54817200,81488600,60677900,60523300,5091,19349,6095,0,5987,895,0,5201,0,0,0,0,0,895,5201,539,133,27130400,25347700,24772000,33804000,35296700,28501000,24627100,36163000,27815700,720,2596,1342,0,831,110,0,1047,0,0,1047,33504,33536,296,1047,513,327,26123700,35163800,35669200,28027200,33512400,32209100,29575100,34454500,32860750,720,2596,1342,0,1845,110,1014,1047,0,0,1015,32480,32512,296,1047,513,327,27915400,32537400,32417900,54475100,36883200,29910100,36864300,26978500,32477650,720,2596,1342,0,2587,110,1756,1047,1015,743,0,24864,24896,296,1047,513,327,0.98834171465958631,-0.011726775991727572,7616,0.23448275862068965,7616,0.23425196850393701,272,0.26824457593688361,4202,5686,1484
444,sealed_evaluation:maze-128-128-10:s2:r21,maze,maze-128-128-10.map,holdout,maze-128-128-10-random-2.scen,2,20,21,16,82,98,53,94,79,9696800,12257300,12362400,21282900,13117600,13422800,9448000,16085500,12740000,990,3797,1195,0,1118,127,0,1069,0,0,0,0,0,127,1069,169,79,2930400,4632800,3299100,3446100,3440300,3191200,4957800,3962300,3443200,79,257,176,0,80,0,0,177,0,0,177,5664,5696,0,177,98,98,3785900,4952500,3201600,3145700,8038200,10598200,4422300,3462400,4104100,79,257,176,0,224,0,144,177,0,0,145,4640,4672,0,177,98,98,2994200,3045600,2962400,4357800,3669800,4557200,4140500,3822900,3746350,79,257,176,0,323,0,243,177,145,100,0,3380,3412,0,177,98,98,0.91283107136765673,-0.091204441390844437,1260,0.27155172413793105,1260,0.2696917808219178,45,0.3125,545,743,198
445,sealed_evaluation:maze-128-128-10:s2:r22,maze,maze-128-128-10.map,holdout,maze-128-128-10-random-2.scen,2,21,22,37,54,84,64,1,185,58376700,68765200,50448200,53157500,56628500,56347600,68305900,60156200,57502600,4367,16546,5275,0,4715,347,0,4553,0,0,0,0,0,723,4553,562,186,13753000,11935400,17585300,13054300,13692700,13648200,14112000,15866900,13722850,310,1086,579,0,312,1,0,534,0,0,534,17088,17120,46,534,269,224,11362600,15002200,12805500,12242100,17395300,12357600,12076500,14185800,12581550,310,1086,579,0,726,1,414,534,0,0,415,13280,13312,46,534,269,224,11427600,12626700,13323500,14137700,12247100,11009400,11049900,15508300,12436900,310,1086,579,0,1075,1,763,534,415,350,0,11460,11492,46,534,269,224,0.98850300638633559,-0.011563595014091807,1820,0.13704819277108435,1820,0.13671875,65,0.1570048309178744,1720,2418,698
446,sealed_evaluation:maze-128-128-10:s2:r23,maze,maze-128-128-10.map,holdout,maze-128-128-10-random-2.scen,2,22,23,72,116,38,88,119,333,97961500,69032300,67192800,87835800,92225400,67848200,94720700,76100900,81968350,5985,22638,7472,0,6887,901,0,6209,0,0,0,0,0,1264,6209,587,224,29794300,18810000,25268300,23622000,19278400,29590900,22900100,17944300,23261050,333,1153,809,0,334,0,0,810,0,0,810,25920,25952,0,810,477,477,24052900,32752200,18489300,21893700,19298100,20856100,25342300,37040200,22973300,333,1153,809,0,1040,0,706,810,0,0,707,22624,22656,0,810,477,477,19524700,14802400,19850900,22166700,17259100,16060500,21825300,27040100,19687800,333,1153,809,0,1372,0,1038,810,707,333,0,12152,12184,0,810,477,477,0.85698615349122675,-0.15433351746794319,10472,0.46287128712871289,10472,0.46221751412429379,374,0.52974504249291787,2556,3220,664
447,sealed_evaluation:maze-128-128-10:s2:r24,maze,maze-128-128-10.map,holdout,maze-128-128-10-random-2.scen,2,23,24,18,90,91,127,111,85,12076600,9210600,13470500,9996300,12432100,9292900,13868100,9819500,11036450,774,2922,957,0,889,114,0,844,0,0,0,0,0,114,844,142,70,7631100,8592700,8134900,9850200,7395200,6217800,8213300,9402900,8174100,175,637,365,0,176,0,0,286,0,0,286,9152,9184,80,286,191,111,8101400,7345100,10464200,7505200,6169700,5915100,7338800,10469700,7425150,175,637,365,0,410,0,234,286,0,0,235,7520,7552,80,286,191,111,7470100,8832700,9505200,8464300,6058200,8004900,6684200,13911800,8234600,175,637,365,0,602,0,426,286,235,193,0,6344,6376,80,286,191,111,1.1090146327010229,0.10347190278165479,1176,0.15638297872340426,1176,0.15572033898305085,42,0.17948717948717949,1010,1394,384
448,sealed_evaluation:maze-128-128-10:s2:r25,maze,maze-128-128-10.map,holdout,maze-128-128-10-random-2.scen,2,24,25,59,69,8,7,104,276,120225000,102222000,126902700,112496500,127357200,93939900,108774900,124502700,116360750,7647,29126,9703,0,9504,1856,0,7848,0,0,0,0,0,1856,7848,842,201,36498900,56695500,29971800,36119100,39381100,36366000,34161700,50545500,36432450,634,2364,1301,0,686,51,0,1042,0,0,1042,33344,33376,260,1042,617,408,69165400,37580400,36921700,35662700,50797800,33691000,31410700,35837800,36379750,634,2364,1301,0,1704,51,1018,1042,0,0,1019,32608,32640,260,1042,617,408,47627300,42144400,40108300,29208900,36056200,32065300,29479600,40225600,38082250,634,2364,1301,0,2420,51,1734,1042,1019,717,0,24152,24184,260,1042,617,408,1.0467980126306531,0.045735993153378535,8456,0.25932286555446515,8456,0.25906862745098042,302,0.29666011787819252,4024,5456,1432
449,sealed_evaluation:maze-128-128-10:s2:r26,maze,maze-128-128-10.map,holdout,maze-128-128-10-random-2.scen,2,25,26,10,30,54,43,88,51,4252200,3536500,4367100,3270800,3879100,3287100,4348500,3309600,3707800,295,1124,550,0,503,207,0,344,0,0,0,0,0,207,344,232,49,2880000,3427100,2451600,2183200,2744000,1925300,3375300,1936500,2597800,51,176,122,0,52,0,0,123,0,0,123,3936,3968,0,123,72,72,2129000,2485600,2072500,2624400,2268500,4304800,2187400,1765000,2227950,51,176,122,0,140,0,88,123,0,0,89,2848,2880,0,123,72,72,1743700,2072500,1867300,1786300,1853700,2095400,1740200,1816700,1835200,51,176,122,0,190,0,138,123,89,51,0,1784,1816,0,123,72,72,0.82371686976817249,-0.19392841276854525,1064,0.37359550561797755,1064,0.36944444444444446,38,0.43181818181818182,351,451,100
450,sealed_evaluation:maze-128-128-10:s3:r2,maze,maze-128-128-10.map,holdout,maze-128-128-10-random-3.scen,3,1,2,30,41,4,47,78,146,14925200,17619800,15493500,35803300,19197600,21124000,21700100,25821100,20160800,1348,5105,1921,0,1765,416,0,1506,0,0,0,0,0,416,1506,471,158,7128000,9635200,7728000,6578100,9743900,8392300,10612900,10884400,9013750,146,506,355,0,147,0,0,356,0,0,356,11392,11424,0,356,210,210,7956000,7237300,8587400,10397500,8135400,9724300,12028500,9238700,8913050,146,506,355,0,414,0,267,356,0,0,268,8576,8608,0,356,210,210,9639500,8047600,13496600,7420000,9757800,10883000,8507700,12465700,9698650,146,506,355,0,625,0,478,356,268,212,0,7008,7040,0,356,210,210,1.0881404233118854,0.084470205649522484,1568,0.18283582089552239,1568,0.18215613382899629,56,0.20973782771535582,1037,1459,422
451,sealed_evaluation:maze-128-128-10:s3:r3,maze,maze-128-128-10.map,holdout,maze-128-128-10-random-3.scen,3,2,3,23,29,35,1,47,116,22149800,16270400,17367200,14626400,15003100,16097600,19560100,14448700,16184000,1379,5249,1915,0,1835,455,0,1461,0,0,0,0,0,455,1461,406,100,7312300,7595700,6049700,5228300,5587800,7239900,7984600,6734300,6987100,116,411,290,0,117,0,0,291,0,0,291,9312,9344,0,291,175,175,8095000,8585600,5443100,6745400,5508700,6433700,7202900,6112500,6589550,116,411,290,0,377,0,260,291,0,0,261,8352,8384,0,291,175,175,5625100,8847400,7916200,9816500,12153600,6646600,6258000,6268000,7281400,116,411,290,0,593,0,476,291,261,217,0,7120,7152,0,291,175,175,1.1049919949010176,0.099838090510006888,1232,0.1475095785440613,1232,0.14694656488549618,44,0.16923076923076924,928,1360,432
452,sealed_evaluation:maze-128-128-10:s3:r4,maze,maze-128-128-10.map,holdout,maze-128-128-10-random-3.scen,3,3,4,28,22,42,74,116,130,22365300,21495600,19773700,20509400,19282200,28422100,14863300,16866000,20141550,1162,4397,2129,0,1647,484,0,1321,0,0,0,0,0,809,1321,562,159,6107300,6108600,11782100,9406200,7833100,6213800,7199000,11156500,7516050,130,458,324,0,131,0,0,325,0,0,325,10400,10432,0,325,195,195,6551700,11093300,10494900,10232500,7950100,7473700,7613900,9077300,8513700,130,458,324,0,382,0,251,325,0,0,252,8064,8096,0,325,195,195,5065000,9042300,9837400,8255400,5017500,5257900,6228200,12082600,7241800,130,458,324,0,511,0,380,325,252,130,0,4648,4680,0,325,195,195,0.85060549467329127,-0.1618068364217807,3416,0.4236111111111111,3416,0.42193675889328064,122,0.48605577689243029,958,1216,258
453,sealed_evaluation:maze-128-128-10:s3:r5,maze,maze-128-128-10.map,holdout,maze-128-128-10-random-3.scen,3,4,5,18,12,49,33,37,93,20994100,19463700,17719500,21948800,18657700,21111600,27291000,19241200,20228900,1608,6121,1809,0,1685,76,0,1734,0,0,0,0,0,76,1734,126,126,8628200,5687200,5224100,9606600,9019600,6872300,9567100,6254400,7750250,151,549,284,0,154,2,0,283,0,0,283,9056,9088,2,283,132,132,9045400,7662000,5301600,4677200,6212700,7309800,7939400,4785300,6761250,151,549,284,0,367,2,213,283,0,0,214,6848,6880,2,283,132,132,7153400,6407600,6925000,8254600,7976500,6513400,8987700,6613500,7039200,151,549,284,0,536,2,382,283,214,170,0,5616,5648,2,283,132,132,1.0411092623405436,0.040286743145714288,1232,0.17990654205607476,1232,0.17906976744186046,44,0.20657276995305165,865,1203,338
454,sealed_evaluation:maze-128-128-10:s3:r6,maze,maze-128-128-10.map,holdout,maze-128-128-10-random-3.scen,3,5,6,51,41,113,92,19,241,170505600,128400500,151758300,115622500,126998100,153451400,117113000,140216400,134308450,9185,34952,13163,0,12897,3711,0,9453,0,0,0,0,0,3711,9453,1552,273,12247800,12348200,16530500,13935200,12586700,14157200,13828200,15102400,13881700,241,838,587,0,242,0,0,588,0,0,588,18816,18848,0,588,347,347,13821000,11652400,13499000,14316000,12479800,14318500,13536500,13604400,13570450,241,838,587,0,736,0,494,588,0,0,495,15840,15872,0,588,347,347,11249300,11786100,11154600,12961200,11482200,11417000,12577100,12456100,11634150,241,838,587,0,1001,0,759,588,495,266,0,9428,9460,0,588,347,347,0.85731497481660524,-0.15394989603296735,6412,0.40479797979797982,6412,0.40398185483870969,229,0.46356275303643724,1818,2348,530
455,sealed_evaluation:maze-128-128-10:s3:r7,maze,maze-128-128-10.map,holdout,maze-128-128-10-random-3.scen,3,6,7,8,36,112,13,119,42,2518700,2744600,2733200,3289900,2675000,2555700,3006600,2576600,2704100,270,1027,393,0,349,78,0,316,0,0,0,0,0,78,316,114,46,2717100,3453600,2000700,1954400,1888500,1891100,2163300,3071800,2082000,42,145,102,0,43,0,0,103,0,0,103,3296,3328,0,103,61,61,4071900,3595800,2012600,1923900,3079600,1875000,2150800,6853500,2615200,42,145,102,0,133,0,90,103,0,0,91,2912,2944,0,103,61,61,2739900,2562500,1628300,2384100,2559600,1528300,2307700,1555300,2345900,42,145,102,0,174,0,131,103,91,42,0,1540,1572,0,103,61,61,0.89702508412358517,-0.10867145285103359,1372,0.47115384615384615,1372,0.46603260869565216,49,0.5444444444444444,326,408,82
456,sealed_evaluation:maze-128-128-10:s3:r8,maze,maze-128-128-10.map,holdout,maze-128-128-10-random-3.scen,3,7,8,62,13,82,100,59,290,94554300,105263300,90391700,111100600,108786500,84742600,118792800,120173400,107024900,7305,27721,9754,0,9578,2272,0,7483,0,0,0,0,0,2272,7483,1468,266,33516100,24258800,20772900,24753000,19837300,23295900,19647400,25747500,23777350,471,1693,1028,0,472,0,0,892,0,0,892,28544,28576,137,892,558,421,24744300,22812500,23815000,21308400,25702700,20646000,25711800,31581400,24279650,471,1693,1028,0,1271,0,799,892,0,0,800,25600,25632,137,892,558,421,19690000,19321400,27279200,20173600,23496000,22073600,19042100,18856400,19931800,471,1693,1028,0,1766,0,1294,892,800,496,0,17088,17120,137,892,558,421,0.8209261665633566,-0.19732210467806902,8512,0.33250000000000002,8512,0.33208489388264667,304,0.38047559449311641,3099,4089,990
457,sealed_evaluation:maze-128-128-10:s3:r9,maze,maze-128-128-10.map,holdout,maze-128-128-10-random-3.scen,3,8,9,26,79,118,114,65,116,30371400,17282700,19541100,15788200,18342200,19943000,18582000,16318700,18462100,1442,5459,2246,0,2127,684,0,1563,0,0,0,0,0,684,1563,616,121,7108300,12596100,6232200,7181400,7069900,7616800,6210200,6541800,7089100,116,404,284,0,117,0,0,285,0,0,285,9120,9152,0,285,169,169,6431000,7198500,6135100,5272500,5242600,5078700,5198100,5489600,5381050,116,404,284,0,343,0,226,285,0,0,227,7264,7296,0,285,169,169,5359300,5227000,4508700,4393000,4245000,5362300,4847500,4543000,4695250,116,404,284,0,458,0,341,285,227,116,0,4156,4188,0,285,169,169,0.87255275457392145,-0.13633216303837145,3108,0.42786343612334804,3108,0.42598684210526316,111,0.49115044247787609,854,1084,230
458,sealed_evaluation:maze-128-128-10:s3:r10,maze,maze-128-128-10.map,holdout,maze-128-128-10-random-3.scen,3,9,10,41,4,31,122,53,186,66245500,35871100,40139300,39962200,36140300,42529800,62178300,38363700,40050750,3228,12267,4242,0,4045,816,0,3427,0,0,0,0,0,816,3427,657,199,16964000,10524000,10901100,9193400,9644400,8623300,10070700,9340100,9857550,186,634,443,0,187,0,0,444,0,0,444,14208,14240,0,444,258,258,10375200,10074900,12688100,10364600,8195400,10031700,10210500,11515300,10287550,186,634,443,0,527,0,340,444,0,0,341,10912,10944,0,444,258,258,11573700,8392700,14589300,7042800,9784200,7763700,6235700,7174600,8078200,186,634,443,0,712,0,525,444,341,186,0,6572,6604,0,444,258,258,0.78524041195425542,-0.24176535082034509,4340,0.39772727272727271,4340,0.39656432748538012,155,0.45588235294117646,1311,1681,370
459,sealed_evaluation:maze-128-128-10:s3:r11,maze,maze-128-128-10.map,holdout,maze-128-128-10-random-3.scen,3,10,11,62,112,32,73,94,283,66706600,88568800,64802000,64157400,81836000,92877800,59388000,64599500,65754300,5505,20830,6845,0,6678,1172,0,5674,0,0,0,0,0,1172,5674,584,169,20396100,30355700,22201100,20446900,19638700,19331300,23070000,24307400,21324000,490,1803,1080,0,491,0,0,905,0,0,905,28960,28992,176,905,591,415,24504000,29455000,24513800,22369400,23065700,26330400,26280800,36537900,25397300,490,1803,1080,0,1329,0,838,905,0,0,839,26848,26880,176,905,591,415,23379000,26632400,33186100,28420900,23066900,30323900,22229800,23303100,25005700,490,1803,1080,0,1944,0,1453,905,839,616,0,20604,20636,176,905,591,415,0.98458103814184972,-0.015539070281579914,6244,0.23256853396901073,6244,0.23229166666666667,223,0.26610978520286394,3248,4478,1230
460,sealed_evaluation:maze-128-128-10:s3:r12,maze,maze-128-128-10.map,holdout,maze-128-128-10-random-3.scen,3,11,12,45,78,23,48,39,212,87296400,65931200,65178700,77802500,91336200,79091300,73747300,100252200,78446900,6106,23197,6933,0,6841,734,0,6200,0,0,0,0,0,734,6200,300,163,10442100,9435800,12024100,13920500,10165000,12177500,11908400,12150300,11966250,212,728,508,0,213,0,0,509,0,0,509,16288,16320,0,509,297,297,12214600,15661400,12573200,10507700,11745800,10857300,12981200,16032400,12393900,212,728,508,0,700,0,487,509,0,0,488,15616,15648,0,509,297,297,10306400,12409900,18420700,11476800,11726400,10958500,11406600,12049000,11601600,212,728,508,0,1019,0,806,509,488,320,0,10912,10944,0,509,297,297,0.93607339094231845,-0.066061396451971274,4704,0.30122950819672129,4704,0.30061349693251532,168,0.34496919917864477,1696,2334,638
461,sealed_evaluation:maze-128-128-10:s3:r13,maze,maze-128-128-10.map,holdout,maze-128-128-10-random-3.scen,3,12,13,79,94,26,75,61,362,86839000,104243400,90042400,79699900,155538900,88760600,118995700,82868500,89401500,7488,28420,8554,0,8436,947,0,7608,0,0,0,0,0,947,7608,446,153,27746900,23797500,26942100,26762100,40396500,38813700,29175400,28889300,28318100,626,2264,1275,0,643,16,0,1116,0,0,1116,35712,35744,160,1116,634,490,29600300,32169100,25628600,34482200,61068200,29303200,41308500,30633800,31401450,626,2264,1275,0,1740,16,1097,1116,0,0,1098,35136,35168,160,1116,634,490,26562400,32824500,32892600,29378000,50759900,35858300,30987400,31199800,32012150,626,2264,1275,0,2572,16,1929,1116,1098,833,0,27716,27748,160,1116,634,490,1.0194481465027889,0.019261448044698315,7420,0.21117941712204008,7420,0.21098726114649682,265,0.24156791248860529,4113,5777,1664
462,sealed_evaluation:maze-128-128-10:s3:r14,maze,maze-128-128-10.map,holdout,maze-128-128-10-random-3.scen,3,13,14,38,60,36,6,101,173,35936000,42248600,36787300,39162700,43891000,38297100,41886100,43469000,40524400,3320,12654,4305,0,4181,860,0,3446,0,0,0,0,0,860,3446,454,126,23307900,20568700,24328400,26141500,30252400,22555500,26433600,18786000,23818150,587,2258,1235,0,588,0,0,876,0,0,876,28032,28064,360,876,649,289,26778400,24589400,21070500,29686400,38480600,22577300,25146900,22216400,24868150,587,2258,1235,0,1432,0,844,876,0,0,845,27040,27072,360,876,649,289,24686000,23022200,45656800,29417700,25519400,24944600,32542900,26769200,26144300,587,2258,1235,0,2106,0,1518,876,845,675,0,22280,22312,360,876,649,289,1.0513166439803523,0.050043325282898926,4760,0.17603550295857989,4760,0.17582742316784869,170,0.2014218009478673,3512,4860,1348
463,sealed_evaluation:maze-128-128-10:s3:r15,maze,maze-128-128-10.map,holdout,maze-128-128-10-random-3.scen,3,14,15,43,21,41,8,6,200,36698300,29421000,35657200,33751000,32057400,32223300,36268100,39265400,34704100,3058,11644,3630,0,3533,474,0,3157,0,0,0,0,0,474,3157,405,106,13700900,13434300,12228600,15630400,12988700,10171000,10962700,11952600,12608650,200,707,501,0,201,0,0,502,0,0,502,16064,16096,0,502,302,302,12601200,11183100,10487200,13226000,12092600,10558300,33831100,12119500,12106050,200,707,501,0,638,0,437,502,0,0,438,14016,14048,0,502,302,302,8277600,8363900,9818500,8119300,7178900,8318400,12770300,13704300,8341150,200,707,501,0,837,0,636,502,438,200,0,7352,7384,0,502,302,302,0.68900673630127085,-0.37250423109135089,6664,0.4754566210045662,6664,0.47437357630979499,238,0.54462242562929064,1577,1975,398
464,sealed_evaluation:maze-128-128-10:s3:r16,maze,maze-128-128-10.map,holdout,maze-128-128-10-random-3.scen,3,15,16,22,25,122,30,53,108,19033200,18655200,19815900,18467000,18844000,20232700,22159200,19129900,19081550,1489,5648,2394,0,2213,723,0,1662,0,0,0,0,0,733,1662,792,173,4370000,4869900,5327000,9424800,6016100,7093600,5431900,4876400,5379450,108,378,265,0,109,0,0,266,0,0,266,8512,8544,0,266,158,158,5071000,5752200,5104700,8760800,6476100,7356200,4803500,11982900,6114150,108,378,265,0,324,0,215,266,0,0,216,6912,6944,0,266,158,158,5125800,4507600,6245100,5714000,4007400,5732900,4117100,6642900,5419900,108,378,265,0,433,0,324,266,216,110,0,3944,3976,0,266,158,158,0.88645191890941499,-0.12052839192756871,2968,0.42939814814814814,2968,0.42741935483870969,106,0.49302325581395351,805,1023,218
465,sealed_evaluation:maze-128-128-10:s3:r17,maze,maze-128-128-10.map,holdout,maze-128-128-10-random-3.scen,3,16,17,43,47,103,107,72,195,75490100,104441000,83698600,106384000,71839500,75464200,103947100,77954000,80826300,6529,24784,8247,0,8148,1618,0,6630,0,0,0,0,0,1618,6630,800,176,41887900,30082700,15775500,19418900,15321600,16684600,16477200,16220600,16580900,402,1456,824,0,403,0,0,653,0,0,653,20896,20928,172,653,423,251,33327700,20796900,17906800,17301500,17749500,17493100,16934400,17987500,17828150,402,1456,824,0,1025,0,622,653,0,0,623,19936,19968,172,653,423,251,33355500,19888800,22516000,16437800,18600000,16423500,22381400,17088800,19244400,402,1456,824,0,1436,0,1033,653,623,412,0,14028,14060,172,653,423,251,1.0794389771232573,0.076441440540502906,5908,0.29634831460674155,5908,0.29587339743589741,211,0.33922829581993569,2472,3294,822
466,sealed_evaluation:maze-128-128-10:s3:r18,maze,maze-128-128-10.map,holdout,maze-128-128-10-random-3.scen,3,17,18,71,94,8,126,123,327,99331400,74899000,72100200,74485200,92603300,79488000,104319600,152842100,86045650,6027,22762,7983,0,7358,1330,0,6291,0,0,0,0,0,1693,6291,888,264,24484400,25882500,24172200,23474600,20330300,25544000,34281700,40903400,25014200,534,1921,1154,0,535,0,0,979,0,0,979,31328,31360,176,979,621,445,25341800,23268300,20890300,28752200,25111600,24980800,22938200,34015600,25046200,534,1921,1154,0,1362,0,827,979,0,0,828,26496,26528,176,979,621,445,29077000,22296900,26787000,26075900,30859500,24282900,24927100,35583400,26431450,534,1921,1154,0,1981,0,1446,979,828,620,0,20672,20704,176,979,621,445,1.0553077912018589,0.053832469593702227,5824,0.21980676328502416,5824,0.21954161640530759,208,0.25151148730350664,3344,4582,1238
467,sealed_evaluation:maze-128-128-10:s3:r19,maze,maze-128-128-10.map,holdout,maze-128-128-10-random-3.scen,3,18,19,38,26,21,87,87,171,32387900,40793000,40538800,37871300,38393200,39945200,34805500,66338700,39169200,2127,8105,3203,0,3032,904,0,2300,0,0,0,0,0,904,2300,587,173,12768400,12280600,10864000,13546900,9466100,10022800,12874600,13655400,12524500,171,576,400,0,172,0,0,401,0,0,401,12832,12864,0,401,230,230,9891500,12963000,11906400,20621800,9792900,11267300,12045600,13438800,11976000,171,576,400,0,515,0,343,401,0,0,344,11008,11040,0,401,230,230,8339600,8496100,12471600,11570700,13479200,12603000,14082400,10029500,12021150,171,576,400,0,765,0,593,401,344,251,0,8404,8436,0,401,230,230,1.0037700400801604,0.0037629512901527378,2604,0.23655523255813954,2604,0.2358695652173913,93,0.27113702623906705,1259,1759,500
468,sealed_evaluation:maze-128-128-10:s3:r20,maze,maze-128-128-10.map,holdout,maze-128-128-10-random-3.scen,3,19,20,19,91,83,119,102,89,11416200,14597600,11714000,10891600,9633600,12178900,17591700,13555400,11946450,769,2913,1095,0,1047,277,0,819,0,0,0,0,0,277,819,322,105,6800400,6242600,5630300,4378300,4204200,4176600,5626600,6594200,5628450,89,314,222,0,90,0,0,223,0,0,223,7136,7168,0,223,134,134,8317000,7351900,10343800,4278300,4310400,4269500,3904700,7649600,5831150,89,314,222,0,294,0,204,223,0,0,205,6560,6592,0,223,134,134,6308900,7427800,7864900,7082400,6446700,10890200,3953100,4685500,6764550,89,314,222,0,412,0,322,223,205,119,0,4152,4184,0,223,134,134,1.1600713409876269,0.14848150407857594,2408,0.36707317073170731,2408,0.36529126213592233,86,0.42156862745098039,721,957,236
469,sealed_evaluation:maze-128-128-10:s3:r21,maze,maze-128-128-10.map,holdout,maze-128-128-10-random-3.scen,3,20,21,34,37,125,105,101,162,44661700,58101400,58760400,69724900,47890100,51814400,59259700,58852700,58430900,4049,15386,4879,0,4708,658,0,4222,0,0,0,0,0,658,4222,425,173,10799100,9501500,14159300,8638900,9089500,8662800,12038900,14180200,10150300,206,732,468,0,207,0,0,441,0,0,441,14112,14144,28,441,263,235,13545800,9613500,11970400,10441500,9282300,11349600,9520900,13935200,10895550,206,732,468,0,575,0,368,441,0,0,369,11808,11840,28,441,263,235,8139200,9618700,10855600,10368900,10378400,11056700,8248300,10939300,10373650,206,732,468,0,801,0,594,441,369,227,0,7832,7864,28,441,263,235,0.95209971043224073,-0.049085511826404915,3976,0.33672086720867211,3976,0.33581081081081082,142,0.3858695652173913,1412,1864,452
470,sealed_evaluation:maze-128-128-10:s3:r22,maze,maze-128-128-10.map,holdout,maze-128-128-10-random-3.scen,3,21,22,57,32,45,98,69,260,134534400,153818000,142926700,167768700,124615500,178596600,117456100,148474500,145700600,10215,38799,12259,0,12066,1850,0,10410,0,0,0,0,0,1850,10410,574,198,18797100,23463800,15576900,17597800,20187000,20128700,12819600,13460900,18197450,260,864,596,0,261,0,0,597,0,0,597,19104,19136,0,597,337,337,24814000,17130200,18607400,20833400,15121400,14725300,17416300,15348600,17273250,260,864,596,0,819,0,558,597,0,0,559,17888,17920,0,597,337,337,18754900,10559000,15471000,12038600,17840200,10697400,12882600,11183200,12460600,260,864,596,0,1078,0,817,597,559,260,0,9516,9548,0,597,337,337,0.72138132661774712,-0.32658739576905632,8372,0.46802325581395349,8372,0.46718749999999998,299,0.53584229390681004,1974,2492,518
471,sealed_evaluation:maze-128-128-10:s3:r23,maze,maze-128-128-10.map,holdout,maze-128-128-10-random-3.scen,3,22,23,25,37,115,116,115,117,31225900,19258200,18635500,16729500,22855000,21558400,18993600,18465800,19125900,1753,6635,1954,0,1898,144,0,1811,0,0,0,0,0,144,1811,240,117,7020100,6070100,5935100,5493200,7608900,6127000,6087000,5153100,6078550,117,398,277,0,118,0,0,278,0,0,278,8896,8928,0,278,161,161,9990900,5607100,6296100,5625200,5232400,4721500,5617200,7411000,5621200,117,398,277,0,369,0,251,278,0,0,252,8064,8096,0,278,161,161,5298400,4585400,4542600,4091900,5039800,6857100,5939500,6719600,5169100,117,398,277,0,495,0,377,278,252,127,0,4564,4596,0,278,161,161,0.91957233330961363,-0.083846572115923529,3500,0.43402777777777779,3500,0.43231225296442688,125,0.49800796812749004,898,1150,252
472,sealed_evaluation:maze-128-128-10:s3:r24,maze,maze-128-128-10.map,holdout,maze-128-128-10-random-3.scen,3,23,24,60,54,73,123,11,275,117835900,129774600,151329900,126649500,138072400,112529700,145480400,114370800,128212050,9683,36778,11896,0,11778,2094,0,9803,0,0,0,0,0,2094,9803,948,308,15393700,13018400,18246600,22981600,17656900,14193000,15782500,19761400,16719700,275,917,634,0,276,0,0,635,0,0,635,20320,20352,0,635,360,360,22093900,15516300,15920600,14685900,17060900,16644500,17276300,17166000,16852700,275,917,634,0,881,0,605,635,0,0,606,19392,19424,0,635,360,360,15493800,14116100,14749100,20842400,14451100,16591600,15308200,15180100,15244150,275,917,634,0,1265,0,989,635,606,385,0,13204,13236,0,635,360,360,0.90455238626451551,-0.1003150584502293,6188,0.31910066006600663,6188,0.31857495881383857,221,0.36528925619834712,2121,2889,768
473,sealed_evaluation:maze-128-128-10:s3:r25,maze,maze-128-128-10.map,holdout,maze-128-128-10-random-3.scen,3,24,25,7,87,102,108,89,34,476800,764700,479800,469500,469200,477300,753100,471200,477050,34,119,85,0,35,0,0,86,0,0,0,0,0,0,86,52,52,1548600,1533800,1552200,1540900,3424500,2438700,1618100,1564900,1558550,34,119,85,0,35,0,0,86,0,0,86,2752,2784,0,86,52,52,976000,1463600,1343000,977100,4768900,1220900,1754500,985700,1281950,34,119,85,0,68,0,33,86,0,0,34,1088,1120,0,86,52,52,1072100,1856300,1104600,1067200,2721200,1091500,2034200,1086800,1098050,34,119,85,0,101,0,66,86,34,34,0,1088,1120,0,86,52,52,0.8565466671867078,-0.15484647678667024,0,0,0,0,0,0,187,253,66
474,sealed_evaluation:maze-128-128-10:s3:r26,maze,maze-128-128-10.map,holdout,maze-128-128-10-random-3.scen,3,25,26,71,122,54,75,105,328,101398100,65911200,65745100,63290000,62393200,73958400,86843200,81318800,69934800,5518,20882,6877,0,6684,1165,0,5713,0,0,0,0,0,1165,5713,584,195,25492200,27445000,29031600,24201600,33344700,26873000,31315300,30229500,28238300,638,2358,1374,0,639,0,0,1115,0,0,1115,35680,35712,260,1115,737,477,29884800,26137700,37937300,53211400,35567200,33100500,29416800,36117800,34333850,638,2358,1374,0,1661,0,1022,1115,0,0,1023,32736,32768,260,1115,737,477,32309100,44538500,29755800,34442700,32656700,25363500,33127500,29438300,32482900,638,2358,1374,0,2439,0,1800,1115,1023,779,0,25904,25936,260,1115,737,477,0.94608964622377045,-0.055417950969956394,6832,0.20869990224828935,6832,0.20849609375,244,0.23874755381604695,4058,5614,1556
475,sealed_evaluation:maze-128-128-10:s4:r2,maze,maze-128-128-10.map,holdout,maze-128-128-10-random-4.scen,4,1,2,38,51,26,53,111,177,36518600,36390100,37367800,35608800,60971200,42663200,35624400,46155800,36943200,3000,11423,4463,0,4215,1214,0,3170,0,0,0,0,0,1294,3170,843,185,8465600,8353900,9933800,11252100,11499000,9256700,10293700,12285500,10113750,177,641,458,0,178,0,0,459,0,0,459,14688,14720,0,459,282,282,12553400,12639700,15567700,9574200,15631800,10005500,8814900,12394700,12474050,177,641,458,0,582,0,404,459,0,0,405,12960,12992,0,459,282,282,9470000,9872600,7971700,10198700,12988600,16052200,11239300,8299800,10035650,177,641,458,0,832,0,654,459,405,251,0,8648,8680,0,459,282,282,0.8045221880624176,-0.21750673298916404,4312,0.33271604938271604,4312,0.33189655172413796,154,0.38118811881188119,1445,1945,500
476,sealed_evaluation:maze-128-128-10:s4:r3,maze,maze-128-128-10.map,holdout,maze-128-128-10-random-4.scen,4,2,3,51,20,20,126,85,221,49881800,73013100,48602600,57734700,49028100,50963200,93635400,51297800,51130500,4138,15762,5925,0,5622,1483,0,4443,0,0,0,0,0,1483,4443,696,305,17176400,11831200,16562500,14566500,13809900,11108400,14574200,15084000,14570350,221,782,556,0,222,0,0,557,0,0,557,17824,17856,0,557,336,336,16123600,9754100,11589100,12136500,13348100,12964000,13091200,12529200,12746600,221,782,556,0,594,0,372,557,0,0,373,11936,11968,0,557,336,336,14667000,9316800,10758300,11528500,7525300,12312000,10414600,11434200,11096250,221,782,556,0,814,0,592,557,373,221,0,7680,7712,0,557,336,336,0.87052625798252081,-0.13865735597549866,4256,0.35656836461126007,4256,0.35561497326203206,152,0.40860215053763443,1523,1963,440
477,sealed_evaluation:maze-128-128-10:s4:r4,maze,maze-128-128-10.map,holdout,maze-128-128-10-random-4.scen,4,3,4,25,73,33,95,50,117,17526100,21996000,17706900,19135400,18087200,19485500,21457900,18955700,19045550,1693,6411,1851,0,1742,48,0,1804,0,0,0,0,0,48,1804,111,111,12294000,11950500,15259000,9803600,9859400,12997600,10345800,12619800,12122250,279,1022,569,0,280,0,0,426,0,0,426,13632,13664,144,426,291,147,10673500,11387000,11382000,10403700,12333800,10644400,9856700,16513100,11027750,279,1022,569,0,625,0,345,426,0,0,346,11072,11104,144,426,291,147,9456700,9755400,10184100,16467100,13422900,12478900,14139300,11092500,11785700,279,1022,569,0,948,0,668,426,346,324,0,10456,10488,144,426,291,147,1.0687311554940944,0.066472108827154847,616,0.055635838150289017,616,0.055475504322766572,22,0.063768115942028983,1540,2186,646
478,sealed_evaluation:maze-128-128-10:s4:r5,maze,maze-128-128-10.map,holdout,maze-128-128-10-random-4.scen,4,4,5,94,112,76,117,37,430,166908100,148633500,151648300,146942300,159703000,137484300,155545000,128990200,150140900,11116,42182,14162,0,13977,2860,0,11303,0,0,0,0,0,2860,11303,1275,187,24384200,21866100,20982400,23455100,24236500,28466700,20741500,29763400,23845800,430,1475,1030,0,431,0,0,1031,0,0,1031,32992,33024,0,1031,601,601,34815900,33189000,30205000,23652000,26860700,42188500,24902000,24399400,28532850,430,1475,1030,0,1365,0,934,1031,0,0,935,29920,29952,0,1031,601,601,23633700,24713300,23149200,30248000,33370800,28677000,24953000,19880000,24833150,430,1475,1030,0,1794,0,1363,1031,935,430,0,15780,15812,0,1031,601,601,0.870335420401397,-0.13887660094396209,14140,0.47259358288770054,14140,0.4720886752136752,505,0.5406852248394004,3330,4188,858
479,sealed_evaluation:maze-128-128-10:s4:r6,maze,maze-128-128-10.map,holdout,maze-128-128-10-random-4.scen,4,5,6,56,70,38,65,113,270,70672100,75984900,74830800,67048100,58553700,62844300,67864400,70081000,68972700,5571,21104,6729,0,6361,789,0,5765,0,0,0,0,0,965,5765,600,194,15298600,14844900,14799300,13670900,14317800,18859800,18987700,18591300,15071750,270,929,649,0,271,0,0,650,0,0,650,20800,20832,0,650,380,380,15632800,14740300,16815600,34676000,13026200,14720400,16299800,15754200,15693500,270,929,649,0,861,0,590,650,0,0,591,18912,18944,0,650,380,380,13853400,13923300,12776300,11913700,23655000,12967600,14985800,17140600,13888350,270,929,649,0,1130,0,859,650,591,270,0,9924,9956,0,650,380,380,0.88497467104215122,-0.12219625467513044,8988,0.47525380710659898,8988,0.47445101351351349,321,0.54406779661016946,2101,2639,538
480,sealed_evaluation:maze-128-128-10:s4:r7,maze,maze-128-128-10.map,holdout,maze-128-128-10-random-4.scen,4,6,7,68,60,76,27,118,321,64622000,56866300,82269000,67399700,55124200,60540900,80907200,61307900,62964950,5247,19961,6480,0,6301,1053,0,5428,0,0,0,0,0,1053,5428,476,181,16565900,17603000,19600100,19343900,24207200,19122000,18316700,18435000,18778500,321,1113,780,0,322,0,0,781,0,0,781,24992,25024,0,781,460,460,21477400,25454400,20779700,18288700,27253700,22968500,21841500,21511200,21676350,321,1113,780,0,1059,0,737,781,0,0,738,23616,23648,0,781,460,460,17733500,18848100,15725600,16664400,18852600,14505500,16518300,15660100,16591350,321,1113,780,0,1379,0,1057,781,738,321,0,11940,11972,0,781,460,460,0.76541253485942051,-0.26734032925055512,11676,0.49441056910569103,11676,0.49374154262516917,417,0.56580732700135683,2577,3217,640
481,sealed_evaluation:maze-128-128-10:s4:r8,maze,maze-128-128-10.map,holdout,maze-128-128-10-random-4.scen,4,7,8,69,126,5,55,43,307,75710300,76616500,80890200,67486900,88904300,71590800,71919700,94786500,76163400,6403,24270,7719,0,7661,1257,0,6463,0,0,0,0,0,1257,6463,629,130,21107400,14994600,28556400,15401900,16334000,18864100,15763300,14011600,16048650,307,1020,704,0,308,0,0,705,0,0,705,22560,22592,0,705,398,398,16540900,40571100,17672400,20986000,23734300,22877500,20073700,16318700,20529850,307,1020,704,0,995,0,687,705,0,0,688,22016,22048,0,705,398,398,17010300,17452300,17510400,18505100,17052200,16502800,25253400,21026400,17481350,307,1020,704,0,1457,0,1149,705,688,463,0,15716,15748,0,705,398,398,0.85150890045470373,-0.16074532625674315,6300,0.28615552325581395,6300,0.28574020319303339,225,0.32751091703056767,2387,3311,924
482,sealed_evaluation:maze-128-128-10:s4:r9,maze,maze-128-128-10.map,holdout,maze-128-128-10-random-4.scen,4,8,9,76,8,101,57,67,363,151679900,125257200,168488200,146493700,157562400,128654700,155132500,125060900,149086800,11293,42808,13242,0,13127,1833,0,11410,0,0,0,0,0,1833,11410,486,167,21392100,21543700,19354300,20136600,26822600,19858700,23554800,20969200,21180650,363,1247,870,0,364,0,0,871,0,0,871,27872,27904,0,871,508,508,19760000,20722700,20855700,21313600,22638300,20452200,21163200,27452200,21009450,363,1247,870,0,1137,0,773,871,0,0,774,24768,24800,0,871,508,508,19759200,19996900,19895400,20888100,17880700,17560400,23913500,16305200,19827300,363,1247,870,0,1584,0,1220,871,774,448,0,15640,15672,0,871,508,508,0.94373246324868099,-0.057912560579702468,9128,0.36854005167958659,9128,0.36806451612903224,326,0.42173350582147479,2781,3675,894
483,sealed_evaluation:maze-128-128-10:s4:r10,maze,maze-128-128-10.map,holdout,maze-128-128-10-random-4.scen,4,9,10,23,116,26,56,55,121,16008300,16714900,34903500,16767800,26379400,18373600,19306700,16883300,17628450,1478,5551,2027,0,1790,311,0,1629,0,0,0,0,0,399,1629,356,151,5256900,5647400,6420900,5390400,11334300,6593300,8320500,6743400,6507100,121,404,279,0,122,0,0,280,0,0,280,8960,8992,0,280,159,159,4067600,5807500,5159800,11240900,4659100,4652400,6564200,5671900,5415850,121,404,279,0,284,0,162,280,0,0,163,5216,5248,0,280,159,159,9738500,5777600,6680000,5621800,4857800,4514200,5286800,4176100,5454300,121,404,279,0,404,0,282,280,163,121,0,4040,4072,0,280,159,159,1.0070995319294294,0.0070744489011551935,1176,0.22546012269938651,1176,0.22408536585365854,42,0.25925925925925924,726,966,240
484,sealed_evaluation:maze-128-128-10:s4:r11,maze,maze-128-128-10.map,holdout,maze-128-128-10-random-4.scen,4,10,11,38,59,73,19,14,181,40769100,30949600,26296100,29817600,32090100,24047500,50288700,24494400,30383600,2285,8729,2565,0,2466,180,0,2386,0,0,0,0,0,180,2386,128,101,9742100,8732400,9567400,10643100,10320400,10130200,11916700,8601000,9936150,181,629,443,0,182,0,0,444,0,0,444,14208,14240,0,444,263,263,13225000,10355400,10817100,9562000,11871400,12807100,8877100,12948100,11344250,181,629,443,0,589,0,407,444,0,0,408,13056,13088,0,444,263,263,7993700,7557700,7091500,8048300,7425600,6920500,9301900,8026000,7775700,181,629,443,0,769,0,587,444,408,181,0,6700,6732,0,444,263,263,0.68543094519249836,-0.37770752146175463,6356,0.48682598039215685,6356,0.48563569682151592,227,0.55773955773955775,1440,1800,360
485,sealed_evaluation:maze-128-128-10:s4:r12,maze,maze-128-128-10.map,holdout,maze-128-128-10-random-4.scen,4,11,12,35,71,42,7,63,163,13712500,14363900,11347200,11997400,12850100,14969500,13771400,14398500,13741950,1178,4450,1584,0,1392,213,0,1372,0,0,0,0,0,213,1372,241,194,8845500,8721100,10096300,10212600,10071000,10389800,9283900,9161800,9677450,163,592,425,0,164,0,0,426,0,0,426,13632,13664,0,426,263,263,6960700,8882800,12010600,5776200,11279900,5962000,6509200,6530100,6745400,163,592,425,0,396,0,232,426,0,0,233,7456,7488,0,426,263,263,7559700,6819100,11579500,8090500,10939000,10573700,8131700,9582700,8857200,163,592,425,0,623,0,459,426,233,228,0,7316,7348,0,426,263,263,1.3130726124470009,0.27236989649296889,140,0.018776824034334765,140,0.018696581196581196,5,0.021551724137931036,1054,1508,454
486,sealed_evaluation:maze-128-128-10:s4:r13,maze,maze-128-128-10.map,holdout,maze-128-128-10-random-4.scen,4,12,13,74,92,9,109,105,349,127552900,153163600,127136300,145533700,121994900,140446400,112472600,162438700,133999650,10256,38924,11578,0,11442,1185,0,10394,0,0,0,0,0,1185,10394,598,200,29935900,28738000,28779300,28832000,31464700,30366200,25929600,30399600,29383950,677,2480,1448,0,678,0,0,1172,0,0,1172,37504,37536,277,1172,772,495,36595100,31276800,31122800,34331500,34784200,42543900,32537700,30628500,33434600,677,2480,1448,0,1793,0,1115,1172,0,0,1116,35712,35744,277,1172,772,495,32111900,37443700,30841800,36784600,32129500,37639300,30197700,29834900,32120700,677,2480,1448,0,2632,0,1954,1172,1116,840,0,27984,28016,277,1172,772,495,0.96070238615087367,-0.040090609806779032,7728,0.21639784946236559,7728,0.21620411817367949,276,0.24753363228699551,4357,6035,1678
487,sealed_evaluation:maze-128-128-10:s4:r14,maze,maze-128-128-10.map,holdout,maze-128-128-10-random-4.scen,4,13,14,59,4,103,67,12,278,104150400,117802900,96716800,109067200,102264100,117869900,189611200,105294500,107180850,7949,30167,10754,0,10626,2676,0,8079,0,0,0,0,0,2676,8079,870,224,15687300,14202300,16613800,42467500,16233700,16628800,16641900,19017400,16621300,278,953,665,0,279,0,0,666,0,0,666,21312,21344,0,666,388,388,16735400,15790700,25699700,15280400,17883600,19316300,26462600,16886400,17385000,278,953,665,0,900,0,621,666,0,0,622,19904,19936,0,666,388,388,20248200,13275600,13197800,15543600,14351200,16265300,15447800,14096100,14899500,278,953,665,0,1177,0,898,666,622,278,0,10272,10304,0,666,388,388,0.8570319240724763,-0.15428011011844139,9632,0.48392282958199356,9632,0.48314606741573035,344,0.55394524959742353,2187,2741,554
488,sealed_evaluation:maze-128-128-10:s4:r15,maze,maze-128-128-10.map,holdout,maze-128-128-10-random-4.scen,4,14,15,43,60,70,39,5,206,43536800,30228200,30821300,60323800,33110800,32167500,36426600,42467600,34768700,2768,10512,3193,0,3100,331,0,2863,0,0,0,0,0,331,2863,341,111,20211400,19107900,17600500,17271400,33240300,32778200,19456500,18681900,19282200,351,1285,774,0,352,0,0,647,0,0,647,20704,20736,128,647,424,296,23089500,17328400,16300300,17792200,16021300,16809100,16313600,15589800,16561350,351,1285,774,0,930,0,578,647,0,0,579,18528,18560,128,647,424,296,23995600,19761500,15750500,15990700,16153900,17902300,20164600,16277800,17090050,351,1285,774,0,1396,0,1044,647,579,467,0,15392,15424,128,647,424,296,1.0319237260247505,0.031424755437228669,3136,0.1692573402417962,3136,0.16896551724137931,112,0.19377162629757785,2283,3215,932
489,sealed_evaluation:maze-128-128-10:s4:r16,maze,maze-128-128-10.map,holdout,maze-128-128-10-random-4.scen,4,15,16,23,87,72,23,61,113,18271300,11306800,11737700,16366800,11406000,19179800,10586300,17415400,14052250,985,3727,1393,0,1261,275,0,1119,0,0,0,0,0,275,1119,229,134,9790500,5185400,5783500,5664500,6853600,5133500,9827700,9302500,6318550,113,400,284,0,114,0,0,285,0,0,285,9120,9152,0,285,172,172,4701000,4996200,6536400,5153800,9756100,4645800,4838700,6344100,5075000,113,400,284,0,330,0,216,285,0,0,217,6944,6976,0,285,172,172,6591900,6600200,5098600,5232100,6913000,5888900,6270400,4062800,6079650,113,400,284,0,442,0,328,285,217,113,0,4032,4064,0,285,172,172,1.1979605911330049,0.18062060360377727,2912,0.41935483870967744,2912,0.41743119266055045,104,0.48148148148148145,831,1055,224
490,sealed_evaluation:maze-128-128-10:s4:r17,maze,maze-128-128-10.map,holdout,maze-128-128-10-random-4.scen,4,16,17,65,59,75,76,93,309,64375100,62582100,65400300,104206800,67983700,71926000,69052300,88020100,68518000,5444,20609,6412,0,6239,794,0,5619,0,0,0,0,0,794,5619,590,175,20637900,22154100,20789100,26828700,20371700,21547000,24232700,21080800,21313900,480,1741,1066,0,481,0,0,921,0,0,921,29472,29504,146,921,587,441,28816100,28972100,31010000,30936900,26166000,23660300,21509500,26430800,27623450,480,1741,1066,0,1335,0,854,921,0,0,855,27360,27392,146,921,587,441,24652400,25894200,26416400,24184800,28257400,24151200,30321100,34358000,26155300,480,1741,1066,0,2034,0,1553,921,855,700,0,23020,23052,146,921,587,441,0.94685131654445764,-0.054613202827489889,4340,0.15862573099415206,4340,0.15844042056074767,155,0.18149882903981265,3256,4654,1398
491,sealed_evaluation:maze-128-128-10:s4:r18,maze,maze-128-128-10.map,holdout,maze-128-128-10-random-4.scen,4,17,18,59,41,1,124,125,277,31679200,33949500,44951600,56663400,38358000,32691100,54329100,36923800,37640900,2687,10167,4248,0,3630,942,0,2944,0,0,0,0,0,1305,2944,620,257,26651300,20989000,21037100,20180600,20377100,18183400,22879800,20316300,20683050,490,1783,943,0,519,28,0,868,0,0,868,27776,27808,76,868,426,378,24924100,22810300,26478000,30378100,30412200,19115600,18138700,28347800,25701050,490,1783,943,0,1236,28,717,868,0,0,718,22976,23008,76,868,426,378,30055000,20549800,19444400,23848900,20457400,21104600,32625600,25797900,22476750,490,1783,943,0,1804,28,1285,868,718,569,0,18804,18836,76,868,426,378,0.87454598158440999,-0.13405040547764077,4172,0.1815807799442897,4172,0.18132823365785813,149,0.20781032078103207,2897,4033,1136
492,sealed_evaluation:maze-128-128-10:s4:r19,maze,maze-128-128-10.map,holdout,maze-128-128-10-random-4.scen,4,18,19,37,40,1,49,42,168,29914100,31856000,35286400,33457500,33494700,35632200,30715700,28628000,32656750,2862,10903,3573,0,3485,622,0,2952,0,0,0,0,0,622,2952,369,90,9245800,12849700,7568600,7484700,9381300,7274800,10345400,9805800,9313550,168,572,398,0,169,0,0,399,0,0,399,12768,12800,0,399,231,231,11568000,14867000,30531100,12040000,7972000,14039500,10443100,9041000,11804000,168,572,398,0,550,0,381,399,0,0,382,12224,12256,0,399,231,231,14456600,8196900,8226600,9452600,8904600,11263800,8174000,8331000,8617800,168,572,398,0,799,0,630,399,382,250,0,8528,8560,0,399,231,231,0.73007455099966112,-0.31460862539699802,3696,0.30235602094240838,3696,0.30156657963446476,132,0.34645669291338582,1330,1828,498
493,sealed_evaluation:maze-128-128-10:s4:r20,maze,maze-128-128-10.map,holdout,maze-128-128-10-random-4.scen,4,19,20,3,44,96,42,82,16,247600,251700,247300,696400,450600,251000,247300,246500,249300,16,62,46,0,17,0,0,47,0,0,0,0,0,0,47,31,31,820900,817900,814100,1391600,877700,812700,821900,838100,821400,16,62,46,0,17,0,0,47,0,0,47,1504,1536,0,47,31,31,485000,494600,481100,922900,483200,481500,479600,482400,482800,16,62,46,0,32,0,15,47,0,0,16,512,544,0,47,31,31,536400,529900,527700,962000,527400,524700,526000,527700,527700,16,62,46,0,47,0,30,47,16,16,0,512,544,0,47,31,31,1.0929991714995857,0.088925451188245699,0,0,0,0,0,0,94,124,30
494,sealed_evaluation:maze-128-128-10:s4:r21,maze,maze-128-128-10.map,holdout,maze-128-128-10-random-4.scen,4,20,21,24,66,90,100,95,117,26782200,24136800,40041500,18977100,25176000,18879500,24983500,18815600,24560150,1807,6895,1981,0,1848,40,0,1942,0,0,0,0,0,40,1942,135,135,6480500,6320300,6416600,10760300,7890500,5661700,5280100,5659600,6368450,117,406,287,0,118,0,0,288,0,0,288,9216,9248,0,288,171,171,4779700,7048800,6021600,8573200,5418700,5199300,5063900,6120500,5720150,117,406,287,0,331,0,213,288,0,0,214,6848,6880,0,288,171,171,5784000,7959700,6402900,5015800,5780200,6145500,5354900,8853100,5964750,117,406,287,0,512,0,394,288,214,182,0,5952,5984,0,288,171,171,1.04276111640429,0.041872114699124094,896,0.13084112149532709,896,0.13023255813953488,32,0.15023474178403756,832,1194,362
495,sealed_evaluation:maze-128-128-10:s4:r22,maze,maze-128-128-10.map,holdout,maze-128-128-10-random-4.scen,4,21,22,9,35,120,35,91,49,2512100,2489800,4163400,2497200,4862900,2508000,3088200,3420600,2800150,267,1024,354,0,268,0,0,355,0,0,0,0,0,0,355,88,88,2335900,3751400,2361600,2418300,2361900,2319200,2426000,3157700,2390100,49,181,130,0,50,0,0,131,0,0,131,4192,4224,0,131,82,82,1775600,1814900,1783700,7255200,3209100,1766100,3612400,1840500,1827700,49,181,130,0,124,0,74,131,0,0,75,2400,2432,0,131,82,82,3179400,1675400,2468600,1658200,2115000,1714900,3276300,1669700,1914950,49,181,130,0,172,0,122,131,75,49,0,1672,1704,0,131,82,82,1.0477375936969962,0.046633166852912293,728,0.30333333333333334,728,0.29934210526315791,26,0.35135135135135137,329,425,96
496,sealed_evaluation:maze-128-128-10:s4:r23,maze,maze-128-128-10.map,holdout,maze-128-128-10-random-4.scen,4,22,23,53,36,73,64,84,249,146743800,133835400,138936600,121552300,147181400,153550700,170869700,165742900,146962600,10339,39243,11629,0,11439,1099,0,10531,0,0,0,0,0,1099,10531,523,192,13708200,16730700,15094200,13422700,16796400,20034500,19493700,20902700,16763550,249,874,617,0,250,0,0,618,0,0,618,19776,19808,0,618,369,369,13539800,24697800,13469900,11933700,15286700,17108900,18904700,19366200,16197800,249,874,617,0,743,0,493,618,0,0,494,15808,15840,0,618,369,369,10652300,16436100,11907300,12368000,16407200,17225700,15405300,14573400,14989350,249,874,617,0,1046,0,796,618,494,304,0,10488,10520,0,618,369,369,0.92539418933435402,-0.077535481614369545,5320,0.33653846153846156,5320,0.33585858585858586,190,0.38539553752535499,1854,2460,606
497,sealed_evaluation:maze-128-128-10:s4:r24,maze,maze-128-128-10.map,holdout,maze-128-128-10-random-4.scen,4,23,24,35,117,90,25,123,165,28179600,34735600,32985600,55923900,37912600,24154300,20999400,23115800,30582600,1906,7191,2538,0,2429,522,0,2017,0,0,0,0,0,522,2017,504,137,16181000,15106700,14605600,12395800,15437500,14056700,9695300,12981700,14331150,206,733,488,0,207,0,0,462,0,0,462,14784,14816,27,462,283,256,14720800,12281100,14601400,13991500,23902500,11937900,14352800,11144000,14172150,206,733,488,0,586,0,379,462,0,0,380,12160,12192,27,462,283,256,13994500,13073800,9221600,11078600,15299200,11189000,8946600,10307800,11133800,206,733,488,0,804,0,597,462,380,219,0,7652,7684,27,462,283,256,0.7856112163644895,-0.24129324459409615,4508,0.37072368421052632,4508,0.36975065616797897,161,0.42480211081794195,1454,1890,436
498,sealed_evaluation:maze-128-128-10:s4:r25,maze,maze-128-128-10.map,holdout,maze-128-128-10-random-4.scen,4,24,25,5,50,62,37,58,27,1661200,2606200,1806000,1380300,3941600,1401900,1584700,2511000,1733600,149,560,216,0,166,16,0,201,0,0,0,0,0,16,201,52,52,2009300,1592600,1187800,1175600,3355400,1191100,3789200,1983400,1788000,27,93,65,0,28,0,0,66,0,0,66,2112,2144,0,66,39,39,4250800,1450300,2649200,978200,1598900,964500,1663700,1200300,1524600,27,93,65,0,69,0,41,66,0,0,42,1344,1376,0,66,39,39,2170200,1122500,1728700,906100,902300,906400,1141000,1995100,1131750,27,93,65,0,95,0,67,66,42,27,0,924,956,0,66,39,39,0.74232585596221956,-0.2979669732381055,420,0.3125,420,0.30523255813953487,15,0.36585365853658536,176,228,52
499,sealed_evaluation:maze-128-128-10:s4:r26,maze,maze-128-128-10.map,holdout,maze-128-128-10-random-4.scen,4,25,26,63,64,57,35,124,302,66143700,74196800,71007900,76522600,96074800,68036700,69279200,75228000,72602350,5795,22120,7296,0,7112,1316,0,5981,0,0,0,0,0,1316,5981,436,211,16219300,32680600,16613800,17133100,14736100,21667600,16393500,16431700,16522750,302,1042,727,0,303,0,0,728,0,0,728,23296,23328,0,728,426,426,28171200,17596800,22866400,18843600,15354700,19553600,17765000,17316200,18304300,302,1042,727,0,1012,0,709,728,0,0,710,22720,22752,0,728,426,426,21699400,17329400,16723800,18036400,16293400,18071300,18052500,23980200,18044450,302,1042,727,0,1533,0,1230,728,710,522,0,17456,17488,0,728,426,426,0.98580388214791059,-0.014297846650130775,5264,0.23169014084507042,5264,0.23136427566807313,188,0.26516220028208742,2449,3491,1042
500,sealed_evaluation:random-32-32-10:s1:r2,random,random-32-32-10.map,holdout,random-32-32-10-random-1.scen,1,1,2,3,11,6,7,18,16,613300,383900,375700,375700,375300,416500,383400,377900,380650,34,108,63,0,35,0,0,57,0,0,0,0,0,7,57,30,23,869400,723800,693900,692200,692700,994300,701300,696500,698900,16,57,39,0,17,0,0,40,0,0,40,1280,1312,0,40,24,24,557400,547200,549900,543500,673500,636100,720700,547500,553650,16,57,39,0,39,0,22,40,0,0,23,736,768,0,40,24,24,622400,610800,610000,626500,1353400,716100,613800,612300,618100,16,57,39,0,61,0,44,40,23,23,0,736,768,0,40,24,24,1.1164092838435835,0.11011753852111038,0,0,0,0,0,0,101,145,44
501,sealed_evaluation:random-32-32-10:s1:r3,random,random-32-32-10.map,holdout,random-32-32-10-random-1.scen,1,2,3,7,29,9,1,16,35,875300,486600,941900,690900,500400,538700,488000,487900,519550,35,126,87,0,36,0,0,88,0,0,0,0,0,0,88,53,53,1696500,1498600,3204100,1651300,1500600,1734500,1533500,1492800,1592400,35,126,87,0,36,0,0,88,0,0,88,2816,2848,0,88,53,53,981900,972200,966900,1019200,969100,1429500,1141000,974000,977950,35,126,87,0,70,0,34,88,0,0,35,1120,1152,0,88,53,53,1067000,1062300,1300100,1546400,1072100,1239000,1126000,1071500,1099050,35,126,87,0,104,0,68,88,35,35,0,1120,1152,0,88,53,53,1.123830461680045,0.11674290529055578,0,0,0,0,0,0,192,260,68
502,sealed_evaluation:random-32-32-10:s1:r4,random,random-32-32-10.map,holdout,random-32-32-10-random-1.scen,1,3,4,5,9,0,13,21,25,822100,882100,1521500,1101800,918200,1058700,721700,661500,900150,44,158,95,0,45,0,0,83,0,0,0,0,0,13,83,52,39,1363200,1079600,2628600,1667000,2183600,2124900,1480500,1514200,1590600,25,89,62,0,26,0,0,63,0,0,63,2016,2048,0,63,38,38,835900,814200,3851700,2007900,1654000,1593800,1624900,1684700,1639450,25,89,62,0,59,0,33,63,0,0,34,1088,1120,0,63,38,38,910500,910500,2762800,1953300,1822700,1829800,1920100,1260400,1826250,25,89,62,0,92,0,66,63,34,34,0,1088,1120,0,63,38,38,1.1139406508280216,0.10790386434802765,0,0,0,0,0,0,155,221,66
503,sealed_evaluation:random-32-32-10:s1:r5,random,random-32-32-10.map,holdout,random-32-32-10-random-1.scen,1,4,5,2,11,16,18,18,9,194600,228900,194000,221500,183500,193700,192100,159700,193850,9,32,23,0,10,0,0,24,0,0,0,0,0,0,24,15,15,557000,560700,601400,597600,532300,516900,606200,521700,558850,9,32,23,0,10,0,0,24,0,0,24,768,800,0,24,15,15,366900,484000,443300,334800,355200,310100,369000,345700,361050,9,32,23,0,18,0,8,24,0,0,9,288,320,0,24,15,15,394700,517700,408500,387100,386900,624200,372400,364400,390900,9,32,23,0,26,0,16,24,9,9,0,288,320,0,24,15,15,1.082675529705027,0.079435319901718482,0,0,0,0,0,0,50,66,16
504,sealed_evaluation:random-32-32-10:s1:r6,random,random-32-32-10.map,holdout,random-32-32-10-random-1.scen,1,5,6,3,3,26,7,15,15,476100,304200,315100,311200,299100,435800,489700,329900,322500,17,61,43,0,18,0,0,44,0,0,0,0,0,0,44,27,27,1023600,1018800,938800,862400,919900,1101200,1057600,857700,978800,17,61,43,0,18,0,0,44,0,0,44,1408,1440,0,44,27,27,657900,612400,943600,580800,622700,735800,859400,625100,641500,17,61,43,0,34,0,16,44,0,0,17,544,576,0,44,27,27,846200,710000,675100,676100,675500,979400,961400,775400,742700,17,61,43,0,50,0,32,44,17,17,0,544,576,0,44,27,27,1.157755261106781,0.14648301061955962,0,0,0,0,0,0,94,126,32
505,sealed_evaluation:random-32-32-10:s1:r7,random,random-32-32-10.map,holdout,random-32-32-10-random-1.scen,1,6,7,6,23,1,6,14,30,829200,831200,814000,815000,634000,635200,691400,816700,814500,31,103,68,0,32,0,0,69,0,0,0,0,0,0,69,38,38,2388500,2325800,2368200,2140900,1901600,1941000,1460100,1583700,2040950,30,101,67,0,31,0,0,68,0,0,68,2176,2208,0,68,38,38,1626000,1567300,1671400,1665700,1462700,1071500,1682900,834500,1596650,30,101,67,0,61,0,30,68,0,0,31,992,1024,0,68,38,38,1786600,2061900,1792700,1802200,1536300,1252900,1578200,1152000,1682400,30,101,67,0,91,0,60,68,31,31,0,992,1024,0,68,38,38,1.0537061973507031,0.052313661119480687,0,0,0,0,0,0,159,219,60
506,sealed_evaluation:random-32-32-10:s1:r8,random,random-32-32-10.map,holdout,random-32-32-10-random-1.scen,1,7,8,5,19,21,27,4,25,479300,388300,387000,617000,602200,389600,396200,502900,437750,29,101,68,0,30,0,0,68,0,0,0,0,0,1,68,40,39,1324800,1116100,1096300,1266000,1902000,1143600,1091200,4332100,1204800,26,91,62,0,27,0,0,63,0,0,63,2016,2048,0,63,37,37,760900,750000,757000,1229000,822500,788700,752000,2713700,774800,26,91,62,0,54,0,27,63,0,0,28,896,928,0,63,37,37,835600,835000,830700,834400,885300,832800,830100,1197100,834700,26,91,62,0,81,0,54,63,28,28,0,896,928,0,63,37,37,1.0773102736189986,0.074467447323850258,0,0,0,0,0,0,144,198,54
507,sealed_evaluation:random-32-32-10:s1:r9,random,random-32-32-10.map,holdout,random-32-32-10-random-1.scen,1,8,9,9,24,0,0,29,53,1037900,1445200,1832500,1661900,1156100,1029500,1651700,1438400,1441800,92,303,171,0,93,0,0,148,0,0,0,0,0,24,148,80,56,2158200,5238100,4640300,3791300,3235600,2824300,3339100,2399200,3287350,53,181,124,0,54,0,0,125,0,0,125,4000,4032,0,125,72,72,1691800,4369200,2167400,3590200,1755600,1960500,2600700,1871400,2063950,53,181,124,0,125,0,71,125,0,0,72,2304,2336,0,125,72,72,1943000,2844500,3173400,3583800,1674200,1672000,2589800,3011000,2717150,53,181,124,0,177,0,123,125,72,53,0,1772,1804,0,125,72,72,1.3164805348966786,0.27496191435056322,532,0.23090277777777779,532,0.22773972602739725,19,0.26760563380281688,321,425,104
508,sealed_evaluation:random-32-32-10:s1:r10,random,random-32-32-10.map,holdout,random-32-32-10-random-1.scen,1,9,10,1,29,10,25,9,5,191600,176000,199800,183500,193500,229300,136100,131500,187550,8,30,20,0,9,0,0,20,0,0,0,0,0,1,20,13,12,276200,307500,361200,509500,482000,316500,315200,309400,315850,5,19,15,0,6,0,0,16,0,0,16,512,544,0,16,11,11,202500,220200,345700,304200,353900,240400,382200,203900,272300,5,19,15,0,13,0,7,16,0,0,8,256,288,0,16,11,11,221000,265100,319000,357700,361100,396000,316600,295600,317800,5,19,15,0,20,0,14,16,8,8,0,256,288,0,16,11,11,1.1670951156812339,0.15451785442290167,0,0,0,0,0,0,36,50,14
509,sealed_evaluation:random-32-32-10:s1:r11,random,random-32-32-10.map,holdout,random-32-32-10-random-1.scen,1,10,11,3,1,12,10,22,19,286300,467800,369500,354100,405500,457000,366100,362600,367800,21,72,48,0,22,0,0,49,0,0,0,0,0,0,49,28,28,822800,1258300,979700,1112900,1022400,1734100,1186200,1023200,1068050,19,68,46,0,20,0,0,47,0,0,47,1504,1536,0,47,28,28,563500,1022000,1191200,689800,768600,1864400,1187300,677600,895300,19,68,46,0,39,0,19,47,0,0,20,640,672,0,47,28,28,601900,1055700,1256900,692300,835000,2008800,988500,889700,939100,19,68,46,0,57,0,37,47,20,19,0,612,644,0,47,28,28,1.0489221490003351,0.047763112170457596,28,0.043749999999999997,28,0.041666666666666664,1,0.052631578947368418,105,141,36
510,sealed_evaluation:random-32-32-10:s1:r12,random,random-32-32-10.map,holdout,random-32-32-10-random-1.scen,1,11,12,5,31,30,15,19,27,536800,851700,559000,818400,715100,1024500,783200,556600,749150,29,101,69,0,30,0,0,70,0,0,0,0,0,0,70,41,41,1820000,1441700,2736300,2323600,2464600,2325700,1604800,2261800,2292700,27,96,66,0,28,0,0,67,0,0,67,2144,2176,0,67,40,40,1560600,970400,1636600,1754200,1685500,1627900,1602500,1516900,1615200,27,96,66,0,56,0,28,67,0,0,29,928,960,0,67,40,40,1179100,1389200,1750900,1800300,1703700,1830100,1703200,1093600,1703450,27,96,66,0,84,0,56,67,29,29,0,928,960,0,67,40,40,1.0546371966319961,0.0531968183361489,0,0,0,0,0,0,151,207,56
511,sealed_evaluation:random-32-32-10:s1:r13,random,random-32-32-10.map,holdout,random-32-32-10-random-1.scen,1,12,13,2,21,20,11,24,14,263400,302700,262000,337800,342700,322700,321000,313100,317050,14,56,42,0,15,0,0,43,0,0,0,0,0,0,43,29,29,1062100,929600,1026300,940900,1236400,1041900,967200,1037200,1031750,14,56,42,0,15,0,0,43,0,0,43,1376,1408,0,43,29,29,615200,606800,615000,602000,720400,668000,630900,569700,615100,14,56,42,0,28,0,13,43,0,0,14,448,480,0,43,29,29,650600,645800,576800,880000,659000,577700,677300,649300,649950,14,56,42,0,41,0,26,43,14,14,0,448,480,0,43,29,29,1.0566574540725084,0.055110580639705427,0,0,0,0,0,0,84,110,26
512,sealed_evaluation:random-32-32-10:s1:r14,random,random-32-32-10.map,holdout,random-32-32-10-random-1.scen,1,13,14,7,0,17,18,1,34,638700,666700,682300,688900,1094100,477900,475500,769300,674500,34,121,87,0,35,0,0,88,0,0,0,0,0,0,88,54,54,2161400,2086700,2012800,2084000,2845200,1693900,1476400,2411800,2085350,34,121,87,0,35,0,0,88,0,0,88,2816,2848,0,88,54,54,1208800,1330500,1318700,1454400,1269600,960600,946700,1112900,1239200,34,121,87,0,68,0,33,88,0,0,34,1088,1120,0,88,54,54,1876800,1673500,1576500,1781700,1057600,1055000,1051800,1211600,1394050,34,121,87,0,101,0,66,88,34,34,0,1088,1120,0,88,54,54,1.1249596513879923,0.11774716958030766,0,0,0,0,0,0,189,255,66
513,sealed_evaluation:random-32-32-10:s1:r15,random,random-32-32-10.map,holdout,random-32-32-10-random-1.scen,1,14,15,7,13,6,0,27,34,632900,1820100,2175200,828000,594000,2253500,1161400,663800,994700,57,184,105,0,58,0,0,93,0,0,0,0,0,13,93,49,36,1395900,1622800,2078800,1704300,1261800,1824200,2037100,1417100,1663550,34,117,80,0,35,0,0,81,0,0,81,2592,2624,0,81,47,47,1669700,1473000,2983500,1011500,1170300,4607100,2003500,1138800,1571350,34,117,80,0,81,0,46,81,0,0,47,1504,1536,0,81,47,47,1816900,2319800,3474900,1366700,2090100,2313100,1702000,1123200,1953500,34,117,80,0,114,0,79,81,47,34,0,1140,1172,0,81,47,47,1.2431985235625418,0.21768751301997266,364,0.24202127659574468,364,0.23697916666666666,13,0.28260869565217389,208,274,66
514,sealed_evaluation:random-32-32-10:s1:r16,random,random-32-32-10.map,holdout,random-32-32-10-random-1.scen,1,15,16,6,11,26,29,8,36,797100,1314500,782800,770900,774500,789000,782000,1940700,785900,66,233,139,0,67,0,0,122,0,0,0,0,0,18,122,74,56,1603700,1598100,1604000,1631400,2424000,1620000,2987800,2626900,1625700,36,133,93,0,37,0,0,94,0,0,94,3008,3040,0,94,58,58,1217700,1172000,2061200,1179700,1361200,1216900,1175000,1419800,1217300,36,133,93,0,84,0,47,94,0,0,48,1536,1568,0,94,58,58,1316500,2098700,1344300,1316600,1626900,1323500,1318000,2748100,1333900,36,133,93,0,131,0,94,94,48,48,0,1536,1568,0,94,58,58,1.0957857553602235,0.091471690731447758,0,0,0,0,0,0,225,319,94
515,sealed_evaluation:random-32-32-10:s1:r17,random,random-32-32-10.map,holdout,random-32-32-10-random-1.scen,1,16,17,6,8,28,15,5,30,788500,429400,1418800,643300,474500,767500,636800,548100,640050,30,111,79,0,31,0,0,80,0,0,0,0,0,0,80,50,50,1571700,1357300,3244900,1527100,1599900,1360400,2522600,1534500,1553100,30,111,79,0,31,0,0,80,0,0,80,2560,2592,0,80,50,50,865500,847800,1224300,923900,874600,1289200,1319900,854100,899250,30,111,79,0,60,0,29,80,0,0,30,960,992,0,80,50,50,953600,947100,1916400,1389300,928400,1639800,1008500,1687200,1198900,30,111,79,0,89,0,58,80,30,30,0,960,992,0,80,50,50,1.3332221295524047,0.28759866613787455,0,0,0,0,0,0,169,227,58
516,sealed_evaluation:random-32-32-10:s1:r18,random,random-32-32-10.map,holdout,random-32-32-10-random-1.scen,1,17,18,1,29,14,22,16,9,259400,149100,147000,150600,151000,149700,305600,150500,150550,9,36,27,0,10,0,0,28,0,0,0,0,0,0,28,19,19,781100,584700,468500,482600,470500,471700,476700,477700,477200,9,36,27,0,10,0,0,28,0,0,28,896,928,0,28,19,19,465800,277500,276400,277700,276600,276800,277600,336300,277550,9,36,27,0,18,0,8,28,0,0,9,288,320,0,28,19,19,479600,301100,307100,463800,308200,303300,343600,304500,307650,9,36,27,0,26,0,16,28,9,9,0,288,320,0,28,19,19,1.1084489281210592,0.10296167605032897,0,0,0,0,0,0,54,70,16
517,sealed_evaluation:random-32-32-10:s1:r19,random,random-32-32-10.map,holdout,random-32-32-10-random-1.scen,1,18,19,4,31,0,15,7,23,494000,308500,306700,416500,591200,393400,372500,524600,404950,24,77,51,0,25,0,0,52,0,0,0,0,0,0,52,28,28,1117300,892900,894900,1332800,1473600,1399900,1096300,1683900,1225050,23,76,51,0,24,0,0,52,0,0,52,1664,1696,0,52,29,29,843600,635500,631000,1072300,900700,872900,778000,1411500,858250,23,76,51,0,47,0,23,52,0,0,24,768,800,0,52,29,29,700600,680500,683100,725900,838800,714300,848400,867700,720100,23,76,51,0,69,0,45,52,24,23,0,740,772,0,52,29,29,0.83903291581706962,-0.1755053410829803,28,0.036458333333333336,28,0.035000000000000003,1,0.043478260869565216,122,166,44
518,sealed_evaluation:random-32-32-10:s1:r20,random,random-32-32-10.map,holdout,random-32-32-10-random-1.scen,1,19,20,2,22,13,29,20,14,427800,525000,432200,300400,419300,415100,243500,318000,417200,14,52,38,0,15,0,0,39,0,0,0,0,0,0,39,25,25,1296900,1363800,1008100,863800,1351300,1382700,942700,856700,1152500,14,52,38,0,15,0,0,39,0,0,39,1248,1280,0,39,25,25,806400,811500,818400,550300,812200,910000,904600,582900,811850,14,52,38,0,28,0,13,39,0,0,14,448,480,0,39,25,25,886500,869100,1298500,630000,876400,864500,1070200,644200,872750,14,52,38,0,41,0,26,39,14,14,0,448,480,0,39,25,25,1.0750138572396379,0.072333551952022068,0,0,0,0,0,0,80,106,26
519,sealed_evaluation:random-32-32-10:s1:r21,random,random-32-32-10.map,holdout,random-32-32-10-random-1.scen,1,20,21,4,22,15,4,17,20,449500,578500,395000,505400,631700,440600,558200,403900,477450,20,73,52,0,21,0,0,53,0,0,0,0,0,0,53,33,33,1597300,1915000,21341000,1910000,1871400,1424900,1284300,1252300,1734350,20,73,52,0,21,0,0,53,0,0,53,1696,1728,0,53,33,33,761600,1125200,1117500,1175300,1123200,960200,798300,789900,1038850,20,73,52,0,40,0,19,53,0,0,20,640,672,0,53,33,33,1345700,1296200,1219600,1210900,1263500,992700,1112800,819800,1215250,20,73,52,0,59,0,38,53,20,20,0,640,672,0,53,33,33,1.1698031477114117,0.15683548483476986,0,0,0,0,0,0,112,150,38
520,sealed_evaluation:random-32-32-10:s1:r22,random,random-32-32-10.map,holdout,random-32-32-10-random-1.scen,1,21,22,5,22,10,28,31,27,848700,869600,735100,723500,785600,667500,798000,572800,760350,42,150,93,0,43,0,0,89,0,0,0,0,0,5,89,52,47,1778500,1761400,1849900,1686200,1798800,1880900,1686000,1314600,1769950,32,115,76,0,33,0,0,76,0,0,76,2432,2464,1,76,45,44,1329200,1255000,1657300,1316100,1590500,3471800,1157700,967000,1322650,32,115,76,0,71,0,38,76,0,0,39,1248,1280,1,76,45,44,1342800,1767300,1535400,1503500,1918600,3253600,1059200,1185900,1519450,32,115,76,0,105,0,72,76,39,35,0,1136,1168,1,76,45,44,1.1487921974823272,0.13871112740359687,112,0.089743589743589744,112,0.087499999999999994,4,0.10526315789473684,186,254,68
521,sealed_evaluation:random-32-32-10:s1:r23,random,random-32-32-10.map,holdout,random-32-32-10-random-1.scen,1,22,23,5,6,15,25,21,25,378300,366300,361700,629300,377400,364200,552100,366100,371850,25,92,65,0,26,0,0,66,0,0,0,0,0,0,66,41,41,1141100,1936400,1131900,2441600,1438000,1564900,1148700,1127600,1293350,25,92,65,0,26,0,0,66,0,0,66,2112,2144,0,66,41,41,719000,1237200,718000,1149500,981000,716900,743900,710000,731450,25,92,65,0,50,0,24,66,0,0,25,800,832,0,66,41,41,873100,1246200,784500,1146800,995700,829600,791600,791800,851350,25,92,65,0,74,0,48,66,25,25,0,800,832,0,66,41,41,1.163920978877572,0.15179445944255782,0,0,0,0,0,0,140,188,48
522,sealed_evaluation:random-32-32-10:s1:r24,random,random-32-32-10.map,holdout,random-32-32-10-random-1.scen,1,23,24,7,27,24,0,30,33,680500,797200,858100,528200,604500,463800,659900,1260800,670200,33,117,84,0,34,0,0,85,0,0,0,0,0,0,85,52,52,1522100,1317700,2299300,1562200,2247600,1790300,2217900,2302700,2004100,33,117,84,0,34,0,0,85,0,0,85,2720,2752,0,85,52,52,2481800,1465200,1613400,1319900,1930900,921600,927400,934600,1392550,33,117,84,0,66,0,32,85,0,0,33,1056,1088,0,85,52,52,1566300,1818300,1698400,1463200,2361800,1023200,1211900,2699600,1632350,33,117,84,0,98,0,64,85,33,33,0,1056,1088,0,85,52,52,1.1722020753294315,0.15888409551539945,0,0,0,0,0,0,183,247,64
523,sealed_evaluation:random-32-32-10:s1:r25,random,random-32-32-10.map,holdout,random-32-32-10-random-1.scen,1,24,25,2,23,4,14,4,11,202200,357800,323200,286900,183800,169700,169800,169400,193000,12,42,29,0,13,0,0,30,0,0,0,0,0,0,30,18,18,497600,519200,929500,539600,531400,522800,494500,494000,521000,11,39,28,0,12,0,0,29,0,0,29,928,960,0,29,18,18,424000,678700,882800,462200,454400,420300,424400,419400,439400,11,39,28,0,30,0,18,29,0,0,19,608,640,0,29,18,18,379500,736000,741700,700700,384100,376100,376600,380900,382500,11,39,28,0,40,0,28,29,19,11,0,384,416,0,29,18,18,0.87050523441055982,-0.13868150668391935,224,0.36842105263157893,224,0.34999999999999998,8,0.44444444444444442,77,97,20
524,sealed_evaluation:random-32-32-10:s1:r26,random,random-32-32-10.map,holdout,random-32-32-10-random-1.scen,1,25,26,4,19,13,13,28,21,320000,319900,476300,374100,592900,321900,523700,349200,361650,21,81,60,0,22,0,0,61,0,0,0,0,0,0,61,40,40,1135000,1034300,1383100,1077800,1880500,1369300,1747100,1444600,1376200,21,81,60,0,22,0,0,61,0,0,61,1952,1984,0,61,40,40,682900,616900,620400,906900,821100,694200,1511200,1032100,757650,21,81,60,0,42,0,20,61,0,0,21,672,704,0,61,40,40,715800,687600,975200,840700,683900,709300,689200,705200,707250,21,81,60,0,62,0,40,61,21,21,0,672,704,0,61,40,40,0.93347851910512769,-0.068837327400494711,0,0,0,0,0,0,123,163,40
525,sealed_evaluation:random-32-32-10:s2:r2,random,random-32-32-10.map,holdout,random-32-32-10-random-2.scen,2,1,2,1,15,28,16,24,5,96200,93600,88300,89000,88500,88900,89900,88700,88950,5,19,15,0,6,0,0,16,0,0,0,0,0,0,16,11,11,303400,295300,273700,274000,273500,272400,288900,274400,274200,5,19,15,0,6,0,0,16,0,0,16,512,544,0,16,11,11,175600,174900,162300,161600,162400,159800,281700,163700,163050,5,19,15,0,10,0,4,16,0,0,5,160,192,0,16,11,11,188900,187700,181800,174900,173300,174800,208600,175400,178600,5,19,15,0,14,0,8,16,5,5,0,160,192,0,16,11,11,1.0953695185525911,0.091091766207070435,0,0,0,0,0,0,30,38,8
526,sealed_evaluation:random-32-32-10:s2:r3,random,random-32-32-10.map,holdout,random-32-32-10-random-2.scen,2,2,3,4,29,8,14,10,19,318400,321900,314900,711900,1056500,299600,334100,360000,328000,23,84,55,0,24,0,0,54,0,0,0,0,0,2,54,33,31,811300,851900,812000,1483700,1543600,746200,730900,1087400,831950,19,66,46,0,20,0,0,47,0,0,47,1504,1536,0,47,28,28,574700,563800,564700,1263300,760300,515200,514900,833400,569700,19,66,46,0,40,0,20,47,0,0,21,672,704,0,47,28,28,620100,620500,617500,632800,740400,572600,575100,569600,618800,19,66,46,0,60,0,40,47,21,21,0,672,704,0,47,28,28,1.0861857117781288,0.082672212212561172,0,0,0,0,0,0,107,147,40
527,sealed_evaluation:random-32-32-10:s2:r4,random,random-32-32-10.map,holdout,random-32-32-10-random-2.scen,2,3,4,1,13,15,20,13,9,194700,151600,147900,147200,147600,212400,164800,147600,149750,9,35,26,0,10,0,0,27,0,0,0,0,0,0,27,18,18,869800,704300,464500,462700,469500,613200,507800,461600,488650,9,35,26,0,10,0,0,27,0,0,27,864,896,0,27,18,18,327800,481700,280100,275200,275400,465700,577100,278200,303950,9,35,26,0,18,0,8,27,0,0,9,288,320,0,27,18,18,364600,554600,301800,302600,300700,305200,363300,310000,307600,9,35,26,0,26,0,16,27,9,9,0,288,320,0,27,18,18,1.0120085540384931,0.011937023436757342,0,0,0,0,0,0,53,69,16
528,sealed_evaluation:random-32-32-10:s2:r5,random,random-32-32-10.map,holdout,random-32-32-10-random-2.scen,2,4,5,2,11,1,18,4,10,185700,177100,168000,149200,149100,167600,158900,163700,165650,11,38,27,0,12,0,0,28,0,0,0,0,0,0,28,17,17,803600,547400,479100,417900,420200,693900,465900,458900,472500,10,36,26,0,11,0,0,27,0,0,27,864,896,0,27,17,17,364000,337600,305700,277900,277100,312000,309100,302700,307400,10,36,26,0,21,0,10,27,0,0,11,352,384,0,27,17,17,370000,451800,472000,309500,302800,334200,330400,334900,334550,10,36,26,0,31,0,20,27,11,11,0,352,384,0,27,17,17,1.0883214053350683,0.084636514124330417,0,0,0,0,0,0,58,78,20
529,sealed_evaluation:random-32-32-10:s2:r6,random,random-32-32-10.map,holdout,random-32-32-10-random-2.scen,2,5,6,5,20,26,30,7,29,426900,427200,799200,430500,433600,752200,426700,1290800,432050,31,108,76,0,32,0,0,77,0,0,0,0,0,0,77,46,46,1477100,1326400,2294500,1756400,1352700,1310500,3207500,4134500,1616750,31,108,76,0,32,0,0,77,0,0,77,2464,2496,0,77,46,46,1029000,872400,867000,1004400,859600,860000,1552900,2046100,938400,31,108,76,0,62,0,30,77,0,0,31,992,1024,0,77,46,46,958600,958500,1339200,1235100,950700,1392500,1408100,2930000,1287150,31,108,76,0,92,0,60,77,31,31,0,992,1024,0,77,46,46,1.3716432225063939,0.31600945358197396,0,0,0,0,0,0,169,229,60
530,sealed_evaluation:random-32-32-10:s2:r7,random,random-32-32-10.map,holdout,random-32-32-10-random-2.scen,2,6,7,6,28,5,6,11,28,563700,401500,398100,398200,720500,534400,526000,514100,520050,29,102,72,0,30,0,0,73,0,0,0,0,0,0,73,44,44,1816700,1646100,1217700,1216600,2568600,1492200,1766500,1892000,1706300,28,100,71,0,29,0,0,72,0,0,72,2304,2336,0,72,44,44,952900,802200,796400,921600,1366900,1075200,1012300,1066900,982600,28,100,71,0,57,0,28,72,0,0,29,928,960,0,72,44,44,1456600,888700,869500,876800,1433200,1175700,1073900,1419400,1124800,28,100,71,0,85,0,56,72,29,29,0,928,960,0,72,44,44,1.144718094850397,0.13515840132185267,0,0,0,0,0,0,157,213,56
531,sealed_evaluation:random-32-32-10:s2:r8,random,random-32-32-10.map,holdout,random-32-32-10-random-2.scen,2,7,8,2,0,11,2,1,12,227000,233800,182600,498900,188700,329100,327500,328400,280650,12,39,27,0,13,0,0,28,0,0,0,0,0,0,28,16,16,678900,604100,663500,808400,661700,1024400,953900,964800,743650,12,39,27,0,13,0,0,28,0,0,28,896,928,0,28,16,16,476800,455800,478200,465700,604200,613500,654200,657200,541200,12,39,27,0,24,0,11,28,0,0,12,384,416,0,28,16,16,514600,510000,502500,672100,755000,749500,722900,719300,695700,12,39,27,0,35,0,22,28,12,12,0,384,416,0,28,16,16,1.2854767184035476,0.25112963663296262,0,0,0,0,0,0,63,85,22
532,sealed_evaluation:random-32-32-10:s2:r9,random,random-32-32-10.map,holdout,random-32-32-10-random-2.scen,2,8,9,3,26,15,12,18,17,375600,359300,341300,493900,576200,494600,524800,359100,434750,17,62,44,0,18,0,0,45,0,0,0,0,0,0,45,28,28,1047500,1092300,1145600,1363300,1608200,1491100,1459500,1035000,1254450,17,62,44,0,18,0,0,45,0,0,45,1440,1472,0,45,28,28,693100,609100,678500,949200,962500,947600,955800,712200,829900,17,62,44,0,34,0,16,45,0,0,17,544,576,0,45,28,28,763900,772800,715500,852700,1067500,1064600,1081300,692500,812750,17,62,44,0,50,0,32,45,17,17,0,544,576,0,45,28,28,0.97933485962164113,-0.0208816524203876,0,0,0,0,0,0,95,127,32
533,sealed_evaluation:random-32-32-10:s2:r10,random,random-32-32-10.map,holdout,random-32-32-10-random-2.scen,2,9,10,8,2,21,24,3,40,1719000,1160300,1439500,1720800,1192600,957000,811800,936500,1176450,72,260,159,0,73,0,0,138,0,0,0,0,0,22,138,88,66,3440000,3439500,3421100,3438600,2177500,3127800,1546500,1799400,3274450,40,143,100,0,41,0,0,101,0,0,101,3232,3264,0,101,61,61,2506400,2495400,1632000,1648400,1610800,2073200,1152600,1132600,1640200,40,143,100,0,89,0,48,101,0,0,49,1568,1600,0,101,61,61,2518800,2130100,1525800,2495400,2136700,1901400,1206700,1671900,2015750,40,143,100,0,128,0,87,101,49,40,0,1316,1348,0,101,61,61,1.2289659797585659,0.20617314896282049,252,0.16071428571428573,252,0.1575,9,0.1875,238,316,78
534,sealed_evaluation:random-32-32-10:s2:r11,random,random-32-32-10.map,holdout,random-32-32-10-random-2.scen,2,10,11,5,20,7,19,27,21,308100,302100,765500,424700,328500,322700,609400,332800,330650,22,81,59,0,23,0,0,60,0,0,0,0,0,0,60,38,38,883100,877500,2602100,1069000,988600,987400,1835000,1018600,1003600,21,78,57,0,22,0,0,58,0,0,58,1856,1888,0,58,37,37,564400,570500,798000,623600,622600,624400,623200,627200,623400,21,78,57,0,43,0,21,58,0,0,22,704,736,0,58,37,37,628800,628300,1061800,1111900,683600,682400,1102100,1456200,872700,21,78,57,0,64,0,42,58,22,22,0,704,736,0,58,37,37,1.3999037536092396,0.33640348683602889,0,0,0,0,0,0,122,164,42
535,sealed_evaluation:random-32-32-10:s2:r12,random,random-32-32-10.map,holdout,random-32-32-10-random-2.scen,2,11,12,5,24,19,4,26,27,407100,379300,382200,381900,381400,384600,382300,383600,382250,28,103,74,0,29,0,0,75,0,0,0,0,0,0,75,47,47,1270900,2261300,1127600,1130800,1329700,2090400,1173600,1134700,1222250,27,101,73,0,28,0,0,74,0,0,74,2368,2400,0,74,47,47,1529200,757700,728400,731100,1161600,1077900,729100,729700,744400,27,101,73,0,55,0,27,74,0,0,28,896,928,0,74,47,47,1557700,797600,792500,791200,1548800,839100,796600,793200,797100,27,101,73,0,81,0,53,74,28,27,0,868,900,0,74,47,47,1.0707952713594842,0.068401616665781831,28,0.03125,28,0.03017241379310345,1,0.037037037037037035,156,208,52
536,sealed_evaluation:random-32-32-10:s2:r13,random,random-32-32-10.map,holdout,random-32-32-10-random-2.scen,2,12,13,5,10,16,29,9,26,595700,587000,1735400,588500,1153800,774100,962400,637500,705800,54,189,110,0,55,0,0,96,0,0,0,0,0,15,96,57,42,1059800,1012600,2053600,1009700,2415600,2050900,1275000,1133100,1204050,26,94,64,0,27,0,0,65,0,0,65,2080,2112,0,65,39,39,889900,827200,2093800,1524600,2290100,1281700,987700,986000,1134700,26,94,64,0,65,0,38,65,0,0,39,1248,1280,0,65,39,39,938800,936800,5143200,929400,2150300,1312500,1775700,1125400,1218950,26,94,64,0,103,0,76,65,39,39,0,1248,1280,0,65,39,39,1.0742487000969418,0.07162153361586282,0,0,0,0,0,0,168,244,76
537,sealed_evaluation:random-32-32-10:s2:r14,random,random-32-32-10.map,holdout,random-32-32-10-random-2.scen,2,13,14,4,29,10,15,16,20,1111300,464000,520900,903400,467600,337600,637400,520900,520900,24,90,61,0,25,0,0,60,0,0,0,0,0,2,60,38,36,3033100,1660500,1786100,1469300,1263900,1240400,1260100,953400,1366600,20,75,54,0,21,0,0,55,0,0,55,1760,1792,0,55,35,35,2726000,952300,649900,867700,642900,717900,635400,635500,683900,20,75,54,0,44,0,23,55,0,0,24,768,800,0,55,35,35,2168000,1027300,995100,1463400,704800,716100,836600,1240400,1011200,20,75,54,0,67,0,46,55,24,24,0,768,800,0,55,35,35,1.4785787395818102,0.39108131528854262,0,0,0,0,0,0,122,168,46
538,sealed_evaluation:random-32-32-10:s2:r15,random,random-32-32-10.map,holdout,random-32-32-10-random-2.scen,2,14,15,2,29,19,21,15,12,187100,201400,189000,187700,297900,187400,187900,192400,188450,12,46,34,0,13,0,0,35,0,0,0,0,0,0,35,23,23,592600,889200,617000,912000,1007100,709400,599400,592100,663200,12,46,34,0,13,0,0,35,0,0,35,1120,1152,0,35,23,23,356600,430700,375700,698100,607700,358000,361600,447200,403200,12,46,34,0,24,0,11,35,0,0,12,384,416,0,35,23,23,562900,436000,389900,395600,621000,391400,390400,392900,394250,12,46,34,0,35,0,22,35,12,12,0,384,416,0,35,23,23,0.97780257936507942,-0.022447490914011044,0,0,0,0,0,0,70,92,22
539,sealed_evaluation:random-32-32-10:s2:r16,random,random-32-32-10.map,holdout,random-32-32-10-random-2.scen,2,15,16,3,12,1,19,11,17,308600,304300,291300,286200,1036900,500400,308800,306700,307650,24,84,53,0,25,0,0,51,0,0,0,0,0,3,51,30,27,753600,1578800,670900,670300,2295500,2490700,755400,752900,754500,17,62,43,0,18,0,0,44,0,0,44,1408,1440,0,44,27,27,561600,779700,521200,1298800,2044300,918500,643100,559600,711400,17,62,43,0,40,0,22,44,0,0,23,736,768,0,44,27,27,1154100,791800,572400,576300,3016800,1206700,631800,634700,713250,17,62,43,0,62,0,44,44,23,23,0,736,768,0,44,27,27,1.0026005060444194,0.0025971305792545146,0,0,0,0,0,0,106,150,44
540,sealed_evaluation:random-32-32-10:s2:r17,random,random-32-32-10.map,holdout,random-32-32-10-random-2.scen,2,16,17,5,13,26,30,12,31,598800,683600,982300,603100,1087000,593800,546400,622100,612600,44,168,110,0,45,0,0,100,0,0,0,0,0,11,100,67,56,1493300,1493300,2346700,1490800,2907700,1332700,2123000,2972400,1808150,31,119,87,0,32,0,0,88,0,0,88,2816,2848,0,88,57,57,1082300,1652500,1977400,1790100,1042600,998000,1005700,1269500,1175900,31,119,87,0,75,0,43,88,0,0,44,1408,1440,0,88,57,57,1204800,1475200,1926300,1236700,1106800,1120000,1101100,1377400,1220750,31,119,87,0,118,0,86,88,44,44,0,1408,1440,0,88,57,57,1.0381409983842163,0.037431612112399461,0,0,0,0,0,0,206,292,86
541,sealed_evaluation:random-32-32-10:s2:r18,random,random-32-32-10.map,holdout,random-32-32-10-random-2.scen,2,17,18,6,11,27,16,3,29,454100,1052500,831000,835000,524300,461600,446500,1542200,677650,33,118,80,0,34,0,0,81,0,0,0,0,0,0,81,48,48,1899000,5965500,2333600,2307600,2623900,2313400,1289300,1659200,2310500,29,104,74,0,30,0,0,75,0,0,75,2400,2432,0,75,46,46,961500,2183100,1352500,1036700,1122100,1461100,851400,868800,1079400,29,104,74,0,60,0,30,75,0,0,31,992,1024,0,75,46,46,3168000,2405700,1367200,1580500,975800,1269300,916300,2077300,1473850,29,104,74,0,88,0,58,75,31,29,0,936,968,0,75,46,46,1.3654345006485085,0.31147269347870771,56,0.056451612903225805,56,0.0546875,2,0.066666666666666666,165,221,56
542,sealed_evaluation:random-32-32-10:s2:r19,random,random-32-32-10.map,holdout,random-32-32-10-random-2.scen,2,18,19,4,7,13,23,15,20,280000,574700,1145700,355700,294500,282700,281100,282100,288600,20,67,48,0,21,0,0,49,0,0,0,0,0,0,49,29,29,851100,852800,1851400,1307800,1398100,1519200,853700,854900,1081350,20,67,48,0,21,0,0,49,0,0,49,1568,1600,0,49,29,29,580200,573900,2103900,696900,1313600,592400,583800,577900,588100,20,67,48,0,41,0,20,49,0,0,21,672,704,0,49,29,29,644300,1224400,2715500,860400,1140800,656300,679300,655800,769850,20,67,48,0,61,0,40,49,21,21,0,672,704,0,49,29,29,1.3090460805985376,0.26929868921001743,0,0,0,0,0,0,110,150,40
543,sealed_evaluation:random-32-32-10:s2:r20,random,random-32-32-10.map,holdout,random-32-32-10-random-2.scen,2,19,20,3,19,6,28,16,19,1065000,637900,583400,574200,411600,334400,380100,399600,492900,19,71,52,0,20,0,0,53,0,0,0,0,0,0,53,34,34,2525100,1973300,1764300,1760900,1800100,1678300,1148200,1257700,1762600,19,71,52,0,20,0,0,53,0,0,53,1696,1728,0,53,34,34,1096500,815800,1189900,1080000,872100,885300,758900,713000,878700,19,71,52,0,38,0,18,53,0,0,19,608,640,0,53,34,34,1235200,1293000,1367700,1190800,1152100,824600,813800,818600,1171450,19,71,52,0,56,0,36,53,19,19,0,608,640,0,53,34,34,1.3331626266074883,0.28755403421085141,0,0,0,0,0,0,109,145,36
544,sealed_evaluation:random-32-32-10:s2:r21,random,random-32-32-10.map,holdout,random-32-32-10-random-2.scen,2,20,21,5,6,27,7,6,24,674600,765400,612300,496700,485600,440300,436500,468500,491150,25,85,57,0,26,0,0,58,0,0,0,0,0,0,58,33,33,1999000,1942700,1567700,1337000,1349000,2375700,1317700,1366000,1466850,24,82,56,0,25,0,0,57,0,0,57,1824,1856,0,57,33,33,1357700,1381500,1810400,970200,1022900,1237900,1060900,1282700,1260300,24,82,56,0,50,0,25,57,0,0,26,832,864,0,57,33,33,1529800,1521700,1638100,1282300,1675300,1176800,1075500,1018200,1402000,24,82,56,0,75,0,50,57,26,26,0,832,864,0,57,33,33,1.1124335475680394,0.10655000075108934,0,0,0,0,0,0,132,182,50
545,sealed_evaluation:random-32-32-10:s2:r22,random,random-32-32-10.map,holdout,random-32-32-10-random-2.scen,2,21,22,9,5,31,25,4,47,1614100,1760600,1814000,1763800,1523400,1776500,892400,899700,1687350,72,258,161,0,73,0,0,147,0,0,0,0,0,15,147,90,75,3532100,3437700,4059400,3129100,2506700,2032500,2036100,2043400,2817900,47,170,119,0,48,0,0,120,0,0,120,3840,3872,0,120,73,73,2022700,2362800,2928300,2281300,1653900,1494200,2713500,2524700,2322050,47,170,119,0,107,0,59,120,0,0,60,1920,1952,0,120,73,73,2241300,3611200,3305900,3327600,1659200,1986000,1702700,1652700,2113650,47,170,119,0,165,0,117,120,60,59,0,1892,1924,0,120,73,73,0.91025171723261777,-0.094034105377846136,28,0.014583333333333334,28,0.014344262295081968,1,0.016949152542372881,286,402,116
546,sealed_evaluation:random-32-32-10:s2:r23,random,random-32-32-10.map,holdout,random-32-32-10-random-2.scen,2,22,23,2,20,21,14,28,13,239100,238800,237700,243000,245300,472700,377100,303700,244150,17,62,42,0,18,0,0,42,0,0,0,0,0,1,42,26,25,636500,632000,631200,631400,633100,1703500,1022900,711700,634800,13,49,36,0,14,0,0,37,0,0,37,1184,1216,0,37,24,24,438700,443200,441400,439500,444700,835700,829300,487700,443950,13,49,36,0,30,0,16,37,0,0,17,544,576,0,37,24,24,486000,484900,490900,488600,640600,1219600,1351700,761200,565750,13,49,36,0,46,0,32,37,17,17,0,544,576,0,37,24,24,1.2743552201824531,0.24244034103531101,0,0,0,0,0,0,83,115,32
547,sealed_evaluation:random-32-32-10:s2:r24,random,random-32-32-10.map,holdout,random-32-32-10-random-2.scen,2,23,24,4,16,7,31,14,22,675000,352500,349200,363100,624200,397600,619600,875300,508600,26,90,59,0,27,0,0,59,0,0,0,0,0,1,59,34,33,1529100,974800,976500,1261900,1732000,1758600,1097800,1206100,1234000,22,79,55,0,23,0,0,56,0,0,56,1792,1824,0,56,34,34,1089300,667500,666000,984800,1115100,721700,1057600,862400,923600,22,79,55,0,47,0,24,56,0,0,25,800,832,0,56,34,34,753500,705400,698800,859000,1285900,722100,704700,1179300,737800,22,79,55,0,68,0,45,56,25,22,0,716,748,0,56,34,34,0.79883066262451274,-0.22460629231776508,84,0.105,84,0.10096153846153846,3,0.125,127,169,42
548,sealed_evaluation:random-32-32-10:s2:r25,random,random-32-32-10.map,holdout,random-32-32-10-random-2.scen,2,24,25,2,19,18,27,13,13,206400,202800,202200,202800,202400,217100,204400,203100,202950,13,50,37,0,14,0,0,38,0,0,0,0,0,0,38,25,25,648000,645100,647700,648900,760900,771700,651500,646500,648450,13,50,37,0,14,0,0,38,0,0,38,1216,1248,0,38,25,25,390200,389100,386900,390000,592900,442300,596500,388000,390100,13,50,37,0,26,0,12,38,0,0,13,416,448,0,38,25,25,436600,429200,424500,476800,585800,469700,510700,436600,453150,13,50,37,0,38,0,24,38,13,13,0,416,448,0,38,25,25,1.1616252243014611,0.14982007998817978,0,0,0,0,0,0,76,100,24
549,sealed_evaluation:random-32-32-10:s2:r26,random,random-32-32-10.map,holdout,random-32-32-10-random-2.scen,2,25,26,2,11,19,9,8,13,196700,250400,347400,299400,198000,196900,197500,197600,197800,13,48,35,0,14,0,0,36,0,0,0,0,0,0,36,23,23,614400,712100,1314300,1153800,625100,626800,625700,616100,626250,13,48,35,0,14,0,0,36,0,0,36,1152,1184,0,36,23,23,386000,480800,554600,402700,379700,380200,383700,379300,384850,13,48,35,0,26,0,12,36,0,0,13,416,448,0,36,23,23,707000,546200,864600,724100,418500,424100,601200,432300,573700,13,48,35,0,38,0,24,36,13,13,0,416,448,0,36,23,23,1.4907106664934391,0.39925296362749901,0,0,0,0,0,0,74,98,24
550,sealed_evaluation:random-32-32-10:s3:r2,random,random-32-32-10.map,holdout,random-32-32-10-random-3.scen,3,1,2,8,31,13,7,31,42,996800,971700,974000,816100,948200,1599800,1060000,1428600,985400,53,195,129,0,54,0,0,121,0,0,0,0,0,9,121,77,68,2385700,2256000,3522600,3002500,3454100,2831300,3026300,4019900,3014400,42,154,110,0,43,0,0,111,0,0,111,3552,3584,0,111,69,69,1347000,1534800,2047100,1661600,2628800,1966900,3110300,3106400,2007000,42,154,110,0,95,0,52,111,0,0,53,1696,1728,0,111,69,69,2477600,1506600,2937800,2879300,2421200,3184600,2718400,2303000,2598000,42,154,110,0,147,0,104,111,53,53,0,1696,1728,0,111,69,69,1.2944693572496264,0.25810084843420678,0,0,0,0,0,0,258,362,104
551,sealed_evaluation:random-32-32-10:s3:r3,random,random-32-32-10.map,holdout,random-32-32-10-random-3.scen,3,2,3,2,23,13,17,21,14,543300,455900,492900,506600,600200,393700,325700,316900,474400,22,80,49,0,23,0,0,47,0,0,0,0,0,3,47,28,25,1141700,1153500,802500,1355800,1222600,1037300,792500,750100,1089500,14,51,35,0,15,0,0,36,0,0,36,1152,1184,0,36,22,22,881800,877500,706200,819900,1241000,885500,554700,509900,848700,14,51,35,0,32,0,17,36,0,0,18,576,608,0,36,22,22,1358300,932200,846900,771600,1094800,1001900,586400,703100,889550,14,51,35,0,49,0,34,36,18,18,0,576,608,0,36,22,22,1.0481324378461176,0.047009949905153343,0,0,0,0,0,0,85,119,34
552,sealed_evaluation:random-32-32-10:s3:r4,random,random-32-32-10.map,holdout,random-32-32-10-random-3.scen,3,3,4,2,18,12,12,19,13,230400,341800,231500,219700,220700,199300,285100,363000,230950,13,49,35,0,14,0,0,36,0,0,0,0,0,0,36,23,23,1441700,851800,683700,677000,684600,665500,1192200,1066000,768200,13,49,35,0,14,0,0,36,0,0,36,1152,1184,0,36,23,23,639900,683700,431300,421000,419100,381900,389200,673200,426150,13,49,35,0,26,0,12,36,0,0,13,416,448,0,36,23,23,750100,759400,563100,475400,462500,421000,741300,833900,652200,13,49,35,0,38,0,24,36,13,13,0,416,448,0,36,23,23,1.5304470256951777,0.42555986638691207,0,0,0,0,0,0,74,98,24
553,sealed_evaluation:random-32-32-10:s3:r5,random,random-32-32-10.map,holdout,random-32-32-10-random-3.scen,3,4,5,3,21,19,29,9,18,319900,716700,535500,325000,319800,320400,581300,379600,352300,23,87,58,0,24,0,0,56,0,0,0,0,0,3,56,36,33,894200,953500,1229500,867800,892100,853900,1178300,1004600,923850,18,68,49,0,19,0,0,50,0,0,50,1600,1632,0,50,32,32,613500,604800,1507400,594200,593700,598000,625100,602200,603500,18,68,49,0,41,0,22,50,0,0,23,736,768,0,50,32,32,696600,1475500,1282000,1058400,664600,811100,752300,735900,781700,18,68,49,0,63,0,44,50,23,23,0,736,768,0,50,32,32,1.2952775476387739,0.25872499468869858,0,0,0,0,0,0,113,157,44
554,sealed_evaluation:random-32-32-10:s3:r6,random,random-32-32-10.map,holdout,random-32-32-10-random-3.scen,3,5,6,3,19,13,30,19,17,318200,1281500,257300,439300,257100,604800,309100,256200,313650,17,64,46,0,18,0,0,47,0,0,0,0,0,0,47,30,30,817700,2333700,819200,819400,802700,1023700,986800,1367600,903100,17,64,46,0,18,0,0,47,0,0,47,1504,1536,0,47,30,30,517700,1822500,2031600,512500,503600,1144200,998500,921400,959950,17,64,46,0,34,0,16,47,0,0,17,544,576,0,47,30,30,547500,2762400,568100,546600,547800,1426200,721800,623700,595900,17,64,46,0,50,0,32,47,17,17,0,544,576,0,47,30,30,0.62076149799468727,-0.4768083320192314,0,0,0,0,0,0,97,129,32
555,sealed_evaluation:random-32-32-10:s3:r7,random,random-32-32-10.map,holdout,random-32-32-10-random-3.scen,3,6,7,4,13,1,28,6,20,341900,321500,411300,277200,274700,356700,411600,277500,331700,20,68,47,0,21,0,0,48,0,0,0,0,0,0,48,28,28,1254900,972500,1189700,858200,826500,1364300,1437400,849300,1081100,20,68,47,0,21,0,0,48,0,0,48,1536,1568,0,48,28,28,1064600,617600,556700,551800,552900,810900,671700,549500,587150,20,68,47,0,40,0,19,48,0,0,20,640,672,0,48,28,28,983700,617300,837500,639900,606000,966700,1150000,678600,758050,20,68,47,0,59,0,38,48,20,20,0,640,672,0,48,28,28,1.2910670186494082,0.25546902271650052,0,0,0,0,0,0,107,145,38
556,sealed_evaluation:random-32-32-10:s3:r8,random,random-32-32-10.map,holdout,random-32-32-10-random-3.scen,3,7,8,4,3,25,16,14,24,488100,421600,381500,373200,372900,408300,400600,401800,401200,31,107,69,0,32,0,0,69,0,0,0,0,0,1,69,39,38,1540500,1490900,936100,927800,1097100,1109200,1048000,1044700,1072550,24,86,60,0,25,0,0,61,0,0,61,1952,1984,0,61,37,37,1491500,848200,666400,664600,1133900,1108300,733200,732700,790700,24,86,60,0,52,0,27,61,0,0,28,896,928,0,61,37,37,1118500,745300,724000,716400,1566000,810400,790200,822700,800300,24,86,60,0,77,0,52,61,28,26,0,840,872,0,61,37,37,1.0121411407613508,0.012068028296119176,56,0.0625,56,0.060344827586206899,2,0.07407407407407407,140,190,50
557,sealed_evaluation:random-32-32-10:s3:r9,random,random-32-32-10.map,holdout,random-32-32-10-random-3.scen,3,8,9,3,10,28,25,27,16,441900,543500,427600,516100,248600,244100,242300,243200,338100,16,60,44,0,17,0,0,45,0,0,0,0,0,0,45,29,29,2203200,1876800,1322600,1338300,775600,767300,771000,772200,1049100,16,60,44,0,17,0,0,45,0,0,45,1440,1472,0,45,29,29,567300,1166800,891400,735400,478800,480800,472100,473600,524050,16,60,44,0,32,0,15,45,0,0,16,512,544,0,45,29,29,1005800,1219300,901900,1014100,517600,517400,517900,518900,710400,16,60,44,0,47,0,30,45,16,16,0,512,544,0,45,29,29,1.3555958400915944,0.30424109206177402,0,0,0,0,0,0,92,122,30
558,sealed_evaluation:random-32-32-10:s3:r10,random,random-32-32-10.map,holdout,random-32-32-10-random-3.scen,3,9,10,4,4,22,20,20,18,468100,278300,277400,275500,276900,506600,380200,275800,277850,18,69,51,0,19,0,0,52,0,0,0,0,0,0,52,34,34,932400,876900,878500,930500,1620000,1902600,1150200,1244800,1041300,18,69,51,0,19,0,0,52,0,0,52,1664,1696,0,52,34,34,536100,531000,535300,531300,1341700,991100,833100,616900,576500,18,69,51,0,36,0,17,52,0,0,18,576,608,0,52,34,34,583000,587300,582400,579100,1514500,1061300,782300,583400,585350,18,69,51,0,53,0,34,52,18,18,0,576,608,0,52,34,34,1.0153512575888985,0.015234619216567746,0,0,0,0,0,0,105,139,34
559,sealed_evaluation:random-32-32-10:s3:r11,random,random-32-32-10.map,holdout,random-32-32-10-random-3.scen,3,10,11,4,19,15,13,31,22,681700,554300,334100,332900,323200,324100,1270300,410500,372300,22,82,59,0,23,0,0,60,0,0,0,0,0,0,60,38,38,2122200,2120900,1058300,1022700,1020700,1191500,2857700,1075900,1133700,22,82,59,0,23,0,0,60,0,0,60,1920,1952,0,60,38,38,1164200,663500,1162900,636300,676100,693900,876300,775800,734850,22,82,59,0,44,0,21,60,0,0,22,704,736,0,60,38,38,1084200,1357800,1172800,697600,697500,702200,2652700,1044400,1064300,22,82,59,0,65,0,42,60,22,22,0,704,736,0,60,38,38,1.4483227869633259,0.37040618829430516,0,0,0,0,0,0,125,167,42
560,sealed_evaluation:random-32-32-10:s3:r12,random,random-32-32-10.map,holdout,random-32-32-10-random-3.scen,3,11,12,8,28,11,0,23,40,598600,1055100,561800,1061200,1644300,1167000,820200,1242200,1058150,46,159,103,0,47,0,0,103,0,0,0,0,0,1,103,58,57,1754300,1773100,1555800,3579400,3574900,2798000,2820700,3065400,2809350,40,145,100,0,41,0,0,101,0,0,101,3232,3264,0,101,61,61,1180300,1091300,1974100,2669800,3318900,2570300,2361700,1777600,2167900,40,145,100,0,85,0,44,101,0,0,45,1440,1472,0,101,61,61,1548500,1902300,1204300,1149000,2704300,2616600,1750500,2751000,1826400,40,145,100,0,124,0,83,101,45,40,0,1300,1332,0,101,61,61,0.84247428386918211,-0.1714121408188847,140,0.097222222222222224,140,0.095108695652173919,5,0.11363636363636363,230,308,78
561,sealed_evaluation:random-32-32-10:s3:r13,random,random-32-32-10.map,holdout,random-32-32-10-random-3.scen,3,12,13,6,27,21,17,1,30,662300,815000,886900,577100,867400,811300,851800,994000,833400,33,112,74,0,34,0,0,74,0,0,0,0,0,1,74,42,41,1693200,2551800,1810700,2425600,2580800,2018700,2463300,2164200,2294900,30,102,70,0,31,0,0,71,0,0,71,2272,2304,0,71,41,41,1195600,1699900,1912800,2336500,1613000,1360400,1777600,2572900,1738750,30,102,70,0,63,0,32,71,0,0,33,1056,1088,0,71,41,41,1867000,2018700,1890800,1400600,1746100,2014300,1529700,1367800,1806550,30,102,70,0,92,0,61,71,33,30,0,972,1004,0,71,41,41,1.0389935298346513,0.03825248479707629,84,0.079545454545454544,84,0.07720588235294118,3,0.09375,166,224,58
562,sealed_evaluation:random-32-32-10:s3:r14,random,random-32-32-10.map,holdout,random-32-32-10-random-3.scen,3,13,14,1,4,2,1,8,9,318600,187900,201000,204900,163000,205100,198500,197900,199750,9,34,25,0,10,0,0,26,0,0,0,0,0,0,26,17,17,924800,593100,626900,577800,790300,826600,693900,514500,660400,9,34,25,0,10,0,0,26,0,0,26,832,864,0,26,17,17,430200,378400,313000,361000,427800,409000,417900,365700,393700,9,34,25,0,18,0,8,26,0,0,9,288,320,0,26,17,17,419800,396900,406500,420400,516100,613500,420100,422200,420250,9,34,25,0,26,0,16,26,9,9,0,288,320,0,26,17,17,1.0674371348742697,0.065260574339033123,0,0,0,0,0,0,52,68,16
563,sealed_evaluation:random-32-32-10:s3:r15,random,random-32-32-10.map,holdout,random-32-32-10-random-3.scen,3,14,15,3,12,11,0,11,14,358400,286600,266400,355000,343500,334200,212500,211400,310400,14,49,35,0,15,0,0,36,0,0,0,0,0,0,36,22,22,1279800,1016600,744300,1166200,1155100,1132800,643000,828200,1074700,14,50,36,0,15,0,0,37,0,0,37,1184,1216,0,37,23,23,593500,595300,698800,739400,767600,569900,589300,626200,610750,14,50,36,0,29,0,14,37,0,0,15,480,512,0,37,23,23,862500,592500,686100,839600,927700,782100,470200,490800,734100,14,50,36,0,43,0,28,37,15,15,0,480,512,0,37,23,23,1.2019647973802701,0.18395754897888575,0,0,0,0,0,0,80,108,28
564,sealed_evaluation:random-32-32-10:s3:r16,random,random-32-32-10.map,holdout,random-32-32-10-random-3.scen,3,15,16,5,8,17,29,19,23,615100,760600,445700,752400,795800,582100,427000,496500,598600,23,86,63,0,24,0,0,64,0,0,0,0,0,0,64,41,41,2160100,2198600,2294200,2609600,2746300,2098700,1701900,1140500,2179350,23,86,63,0,24,0,0,64,0,0,64,2048,2080,0,64,41,41,1372200,1347600,995700,1577400,1063400,1712700,841800,689900,1205500,23,86,63,0,46,0,22,64,0,0,23,736,768,0,64,41,41,1504800,1488400,1421600,1535700,1166900,1768900,982100,1481700,1485050,23,86,63,0,68,0,44,64,23,23,0,736,768,0,64,41,41,1.2318954790543344,0.20855402308242149,0,0,0,0,0,0,132,176,44
565,sealed_evaluation:random-32-32-10:s3:r17,random,random-32-32-10.map,holdout,random-32-32-10-random-3.scen,3,16,17,8,4,27,28,5,46,4365900,1050200,964300,2467200,776100,1311900,805500,745300,1007250,59,208,134,0,60,0,0,127,0,0,0,0,0,8,127,76,68,8742600,5643600,2835300,5757100,2007800,2003000,1967700,2161800,2498550,47,164,114,0,48,0,0,115,0,0,115,3680,3712,0,115,68,68,3510100,2138700,1469700,1833300,1460200,1561300,1520200,3616400,1697300,47,164,114,0,106,0,58,115,0,0,59,1888,1920,0,115,68,68,3926100,2277100,1921100,5348500,1609400,3236300,1613800,1603100,2099100,47,164,114,0,162,0,114,115,59,57,0,1832,1864,0,115,68,68,1.2367289224061746,0.2124699282524751,56,0.029661016949152543,56,0.029166666666666667,2,0.034482758620689655,279,391,112
566,sealed_evaluation:random-32-32-10:s3:r18,random,random-32-32-10.map,holdout,random-32-32-10-random-3.scen,3,17,18,2,8,3,14,11,14,242500,234100,235300,230500,286800,480600,358400,254200,248350,19,68,43,0,20,0,0,41,0,0,0,0,0,3,41,25,22,561800,585900,562900,567700,888500,3063900,886800,643300,614600,14,51,36,0,15,0,0,37,0,0,37,1184,1216,0,37,23,23,426300,427000,424200,421800,651200,1480900,906900,516000,471500,14,51,36,0,33,0,18,37,0,0,19,608,640,0,37,23,23,469100,471100,473000,475400,741700,1077100,834300,733000,604200,14,51,36,0,51,0,36,37,19,19,0,608,640,0,37,23,23,1.281442205726405,0.24798616687905936,0,0,0,0,0,0,88,124,36
567,sealed_evaluation:random-32-32-10:s3:r19,random,random-32-32-10.map,holdout,random-32-32-10-random-3.scen,3,18,19,6,0,5,27,6,28,442900,402100,391400,401300,392800,396900,393800,396500,396700,28,100,72,0,29,0,0,73,0,0,0,0,0,0,73,45,45,1734000,1798500,1239300,1260300,1348000,1918100,1247500,1230800,1304150,28,100,72,0,29,0,0,73,0,0,73,2336,2368,0,73,45,45,1180500,878200,798000,778700,784700,1384200,796200,859400,828700,28,100,72,0,56,0,27,73,0,0,28,896,928,0,73,45,45,1488500,993800,859100,930800,1264000,1387700,862600,861300,962300,28,100,72,0,83,0,54,73,28,28,0,896,928,0,73,45,45,1.1612163629781587,0.14946804450735846,0,0,0,0,0,0,156,210,54
568,sealed_evaluation:random-32-32-10:s3:r20,random,random-32-32-10.map,holdout,random-32-32-10-random-3.scen,3,19,20,8,2,11,31,23,41,646700,1940100,748800,679700,644600,856400,678900,656200,679300,49,167,110,0,50,0,0,109,0,0,0,0,0,2,109,62,60,1793200,2651400,2236200,2809100,2121000,2354700,1863600,2919800,2295450,41,144,101,0,42,0,0,102,0,0,102,3264,3296,0,102,61,61,1200600,1429300,2365800,1211600,1344900,1640300,2093100,2478500,1534800,41,144,101,0,86,0,44,102,0,0,45,1440,1472,0,102,61,61,1786800,2327500,2109900,2124500,1416300,1690600,2012400,1386300,1899600,41,144,101,0,130,0,88,102,45,45,0,1440,1472,0,102,61,61,1.2376856919468335,0.2132432583021695,0,0,0,0,0,0,232,320,88
569,sealed_evaluation:random-32-32-10:s3:r21,random,random-32-32-10.map,holdout,random-32-32-10-random-3.scen,3,20,21,6,30,1,15,19,33,730800,746400,672100,630800,680100,829500,637800,612800,676100,45,158,101,0,46,0,0,97,0,0,0,0,0,5,97,57,52,1705700,1984400,1988400,1599500,1554500,2172800,1542900,1581600,1652600,33,119,85,0,34,0,0,86,0,0,86,2752,2784,0,86,53,53,1487900,1979800,1126400,1152800,1186100,1283000,1269800,1350800,1276400,33,119,85,0,78,0,44,86,0,0,45,1440,1472,0,86,53,53,1350800,2216600,1754400,2345800,1267200,1556200,1282400,1359800,1458000,33,119,85,0,121,0,87,86,45,44,0,1412,1444,0,86,53,53,1.142275148856158,0.13302201816451506,28,0.019444444444444445,28,0.019021739130434784,1,0.022727272727272728,208,294,86
570,sealed_evaluation:random-32-32-10:s3:r22,random,random-32-32-10.map,holdout,random-32-32-10-random-3.scen,3,21,22,7,0,7,26,12,31,485400,1132100,616700,484100,447200,408800,411200,449300,466700,31,106,73,0,32,0,0,74,0,0,0,0,0,0,74,43,43,1471500,1468300,1498100,1426800,1808400,1559600,1186300,1193800,1469900,31,106,73,0,32,0,0,74,0,0,74,2368,2400,0,74,43,43,1015900,1410200,1649900,914800,1075400,808200,831600,1115000,1045650,31,106,73,0,62,0,30,74,0,0,31,992,1024,0,74,43,43,1093300,1735700,1729400,1093400,1556500,913400,1111800,994900,1102600,31,106,73,0,92,0,60,74,31,31,0,992,1024,0,74,43,43,1.0544637306938267,0.0530323255550657,0,0,0,0,0,0,166,226,60
571,sealed_evaluation:random-32-32-10:s3:r23,random,random-32-32-10.map,holdout,random-32-32-10-random-3.scen,3,22,23,5,25,20,4,17,24,661300,529900,751000,421200,340400,669000,645700,513300,587800,24,91,67,0,25,0,0,68,0,0,0,0,0,0,68,44,44,2094700,2798100,1813100,1146200,1043100,1597200,2073100,1929100,1871100,24,91,67,0,25,0,0,68,0,0,68,2176,2208,0,68,44,44,1264400,811700,953900,694800,649200,786900,1371300,1737400,882800,24,91,67,0,48,0,23,68,0,0,24,768,800,0,68,44,44,1417400,1000700,1563500,800400,1421200,1049900,1028800,989500,1039350,24,91,67,0,71,0,46,68,24,24,0,768,800,0,68,44,44,1.1773334843679202,0.16325212235891859,0,0,0,0,0,0,139,185,46
572,sealed_evaluation:random-32-32-10:s3:r24,random,random-32-32-10.map,holdout,random-32-32-10-random-3.scen,3,23,24,1,16,30,20,30,4,102800,82100,74700,74500,81300,74200,78400,74400,76550,4,15,12,0,5,0,0,13,0,0,0,0,0,0,13,9,9,276400,363200,230500,227700,228300,226400,229800,229100,229450,4,15,12,0,5,0,0,13,0,0,13,416,448,0,13,9,9,151200,169500,148000,133600,133900,134300,134700,134100,134500,4,15,12,0,8,0,3,13,0,0,4,128,160,0,13,9,9,161100,171100,208600,144300,142200,144800,143500,145500,145150,4,15,12,0,11,0,6,13,4,4,0,128,160,0,13,9,9,1.0791821561338291,0.076203491428745163,0,0,0,0,0,0,24,30,6
573,sealed_evaluation:random-32-32-10:s3:r25,random,random-32-32-10.map,holdout,random-32-32-10-random-3.scen,3,24,25,5,17,12,7,29,27,2335100,781400,499200,484800,729600,913600,972900,883200,832300,38,139,87,0,39,0,0,79,0,0,0,0,0,9,79,50,41,3781100,1638900,1186800,1177000,1814000,1822000,2319500,1792400,1803200,27,98,68,0,28,0,0,69,0,0,69,2208,2240,0,69,42,42,1379000,1013300,1623500,910000,3792700,1123200,1880800,1033700,1251100,27,98,68,0,65,0,37,69,0,0,38,1216,1248,0,69,42,42,1042900,1901200,1049200,1010200,4287300,1410900,2026600,1839800,1625350,27,98,68,0,102,0,74,69,38,38,0,1216,1248,0,69,42,42,1.2991367596515067,0.26170001286393191,0,0,0,0,0,0,171,245,74
574,sealed_evaluation:random-32-32-10:s3:r26,random,random-32-32-10.map,holdout,random-32-32-10-random-3.scen,3,25,26,3,23,28,12,25,14,222400,431700,244600,227700,285100,226500,401100,378100,264850,14,52,38,0,15,0,0,39,0,0,0,0,0,0,39,25,25,691200,1250600,739000,1305600,803000,728000,855900,1145900,829450,14,52,38,0,15,0,0,39,0,0,39,1248,1280,0,39,25,25,547300,704100,450400,550800,457300,446200,449600,746000,502300,14,52,38,0,28,0,13,39,0,0,14,448,480,0,39,25,25,810000,871300,492500,501000,520100,486700,537900,671100,529000,14,52,38,0,41,0,26,39,14,14,0,448,480,0,39,25,25,1.0531554847700577,0.051790881102300332,0,0,0,0,0,0,80,106,26
575,sealed_evaluation:random-32-32-10:s4:r2,random,random-32-32-10.map,holdout,random-32-32-10-random-4.scen,4,1,2,3,17,8,7,19,21,381600,424200,578100,378700,360000,910100,756900,396600,410400,29,91,55,0,30,0,0,55,0,0,0,0,0,1,55,27,26,858100,872600,1568500,925600,884200,898000,1062000,892000,895000,21,70,45,0,22,0,0,46,0,0,46,1472,1504,0,46,25,25,671600,1060700,773400,689600,676100,673900,1333200,643400,682850,21,70,45,0,45,0,23,46,0,0,24,768,800,0,46,25,25,746500,971500,1022400,1171600,718500,1153800,1352700,792700,996950,21,70,45,0,68,0,46,46,24,24,0,768,800,0,46,25,25,1.4599838910448855,0.37842540212847486,0,0,0,0,0,0,114,160,46
576,sealed_evaluation:random-32-32-10:s4:r3,random,random-32-32-10.map,holdout,random-32-32-10-random-4.scen,4,2,3,8,23,26,4,1,44,701000,1244700,835100,1064500,1086600,1259100,807000,780400,949800,44,154,109,0,45,0,0,110,0,0,0,0,0,0,110,66,66,2216700,2199900,2582800,5586500,4232100,2575600,2538100,3556200,2579200,44,154,109,0,45,0,0,110,0,0,110,3520,3552,0,110,66,66,1427900,3339800,1680500,4757500,1964400,1623800,2224200,4659400,2094300,44,154,109,0,88,0,43,110,0,0,44,1408,1440,0,110,66,66,1539500,3080200,1762300,2727000,2129700,2322400,1922100,1837800,2025900,44,154,109,0,131,0,86,110,44,44,0,1408,1440,0,110,66,66,0.96733992264718527,-0.033205322395559435,0,0,0,0,0,0,241,327,86
577,sealed_evaluation:random-32-32-10:s4:r4,random,random-32-32-10.map,holdout,random-32-32-10-random-4.scen,4,3,4,4,30,27,13,24,20,811800,740300,759000,587600,739600,748000,594200,514100,739950,29,106,67,0,30,0,0,61,0,0,0,0,0,7,61,39,32,1993200,1869500,1905200,1236300,1787500,1594800,1202300,1188800,1691150,20,74,53,0,21,0,0,54,0,0,54,1728,1760,0,54,34,34,1420400,1356400,1378800,1392100,1365100,1403000,1175000,1206800,1371950,20,74,53,0,49,0,28,54,0,0,29,928,960,0,54,34,34,1531800,1528500,1540800,1140500,1432600,1573200,871500,1036100,1480550,20,74,53,0,77,0,56,54,29,29,0,928,960,0,54,34,34,1.0791574036954699,0.076180554872495185,0,0,0,0,0,0,131,187,56
578,sealed_evaluation:random-32-32-10:s4:r5,random,random-32-32-10.map,holdout,random-32-32-10-random-4.scen,4,4,5,4,12,12,0,23,23,473500,623300,1030600,505000,539500,413500,371300,439600,489250,29,94,58,0,30,0,0,58,0,0,0,0,0,1,58,30,29,1178600,2101400,2621300,1413800,1392800,1648800,1431900,1091300,1422850,23,80,55,0,24,0,0,56,0,0,56,1792,1824,0,56,33,33,828300,1809300,1837200,1112800,1379900,810000,796600,788800,970550,23,80,55,0,51,0,27,56,0,0,28,896,928,0,56,33,33,858800,2049200,1482700,1091600,1446900,805700,1144300,936900,1117950,23,80,55,0,73,0,49,56,28,23,0,756,788,0,56,33,33,1.1518726495286178,0.14138900887871217,140,0.15625,140,0.15086206896551724,5,0.18518518518518517,134,178,44
579,sealed_evaluation:random-32-32-10:s4:r6,random,random-32-32-10.map,holdout,random-32-32-10-random-4.scen,4,5,6,4,6,13,23,12,22,423500,357600,651500,556100,352500,344500,563300,647600,489800,28,88,57,0,29,0,0,58,0,0,0,0,0,0,58,30,30,1092500,963400,1610400,1020800,931900,937400,1674400,3256500,1056650,22,76,53,0,23,0,0,54,0,0,54,1728,1760,0,54,32,32,740200,677800,860900,661700,687400,659500,713200,2006800,700300,22,76,53,0,47,0,24,54,0,0,25,800,832,0,54,32,32,760900,745300,1399900,803500,737100,738100,733900,1196000,753100,22,76,53,0,71,0,48,54,25,25,0,800,832,0,54,32,32,1.0753962587462516,0.072689206445833945,0,0,0,0,0,0,125,173,48
580,sealed_evaluation:random-32-32-10:s4:r7,random,random-32-32-10.map,holdout,random-32-32-10-random-4.scen,4,6,7,2,8,26,11,17,12,548800,180500,179400,180800,180400,178900,192500,179700,180450,12,48,36,0,13,0,0,37,0,0,0,0,0,0,37,25,25,1018000,1112700,552600,552600,560200,550700,560100,551300,556350,12,48,36,0,13,0,0,37,0,0,37,1184,1216,0,37,25,25,404000,414600,339300,328900,329800,327300,328500,339200,334500,12,48,36,0,24,0,11,37,0,0,12,384,416,0,37,25,25,515500,392700,393000,366500,359200,360800,359600,362200,364350,12,48,36,0,35,0,22,37,12,12,0,384,416,0,37,25,25,1.0892376681614351,0.085478064548008145,0,0,0,0,0,0,72,94,22
581,sealed_evaluation:random-32-32-10:s4:r8,random,random-32-32-10.map,holdout,random-32-32-10-random-4.scen,4,7,8,6,12,0,0,21,33,732200,996000,1214400,731500,1434300,734900,869400,748500,808950,69,229,124,0,70,0,0,102,0,0,0,0,0,23,102,56,33,1514400,1516300,2288200,1613900,1766900,1513400,1992000,1510900,1565100,40,141,91,0,41,0,0,87,0,0,87,2784,2816,5,87,52,47,1273700,1714400,1736000,2368800,1292500,1301300,1276500,1281500,1296900,40,141,91,0,96,0,55,87,0,0,56,1792,1824,5,87,52,47,1245100,1671900,2036300,1259000,1253800,1246500,2026000,1821500,1465450,40,141,91,0,135,0,94,87,56,40,0,1344,1376,5,87,52,47,1.129963759734752,0.1221855611787698,448,0.25,448,0.24561403508771928,16,0.29090909090909089,243,321,78
582,sealed_evaluation:random-32-32-10:s4:r9,random,random-32-32-10.map,holdout,random-32-32-10-random-4.scen,4,8,9,7,12,31,23,5,37,873700,1110800,624900,629800,661100,1197900,1260700,1228600,992250,45,163,111,0,46,0,0,107,0,0,0,0,0,5,107,67,62,1807900,1754200,1813500,1918000,2818500,3388600,3528600,2402000,2160000,37,135,98,0,38,0,0,99,0,0,99,3168,3200,0,99,62,62,1220800,1435900,2206000,1336500,2236200,2348000,2494500,1385100,1820950,37,135,98,0,82,0,44,99,0,0,45,1440,1472,0,99,62,62,1403800,1525200,1838400,1373200,2596700,2758200,2776000,2450300,2144350,37,135,98,0,126,0,88,99,45,45,0,1440,1472,0,99,62,62,1.1775996046019934,0.16347813322644811,0,0,0,0,0,0,225,313,88
583,sealed_evaluation:random-32-32-10:s4:r10,random,random-32-32-10.map,holdout,random-32-32-10-random-4.scen,4,9,10,3,4,10,2,23,15,734600,380700,286500,347100,240700,244000,239600,233800,265250,15,58,43,0,16,0,0,44,0,0,0,0,0,0,44,29,29,1361700,890800,898300,896200,740400,940600,749800,719800,893500,15,58,43,0,16,0,0,44,0,0,44,1408,1440,0,44,29,29,754000,526300,731600,451600,474600,536100,434400,494700,510500,15,58,43,0,30,0,14,44,0,0,15,480,512,0,44,29,29,604900,566000,632600,820100,501000,566600,591200,527100,578900,15,58,43,0,44,0,28,44,15,15,0,480,512,0,44,29,29,1.1339862879529872,0.12573911348023861,0,0,0,0,0,0,88,116,28
584,sealed_evaluation:random-32-32-10:s4:r11,random,random-32-32-10.map,holdout,random-32-32-10-random-4.scen,4,10,11,6,22,13,1,24,32,892900,913800,949500,525000,527500,872800,890200,469400,881500,34,123,84,0,35,0,0,85,0,0,0,0,0,0,85,51,51,2695700,2630900,2910800,1688200,1544300,1631700,2512700,1454300,2100450,32,117,82,0,33,0,0,83,0,0,83,2656,2688,0,83,51,51,1130300,1645700,1734800,1048300,1031600,1227200,2232400,1325100,1276150,32,117,82,0,66,0,33,83,0,0,34,1088,1120,0,83,51,51,1271200,1872800,1915400,1447100,1118200,1356000,1871700,1023400,1401550,32,117,82,0,97,0,64,83,34,32,0,1032,1064,0,83,51,51,1.0982643106217922,0.093731034175191949,56,0.051470588235294115,56,0.050000000000000003,2,0.060606060606060608,182,244,62
585,sealed_evaluation:random-32-32-10:s4:r12,random,random-32-32-10.map,holdout,random-32-32-10-random-4.scen,4,11,12,7,8,25,29,4,42,816700,994700,1612900,1085900,1123000,770700,1154200,1152000,1104450,66,241,150,0,67,0,0,136,0,0,0,0,0,15,136,85,70,1881400,3671000,2950000,2180600,4053100,2145900,4349100,2029100,2565300,43,157,110,0,44,0,0,111,0,0,111,3552,3584,0,111,68,68,1400300,2575300,1444800,1519400,1869500,1313300,1296300,1364700,1422550,43,157,110,0,98,0,54,111,0,0,55,1760,1792,0,111,68,68,2282600,2329800,1713500,1928400,1676800,1409600,1408300,3168900,1820950,43,157,110,0,152,0,108,111,55,55,0,1760,1792,0,111,68,68,1.2800604548170538,0.24690730714203232,0,0,0,0,0,0,263,371,108
586,sealed_evaluation:random-32-32-10:s4:r13,random,random-32-32-10.map,holdout,random-32-32-10-random-4.scen,4,12,13,1,14,2,17,5,6,301100,186300,135900,166700,140400,95300,95100,95500,138150,6,20,15,0,7,0,0,16,0,0,0,0,0,0,16,10,10,589200,554200,328400,414400,505900,283400,280600,281600,371400,6,20,15,0,7,0,0,16,0,0,16,512,544,0,16,10,10,233500,362600,226300,308600,188200,181800,190100,181400,208200,6,20,15,0,12,0,5,16,0,0,6,192,224,0,16,10,10,547700,472000,224100,221100,196500,195100,195500,195800,208800,6,20,15,0,17,0,10,16,6,6,0,192,224,0,16,10,10,1.0028818443804035,0.0028776998276151956,0,0,0,0,0,0,33,43,10
587,sealed_evaluation:random-32-32-10:s4:r14,random,random-32-32-10.map,holdout,random-32-32-10-random-4.scen,4,13,14,1,24,21,26,25,6,98500,98100,98700,165900,102300,164700,111200,108900,105600,6,21,16,0,7,0,0,17,0,0,0,0,0,0,17,11,11,298000,297500,596800,351900,300400,525800,334200,401400,343050,6,21,16,0,7,0,0,17,0,0,17,544,576,0,17,11,11,186600,187300,186000,193900,254500,336500,275200,290100,224200,6,21,16,0,12,0,5,17,0,0,6,192,224,0,17,11,11,202300,201000,201700,361300,231400,480500,239100,226000,228700,6,21,16,0,17,0,10,17,6,6,0,192,224,0,17,11,11,1.0200713648528099,0.019872590390675845,0,0,0,0,0,0,34,44,10
588,sealed_evaluation:random-32-32-10:s4:r15,random,random-32-32-10.map,holdout,random-32-32-10-random-4.scen,4,14,15,5,8,21,10,1,22,318100,356000,316600,514400,354900,317200,319000,364300,336950,22,80,57,0,23,0,0,58,0,0,0,0,0,0,58,36,36,3200100,2733100,1403000,2572500,1837200,1007200,1000400,1774200,1805700,22,80,57,0,23,0,0,58,0,0,58,1856,1888,0,58,36,36,3048700,1077500,624100,1051000,650700,624400,806900,944100,875500,22,80,57,0,44,0,21,58,0,0,22,704,736,0,58,36,36,1248900,938200,686300,951500,689700,694500,720600,687700,707550,22,80,57,0,65,0,42,58,22,22,0,704,736,0,58,36,36,0.80816676185037117,-0.21298685332752623,0,0,0,0,0,0,123,165,42
589,sealed_evaluation:random-32-32-10:s4:r16,random,random-32-32-10.map,holdout,random-32-32-10-random-4.scen,4,15,16,3,4,17,10,7,16,359700,229000,227100,234200,226000,335600,230500,419400,232350,17,55,36,0,18,0,0,37,0,0,0,0,0,0,37,20,20,731900,797600,620200,618700,622600,949200,636100,650900,643500,16,52,34,0,17,0,0,35,0,0,35,1120,1152,0,35,19,19,467200,571500,457600,450600,631800,883300,738200,729400,601650,16,52,34,0,33,0,16,35,0,0,17,544,576,0,35,19,19,502400,646400,508300,501600,774900,705500,557100,502500,532700,16,52,34,0,49,0,32,35,17,17,0,544,576,0,35,19,19,0.88539848749272831,-0.12171746696121813,0,0,0,0,0,0,84,116,32
590,sealed_evaluation:random-32-32-10:s4:r17,random,random-32-32-10.map,holdout,random-32-32-10-random-4.scen,4,16,17,0,4,3,4,4,1,64200,54100,54300,46700,46100,45200,46200,61000,50400,1,4,4,0,2,0,0,5,0,0,0,0,0,0,5,4,4,151700,157800,174800,133500,133100,134000,225500,283100,154750,1,4,4,0,2,0,0,5,0,0,5,160,192,0,5,4,4,83700,84300,84900,71900,95400,70800,82400,63100,83050,1,4,4,0,2,0,0,5,0,0,1,32,64,0,5,4,4,86700,86800,86900,75100,73400,74000,73300,125600,80900,1,4,4,0,2,0,0,5,1,1,0,32,64,0,5,4,4,0.97411198073449734,-0.026229011994857825,0,0,0,0,0,,7,7,0
591,sealed_evaluation:random-32-32-10:s4:r18,random,random-32-32-10.map,holdout,random-32-32-10-random-4.scen,4,17,18,1,10,0,17,1,8,124100,122800,181000,152400,245600,136900,110400,111800,130500,8,24,16,0,9,0,0,17,0,0,0,0,0,0,17,9,9,353900,337300,486700,368900,442100,404700,304000,305300,361400,8,24,16,0,9,0,0,17,0,0,17,544,576,0,17,9,9,246600,244800,287400,274100,221900,299500,273800,220600,260200,8,24,16,0,16,0,7,17,0,0,8,256,288,0,17,9,9,266300,263200,392300,592100,255400,297800,296800,245200,281550,8,24,16,0,23,0,14,17,8,8,0,256,288,0,17,9,9,1.0820522674865487,0.078859485622222517,0,0,0,0,0,0,40,54,14
592,sealed_evaluation:random-32-32-10:s4:r19,random,random-32-32-10.map,holdout,random-32-32-10-random-4.scen,4,18,19,4,18,8,6,17,21,320300,417100,372700,286800,437700,289300,293500,293600,306950,21,70,48,0,22,0,0,49,0,0,0,0,0,0,49,28,28,870400,1422000,1098400,860200,1319200,1226200,854500,850700,984400,21,70,48,0,22,0,0,49,0,0,49,1568,1600,0,49,28,28,583800,631900,840300,667900,676700,593600,581000,617700,624800,21,70,48,0,42,0,20,49,0,0,21,672,704,0,49,28,28,638600,786400,844800,792800,820000,651300,638100,643000,718850,21,70,48,0,62,0,40,49,21,21,0,672,704,0,49,28,28,1.1505281690140845,0.14022111434312529,0,0,0,0,0,0,111,151,40
593,sealed_evaluation:random-32-32-10:s4:r20,random,random-32-32-10.map,holdout,random-32-32-10-random-4.scen,4,19,20,4,8,10,10,28,20,551100,298400,298800,297800,541000,298000,297200,296400,298200,20,75,55,0,21,0,0,56,0,0,0,0,0,0,56,36,36,1798700,960900,945300,1033300,1941100,984400,949200,952400,972650,20,75,55,0,21,0,0,56,0,0,56,1792,1824,0,56,36,36,1058100,579500,579100,735000,1085000,580700,576200,577600,580100,20,75,55,0,40,0,19,56,0,0,20,640,672,0,56,36,36,649000,641600,632200,634800,1055100,642900,649700,639700,642250,20,75,55,0,59,0,38,56,20,20,0,640,672,0,56,36,36,1.1071367005688675,0.10177713351797435,0,0,0,0,0,0,115,153,38
594,sealed_evaluation:random-32-32-10:s4:r21,random,random-32-32-10.map,holdout,random-32-32-10-random-4.scen,4,20,21,2,21,5,28,11,13,307500,216100,193200,191900,213600,193600,193900,228300,203750,13,47,34,0,14,0,0,35,0,0,0,0,0,0,35,22,22,1089900,625600,598900,594600,661600,594800,935700,967100,643600,13,47,34,0,14,0,0,35,0,0,35,1120,1152,0,35,22,22,680700,418900,375800,377800,416600,378600,380500,740300,398550,13,47,34,0,26,0,12,35,0,0,13,416,448,0,35,22,22,694900,458500,412200,413100,443700,413900,410500,914400,428800,13,47,34,0,38,0,24,35,13,13,0,416,448,0,35,22,22,1.0759001380002509,0.073157648882659979,0,0,0,0,0,0,73,97,24
595,sealed_evaluation:random-32-32-10:s4:r22,random,random-32-32-10.map,holdout,random-32-32-10-random-4.scen,4,21,22,4,26,1,13,3,21,443600,445300,2247500,780400,444200,499200,466000,441400,455650,43,148,68,0,44,0,0,69,0,0,0,0,0,0,69,26,26,836200,831900,2871900,1456200,1428300,1127000,828700,828200,981600,21,69,47,0,22,0,0,48,0,0,48,1536,1568,0,48,27,27,780600,768400,966100,1105200,1250900,1181600,774600,1023900,995000,21,69,47,0,57,0,35,48,0,0,36,1152,1184,0,48,27,27,837900,723800,3800000,1634900,832000,728100,719700,724400,780050,21,69,47,0,80,0,58,48,36,24,0,816,848,0,48,27,27,0.78396984924623114,-0.24338471696533437,336,0.29166666666666669,336,0.28378378378378377,12,0.34285714285714286,140,186,46
596,sealed_evaluation:random-32-32-10:s4:r23,random,random-32-32-10.map,holdout,random-32-32-10-random-4.scen,4,22,23,3,4,25,17,29,17,543300,362400,405400,391800,328300,284500,287900,396700,377100,17,65,48,0,18,0,0,49,0,0,0,0,0,0,49,32,32,1679800,989600,1558700,1473700,927300,1009500,940700,999700,1004600,17,65,48,0,18,0,0,49,0,0,49,1568,1600,0,49,32,32,888100,833500,993300,738300,549200,586800,547100,652200,695250,17,65,48,0,34,0,16,49,0,0,17,544,576,0,49,32,32,932700,841700,850300,1091400,621000,626900,585400,814900,828300,17,65,48,0,50,0,32,49,17,17,0,544,576,0,49,32,32,1.1913700107874865,0.1751039144901442,0,0,0,0,0,0,99,131,32
597,sealed_evaluation:random-32-32-10:s4:r24,random,random-32-32-10.map,holdout,random-32-32-10-random-4.scen,4,23,24,4,3,9,11,23,22,333100,445800,429400,361200,640400,385800,355500,366700,376250,24,86,58,0,25,0,0,59,0,0,0,0,0,0,59,35,35,982700,1941900,1239100,1818700,1959900,2059800,1420900,1106000,1619800,24,86,58,0,25,0,0,59,0,0,59,1888,1920,0,59,35,35,930300,1237400,798600,1606000,1239900,931600,724600,769500,930950,24,86,58,0,48,0,23,59,0,0,24,768,800,0,59,35,35,1458000,1080500,956700,807400,1476300,817800,822600,852600,904650,24,86,58,0,71,0,46,59,24,24,0,768,800,0,59,35,35,0.97174928836135133,-0.028657441576955781,0,0,0,0,0,0,130,176,46
598,sealed_evaluation:random-32-32-10:s4:r25,random,random-32-32-10.map,holdout,random-32-32-10-random-4.scen,4,24,25,1,17,9,19,4,7,126800,154900,139100,227000,205900,225100,226700,223500,214700,7,27,20,0,8,0,0,21,0,0,0,0,0,0,21,14,14,407600,493700,618700,673900,663500,867500,719500,667500,665500,7,27,20,0,8,0,0,21,0,0,21,672,704,0,21,14,14,234400,398700,300200,386700,410800,408800,444000,432700,403750,7,27,20,0,14,0,6,21,0,0,7,224,256,0,21,14,14,262700,323700,310200,446200,409100,482800,469400,452100,427650,7,27,20,0,20,0,12,21,7,7,0,224,256,0,21,14,14,1.0591950464396285,0.057509229489924388,0,0,0,0,0,0,41,53,12
599,sealed_evaluation:random-32-32-10:s4:r26,random,random-32-32-10.map,holdout,random-32-32-10-random-4.scen,4,25,26,2,21,3,29,8,13,373300,298000,298900,228500,386500,404100,312200,288100,305550,13,48,34,0,14,0,0,35,0,0,0,0,0,0,35,22,22,946700,1216000,945000,831200,1185900,1268500,979400,823200,963050,13,48,34,0,14,0,0,35,0,0,35,1120,1152,0,35,22,22,1085100,557500,549100,538200,530500,876700,766100,494900,553300,13,48,34,0,26,0,12,35,0,0,13,416,448,0,35,22,22,861100,533800,646700,526800,1169400,836800,692000,620200,669350,13,48,34,0,38,0,24,35,13,13,0,416,448,0,35,22,22,1.2097415506958251,0.19040674232784272,0,0,0,0,0,0,73,97,24
600,sealed_evaluation:room-32-32-4:s1:r2,room,room-32-32-4.map,holdout,room-32-32-4-random-1.scen,1,1,2,5,21,14,9,0,26,1076400,565100,520100,531400,755700,749900,569300,747700,658500,31,95,59,0,32,0,0,60,0,0,0,0,0,0,60,29,29,3115600,2016000,1332800,1298600,2604800,2043400,1567700,1932900,1974450,26,81,54,0,27,0,0,55,0,0,55,1760,1792,0,55,29,29,2285800,1510500,1077100,1087100,1544600,1443700,1469300,1424200,1456500,26,81,54,0,54,0,27,55,0,0,28,896,928,0,55,29,29,2254300,1469900,1142900,1079300,1669900,1551300,1392200,1815400,1510600,26,81,54,0,79,0,52,55,28,26,0,840,872,0,55,29,29,1.0371438379677309,0.03647062547985834,56,0.0625,56,0.060344827586206899,2,0.07407407407407407,136,186,50
601,sealed_evaluation:room-32-32-4:s1:r3,room,room-32-32-4.map,holdout,room-32-32-4-random-1.scen,1,2,3,9,29,30,5,25,41,2473100,3353400,2436400,2954500,4286400,2748400,2381100,4209300,2851450,210,601,257,0,240,29,0,227,0,0,0,0,0,31,227,32,27,2025000,2573100,1970900,2673700,2646800,2669000,2593800,2625500,2609650,41,121,79,0,42,0,0,80,0,0,80,2560,2592,0,80,39,39,3642800,2644300,2709300,3024900,2889600,2189100,1684600,3755300,2799450,41,121,79,0,113,0,71,80,0,0,72,2304,2336,0,80,39,39,2418700,2264800,2121300,1626800,2628700,1784900,1429300,3524700,2193050,41,121,79,0,153,0,111,80,72,41,0,1436,1468,0,80,39,39,0.78338602225437137,-0.24412970032167042,868,0.3767361111111111,868,0.37157534246575341,31,0.43661971830985913,264,344,80
602,sealed_evaluation:room-32-32-4:s1:r4,room,room-32-32-4.map,holdout,room-32-32-4-random-1.scen,1,3,4,6,1,25,22,22,30,654800,658900,866000,741600,747200,709900,706500,1008300,725750,68,196,87,0,71,2,0,85,0,0,0,0,0,3,85,24,23,1063100,1572900,1590100,1102100,1467500,1461200,1249400,2291900,1464350,30,91,57,0,31,0,0,58,0,0,58,1856,1888,0,58,28,28,1071700,1398500,1171900,1078600,3069700,1190100,1170200,1904300,1181000,30,91,57,0,80,0,49,58,0,0,50,1600,1632,0,58,28,28,1055300,1163900,1081200,1266300,1859800,1157400,1146200,1397900,1160650,30,91,57,0,116,0,85,58,50,37,0,1236,1268,0,58,28,28,0.9827688399661304,-0.01738134420390643,364,0.22750000000000001,364,0.22303921568627452,13,0.26530612244897961,187,259,72
603,sealed_evaluation:room-32-32-4:s1:r5,room,room-32-32-4.map,holdout,room-32-32-4-random-1.scen,1,4,5,7,22,9,2,20,31,445500,938700,729600,450000,431900,422500,1203400,716900,583450,36,108,65,0,37,0,0,66,0,0,0,0,0,0,66,30,30,1097300,2570100,2284400,1138900,1119900,1115900,2871100,2077300,1608100,31,94,60,0,32,0,0,61,0,0,61,1952,1984,0,61,30,30,1650500,3069400,1145700,896900,869900,868900,980700,1269000,1063200,31,94,60,0,65,0,33,61,0,0,34,1088,1120,0,61,30,30,1683700,2214700,974600,1533600,930000,938300,1192400,1450200,1321300,31,94,60,0,95,0,63,61,34,31,0,1004,1036,0,61,30,30,1.2427577125658389,0.21733287202113555,84,0.07720588235294118,84,0.074999999999999997,3,0.090909090909090912,159,219,60
604,sealed_evaluation:room-32-32-4:s1:r6,room,room-32-32-4.map,holdout,room-32-32-4-random-1.scen,1,5,6,7,25,27,2,21,35,1003100,1444600,1308000,1265100,2163300,1512500,1447700,1556400,1446150,113,327,143,0,119,5,0,129,0,0,0,0,0,15,129,26,22,1054400,1049800,2202400,1316200,2361800,1764300,1763500,1669900,1716700,36,103,63,0,37,0,0,64,0,0,64,2048,2080,0,64,28,28,1073200,1069600,2229000,3101200,2302900,1776700,2473500,1938700,2083850,36,103,63,0,91,0,54,64,0,0,55,1760,1792,0,64,28,28,1150700,1161100,2835300,1592100,1677000,1940200,1978400,1759900,1718450,36,103,63,0,139,0,102,64,55,49,0,1592,1624,0,64,28,28,0.82465148643136499,-0.19279442258991561,168,0.095454545454545459,168,0.09375,6,0.1111111111111111,209,305,96
605,sealed_evaluation:room-32-32-4:s1:r7,room,room-32-32-4.map,holdout,room-32-32-4-random-1.scen,1,6,7,10,14,2,31,28,43,1294200,1497900,1840400,1109900,2693300,1081600,1167500,1371600,1332900,81,236,131,0,82,0,0,127,0,0,0,0,0,5,127,51,46,2399800,2930100,1930900,2849000,3901100,2666800,2874900,2000100,2757900,43,127,82,0,44,0,0,83,0,0,83,2656,2688,0,83,40,40,2504100,2414400,1871900,2370800,2900500,1962900,1648400,1677600,2166850,43,127,82,0,92,0,48,83,0,0,49,1568,1600,0,83,40,40,2533600,2577900,2068400,1745800,2528800,2264100,1619400,2381200,2322650,43,127,82,0,134,0,90,83,49,43,0,1400,1432,0,83,40,40,1.0719016083254493,0.069434275157768635,168,0.10714285714285714,168,0.105,6,0.125,223,307,84
606,sealed_evaluation:room-32-32-4:s1:r8,room,room-32-32-4.map,holdout,room-32-32-4-random-1.scen,1,7,8,8,26,26,6,11,37,2159400,2022600,2468000,1125700,1639400,865300,4463000,4217100,2091000,79,231,125,0,80,0,0,119,0,0,0,0,0,7,119,47,40,3120300,3190100,4433900,3039200,2734700,2946800,5079700,4042900,3155200,44,134,82,0,45,0,0,83,0,0,83,2656,2688,0,83,39,39,2151300,3656400,2939400,2771000,2739900,2498700,1439300,5284500,2755450,44,134,82,0,106,0,61,83,0,0,62,1984,2016,0,83,39,39,2912800,3587600,4166200,3082200,3023500,1539000,3370400,4119000,3226300,44,134,82,0,155,0,110,83,62,50,0,1648,1680,0,83,39,39,1.1708795296594023,0.15775520115024555,336,0.16935483870967741,336,0.16666666666666666,12,0.19672131147540983,250,348,98
607,sealed_evaluation:room-32-32-4:s1:r9,room,room-32-32-4.map,holdout,room-32-32-4-random-1.scen,1,8,9,2,23,24,14,21,14,1105900,597000,526600,730200,386700,635700,584300,351300,590650,18,51,27,0,19,0,0,26,0,0,0,0,0,2,26,10,8,2708900,1478900,1138200,2035400,672400,1620700,655000,858800,1308550,14,39,24,0,15,0,0,25,0,0,25,800,832,0,25,11,11,1762600,1260400,1176700,1542000,652600,1487100,889500,820900,1218550,14,39,24,0,31,0,16,25,0,0,17,544,576,0,25,11,11,1468400,1321700,1423200,1125000,1452800,1393100,1057700,704800,1357400,14,39,24,0,46,0,31,25,17,16,0,516,548,0,25,11,11,1.1139469041073407,0.10790947798800261,28,0.051470588235294115,28,0.048611111111111112,1,0.0625,72,102,30
608,sealed_evaluation:room-32-32-4:s1:r10,room,room-32-32-4.map,holdout,room-32-32-4-random-1.scen,1,9,10,9,6,25,13,17,45,4344600,2855000,6695400,3940000,7370600,2099000,2859100,2095100,3399550,248,704,282,0,265,16,0,267,0,0,0,0,0,16,267,33,31,3229300,3008800,4979200,5690400,5508200,2600400,2354900,1553700,3119050,45,137,85,0,46,0,0,86,0,0,86,2752,2784,0,86,41,41,3438500,3333000,3359900,6563200,3636200,1667000,1640500,1659500,3346450,45,137,85,0,125,0,79,86,0,0,80,2560,2592,0,86,41,41,3557800,1979500,4578400,3995600,3322500,1574800,1566900,1784500,2651000,45,137,85,0,179,0,133,86,80,55,0,1860,1892,0,86,41,41,0.79218276083610994,-0.23296315515693702,700,0.2734375,700,0.27006172839506171,25,0.31645569620253167,290,398,108
609,sealed_evaluation:room-32-32-4:s1:r11,room,room-32-32-4.map,holdout,room-32-32-4-random-1.scen,1,10,11,0,31,15,30,14,2,41500,40400,41200,40900,40900,41500,122100,194700,41350,2,6,5,0,3,0,0,6,0,0,0,0,0,0,6,4,4,116400,114800,120100,115300,116000,115300,464000,565100,116200,2,6,5,0,3,0,0,6,0,0,6,192,224,0,6,4,4,73500,73000,73300,73500,73800,73300,287000,335500,73500,2,6,5,0,4,0,1,6,0,0,2,64,96,0,6,4,4,78200,77100,78400,77900,77500,77500,162000,424000,78050,2,6,5,0,5,0,2,6,2,2,0,64,96,0,6,4,4,1.0619047619047619,0.060064240742650078,0,0,0,0,0,0,11,13,2
610,sealed_evaluation:room-32-32-4:s1:r12,room,room-32-32-4.map,holdout,room-32-32-4-random-1.scen,1,11,12,9,14,4,1,29,42,1534300,1949400,1303400,1761000,1876800,1295900,3745300,1445400,1647650,142,412,184,0,154,11,0,171,0,0,0,0,0,14,171,48,38,1438100,1415000,1428100,1494900,1615800,1471800,2759400,1458600,1465200,42,124,78,0,43,0,0,79,0,0,79,2528,2560,0,79,37,37,1558300,1624100,2007500,1519500,1910300,1770000,1522000,1676000,1650050,42,124,78,0,117,0,74,79,0,0,75,2400,2432,0,79,37,37,1574700,1640300,1602500,1586900,1596600,1738300,2328900,2031500,1621400,42,124,78,0,178,0,135,79,75,62,0,2036,2068,0,79,37,37,0.98263688979121844,-0.017515616912195015,364,0.15166666666666667,364,0.14967105263157895,13,0.17567567567567569,270,392,122
611,sealed_evaluation:room-32-32-4:s1:r13,room,room-32-32-4.map,holdout,room-32-32-4-random-1.scen,1,12,13,5,19,29,11,19,22,770400,1087600,1059100,609000,591300,859700,604800,595000,689700,63,186,86,0,71,7,0,80,0,0,0,0,0,7,80,23,17,1079900,1567800,852100,781100,815100,1458700,775200,771800,833600,22,63,41,0,23,0,0,42,0,0,42,1344,1376,0,42,20,20,1808100,1535700,1362400,784900,855100,1441200,832800,784800,1108750,22,63,41,0,59,0,36,42,0,0,37,1184,1216,0,42,20,20,1882100,1660400,2251000,808500,868500,1297100,783200,760100,1082800,22,63,41,0,85,0,62,42,37,27,0,904,936,0,42,20,20,0.9765952649379932,-0.023682975883643164,280,0.23648648648648649,280,0.23026315789473684,10,0.27777777777777779,137,189,52
612,sealed_evaluation:room-32-32-4:s1:r14,room,room-32-32-4.map,holdout,room-32-32-4-random-1.scen,1,13,14,5,7,23,22,17,25,902500,501400,494000,498900,775900,497000,506800,499900,500650,48,141,74,0,51,2,0,72,0,0,0,0,0,3,72,25,24,1665100,901200,892700,1071700,1661900,910500,911100,907000,910800,26,77,49,0,27,0,0,50,0,0,50,1600,1632,0,50,24,24,942100,804500,824900,1283200,828700,815100,800300,1163900,826800,26,77,49,0,61,0,34,50,0,0,35,1120,1152,0,50,24,24,824100,804200,804300,816300,813300,816500,803800,819900,814800,26,77,49,0,87,0,60,50,35,27,0,896,928,0,50,24,24,0.98548621190130625,-0.014620143454962431,224,0.20000000000000001,224,0.19444444444444445,8,0.23529411764705882,145,197,52
613,sealed_evaluation:room-32-32-4:s1:r15,room,room-32-32-4.map,holdout,room-32-32-4-random-1.scen,1,14,15,8,3,0,27,10,36,698500,1035300,660800,657100,766800,713700,690500,794200,706100,68,196,104,0,69,0,0,102,0,0,0,0,0,3,102,37,34,1187600,1182600,1249000,1073000,1125000,2275200,1183300,1202400,1185450,36,102,64,0,37,0,0,65,0,0,65,2080,2112,0,65,29,29,1068500,1065100,1341000,970200,981500,1590700,1073300,1485900,1070900,36,102,64,0,83,0,46,65,0,0,47,1504,1536,0,65,29,29,1128000,1303100,1197300,1047400,1032400,1454500,1129100,1143600,1136350,36,102,64,0,123,0,86,65,47,41,0,1336,1368,0,65,29,29,1.0611168176300307,0.059321955013191957,168,0.11170212765957446,168,0.109375,6,0.13043478260869565,194,274,80
614,sealed_evaluation:room-32-32-4:s1:r16,room,room-32-32-4.map,holdout,room-32-32-4-random-1.scen,1,15,16,3,2,26,9,23,16,389200,377900,374800,375500,590100,596700,759200,387700,388450,40,113,50,0,42,1,0,50,0,0,0,0,0,1,50,13,13,617600,594400,591000,591100,608700,1049000,1012100,591600,601550,16,50,32,0,17,0,0,33,0,0,33,1056,1088,0,33,17,17,600900,597900,590100,596300,601900,668400,1945600,586400,599400,16,50,32,0,44,0,27,33,0,0,28,896,928,0,33,17,17,532300,530200,532500,532600,700600,586000,1037600,768400,559300,16,50,32,0,59,0,42,33,28,16,0,560,592,0,33,17,17,0.93309976643309978,-0.069243153055020532,336,0.375,336,0.36206896551724138,12,0.44444444444444442,104,134,30
615,sealed_evaluation:room-32-32-4:s1:r17,room,room-32-32-4.map,holdout,room-32-32-4-random-1.scen,1,16,17,10,15,2,30,29,46,2278200,1941200,2309000,2886000,3430400,3065900,2832500,1992800,2570750,199,584,301,0,200,0,0,272,0,0,0,0,0,30,272,103,79,1619000,1705400,4563900,1760200,2292800,1711300,1648200,2980300,1735750,46,136,87,0,47,0,0,88,0,0,88,2816,2848,0,88,42,42,1893800,1896000,1974000,1777100,1771700,1777200,2794200,2615300,1894900,46,136,87,0,132,0,85,88,0,0,86,2752,2784,0,88,42,42,2512300,1502700,1512100,2712500,1950800,1521400,1561400,1518000,1541400,46,136,87,0,177,0,130,88,86,46,0,1632,1664,0,88,42,42,0.8134466198743997,-0.20647497233167592,1120,0.40697674418604651,1120,0.40229885057471265,40,0.47058823529411764,305,395,90
616,sealed_evaluation:room-32-32-4:s1:r18,room,room-32-32-4.map,holdout,room-32-32-4-random-1.scen,1,17,18,1,22,20,21,26,9,145900,145500,146100,145000,144800,285700,238600,258800,146000,12,35,20,0,14,1,0,20,0,0,0,0,0,1,20,8,8,375600,380600,373500,378700,376200,372100,630100,673500,377450,11,30,19,0,12,0,0,20,0,0,20,640,672,0,20,9,9,349600,350400,353400,348100,348700,386900,589800,380200,351900,11,30,19,0,26,0,14,20,0,0,15,480,512,0,20,9,9,357200,355700,350900,355300,355100,600400,605500,629900,356450,11,30,19,0,37,0,25,20,15,12,0,396,428,0,20,9,9,1.0129298096050015,0.012846933236098031,84,0.17499999999999999,84,0.1640625,3,0.21428571428571427,60,82,22
617,sealed_evaluation:room-32-32-4:s1:r19,room,room-32-32-4.map,holdout,room-32-32-4-random-1.scen,1,18,19,5,19,15,14,25,23,650600,745900,1246200,1206300,1332000,677700,700200,643900,723050,68,193,91,0,70,1,0,91,0,0,0,0,0,1,91,23,23,864300,899400,1548500,1538300,1769700,887100,887400,886100,893400,23,69,45,0,24,0,0,46,0,0,46,1472,1504,0,46,23,23,786600,1154500,859100,1497800,1112700,791500,791500,941800,900450,23,69,45,0,56,0,32,46,0,0,33,1056,1088,0,46,23,23,855100,1006300,1761900,1480800,1053900,829000,856200,842400,931250,23,69,45,0,85,0,61,46,33,30,0,972,1004,0,46,23,23,1.0342051196623909,0.033633131327807375,84,0.079545454545454544,84,0.07720588235294118,3,0.09375,134,192,58
618,sealed_evaluation:room-32-32-4:s1:r20,room,room-32-32-4.map,holdout,room-32-32-4-random-1.scen,1,19,20,3,13,19,16,9,17,449900,490600,490100,543500,467200,486300,480100,317400,483200,22,68,39,0,25,2,0,38,0,0,0,0,0,2,38,16,16,814200,1228300,1356200,1472100,1248500,1258800,998100,1029200,1238400,17,56,37,0,18,0,0,38,0,0,38,1216,1248,0,38,21,21,977100,991100,984900,1009400,984200,970200,968600,646700,980650,17,56,37,0,39,0,21,38,0,0,22,704,736,0,38,21,21,1096400,1080700,1111900,1418400,1061800,1069000,1528500,758100,1088550,17,56,37,0,59,0,41,38,22,21,0,676,708,0,38,21,21,1.1100290623566003,0.10438619728473572,28,0.039772727272727272,28,0.038043478260869568,1,0.047619047619047616,98,138,40
619,sealed_evaluation:room-32-32-4:s1:r21,room,room-32-32-4.map,holdout,room-32-32-4-random-1.scen,1,20,21,5,15,13,17,2,23,949700,959700,925100,859300,993000,599600,553500,593300,892200,54,155,69,0,55,0,0,70,0,0,0,0,0,0,70,18,18,2008800,1720800,1142900,1184000,1611700,1638600,961800,944900,1397850,23,73,48,0,24,0,0,49,0,0,49,1568,1600,0,49,26,26,2832000,1637400,1613100,1692500,1550000,1713300,939500,1180200,1625250,23,73,48,0,63,0,39,49,0,0,40,1280,1312,0,49,26,26,2332500,1637000,1627100,1074200,1831900,1840200,966600,984500,1632050,23,73,48,0,94,0,70,49,40,32,0,1056,1088,0,49,26,26,1.0041839716966621,0.0041752432250650659,224,0.17499999999999999,224,0.17073170731707318,8,0.20512820512820512,151,213,62
620,sealed_evaluation:room-32-32-4:s1:r22,room,room-32-32-4.map,holdout,room-32-32-4-random-1.scen,1,21,22,3,23,13,12,11,17,718200,459500,450700,598700,460800,799200,531400,426300,496100,46,136,67,0,49,2,0,66,0,0,0,0,0,2,66,20,20,1006000,708600,583800,594000,555400,530900,576900,527500,580350,17,49,31,0,18,0,0,32,0,0,32,1024,1056,0,32,15,15,931700,637100,523700,537300,516700,520800,583800,509200,530500,17,49,31,0,42,0,24,32,0,0,25,800,832,0,32,15,15,1030500,627500,529900,516000,516400,641100,562500,549500,556000,17,49,31,0,60,0,42,32,25,19,0,632,664,0,32,15,15,1.0480678605089537,0.046948336196544468,168,0.20999999999999999,168,0.20192307692307693,6,0.25,98,134,36
621,sealed_evaluation:room-32-32-4:s1:r23,room,room-32-32-4.map,holdout,room-32-32-4-random-1.scen,1,22,23,3,6,30,14,22,16,222800,221700,222000,220600,346100,223400,226200,452800,223100,19,58,36,0,20,0,0,37,0,0,0,0,0,0,37,18,18,569300,560400,538000,643100,825600,635800,541400,678400,602550,16,50,33,0,17,0,0,34,0,0,34,1088,1120,0,34,18,18,436900,439700,429200,725700,727900,442600,431400,784800,441150,16,50,33,0,35,0,18,34,0,0,19,608,640,0,34,18,18,651500,450200,448700,449500,875100,465100,452000,667400,458550,16,50,33,0,50,0,33,34,19,16,0,524,556,0,34,18,18,1.0394423665419925,0.038684383336839469,84,0.13815789473684212,84,0.13125000000000001,3,0.16666666666666666,87,117,30
622,sealed_evaluation:room-32-32-4:s1:r24,room,room-32-32-4.map,holdout,room-32-32-4-random-1.scen,1,23,24,8,26,14,3,9,38,2636600,2135200,1675700,2996200,2982800,1631800,1581800,1681700,1908450,187,544,249,0,193,5,0,229,0,0,0,0,0,21,229,58,42,4233500,2195800,1375100,2107500,2268800,1643800,1233300,1566400,1875650,38,118,76,0,39,0,0,77,0,0,77,2464,2496,0,77,39,39,1858100,2309400,1223100,1602300,1562100,1356900,1099200,2308400,1582200,38,118,76,0,89,0,50,77,0,0,51,1632,1664,0,77,39,39,1354200,1840900,1314000,1468700,1974900,1519700,1205400,1204500,1411450,38,118,76,0,138,0,99,77,51,50,0,1604,1636,0,77,39,39,0.89208064720010116,-0.11419873882970917,28,0.017156862745098041,28,0.016826923076923076,1,0.02,216,314,98
623,sealed_evaluation:room-32-32-4:s1:r25,room,room-32-32-4.map,holdout,room-32-32-4-random-1.scen,1,24,25,3,26,6,26,17,15,480800,514100,288400,268200,271000,263800,279000,294800,283700,24,73,37,0,26,1,0,36,0,0,0,0,0,2,36,13,12,990800,978300,552100,571400,571000,547900,724200,566000,571200,15,45,29,0,16,0,0,30,0,0,30,960,992,0,30,15,15,1038900,1019400,1085700,614600,556800,559600,566200,902500,758550,15,45,29,0,41,0,25,30,0,0,26,832,864,0,30,15,15,932400,995300,987600,546700,524100,531100,514200,524300,538900,15,45,29,0,56,0,40,30,26,16,0,552,584,0,30,15,15,0.71043438138553816,-0.34187869125465076,280,0.33653846153846156,280,0.32407407407407407,10,0.40000000000000002,96,126,30
624,sealed_evaluation:room-32-32-4:s1:r26,room,room-32-32-4.map,holdout,room-32-32-4-random-1.scen,1,25,26,5,15,15,0,23,25,352400,348800,608900,351600,343700,347400,970500,547500,352000,30,88,51,0,31,0,0,52,0,0,0,0,0,0,52,22,22,948700,948500,2335000,962200,944900,946300,1455100,1300500,955450,29,86,51,0,30,0,0,52,0,0,52,1664,1696,0,52,23,23,771100,760500,757800,757900,756300,765300,761900,774400,761200,29,86,51,0,59,0,29,52,0,0,30,960,992,0,52,23,23,827700,828800,1206400,1346300,850000,827400,988700,996100,919350,29,86,51,0,87,0,57,52,30,29,0,932,964,0,52,23,23,1.2077640567524961,0.18877076317785604,28,0.029166666666666667,28,0.028225806451612902,1,0.034482758620689655,140,196,56
625,sealed_evaluation:room-32-32-4:s2:r2,room,room-32-32-4.map,holdout,room-32-32-4-random-2.scen,2,1,2,8,2,6,1,29,40,1471300,971700,2570500,960700,952600,1431900,993900,1219500,1106700,108,303,126,0,112,3,0,124,0,0,0,0,0,3,124,33,30,2134100,1387800,2340800,1392900,1669000,2749400,1405400,1414900,1541950,40,122,76,0,41,0,0,77,0,0,77,2464,2496,0,77,37,37,1994200,1498400,1488700,1507400,5073600,2901200,2099900,1838500,1916350,40,122,76,0,113,0,72,77,0,0,73,2336,2368,0,77,37,37,1502000,1492300,2602500,1511700,3590800,2956900,1520500,1756200,1638350,40,122,76,0,168,0,127,77,73,56,0,1860,1892,0,77,37,37,0.85493255407415136,-0.15673269728069253,476,0.20376712328767124,476,0.20101351351351351,17,0.2361111111111111,262,372,110
626,sealed_evaluation:room-32-32-4:s2:r3,room,room-32-32-4.map,holdout,room-32-32-4-random-2.scen,2,2,3,3,15,23,22,30,16,244000,366500,218300,220500,1287800,224700,427300,462800,305250,18,51,31,0,19,0,0,32,0,0,0,0,0,0,32,14,14,724200,669600,660900,731200,1396500,760700,1514500,1962600,745950,21,59,34,0,22,0,0,35,0,0,35,1120,1152,0,35,14,14,758000,639400,643800,1106800,801600,625400,1209000,1976900,779800,21,59,34,0,49,0,27,35,0,0,28,896,928,0,35,14,14,741800,1145500,718400,699800,760300,684500,660300,1587000,730100,21,59,34,0,74,0,52,35,28,26,0,840,872,0,35,14,14,0.93626570915619389,-0.065855965486456891,56,0.0625,56,0.060344827586206899,2,0.07407407407407407,111,161,50
627,sealed_evaluation:room-32-32-4:s2:r4,room,room-32-32-4.map,holdout,room-32-32-4-random-2.scen,2,3,4,10,19,3,19,29,48,3442500,3037300,1927900,4457700,1843800,1955600,3162100,1945400,2496450,220,633,278,0,235,14,0,258,0,0,0,0,0,21,258,45,40,1849100,1760300,1759300,1705900,1587500,2195400,2910900,1782700,1771500,48,151,98,0,49,0,0,99,0,0,99,3168,3200,0,99,51,51,2462100,1885600,1906900,1757400,1733800,3468100,1878600,1859300,1882100,48,151,98,0,141,0,92,99,0,0,93,2976,3008,0,99,51,51,2022400,3253900,2027400,2145100,2259900,2147700,2034200,2168100,2146400,48,151,98,0,223,0,174,99,93,83,0,2696,2728,0,99,51,51,1.1404282450454279,0.13140384541489603,280,0.094086021505376344,280,0.093085106382978719,10,0.10869565217391304,332,496,164
628,sealed_evaluation:room-32-32-4:s2:r5,room,room-32-32-4.map,holdout,room-32-32-4-random-2.scen,2,4,5,6,24,9,30,30,29,607300,968100,684600,816300,1130100,574700,566600,759500,722050,56,165,96,0,57,0,0,95,0,0,0,0,0,2,95,41,41,1484600,1477100,1709800,1765000,1575200,2495000,1992300,2452900,1737400,47,139,82,0,48,0,0,83,0,0,83,2656,2688,0,83,36,36,1583500,2692700,2462400,7514200,2259000,1520000,1434800,1586600,1922800,47,139,82,0,124,0,76,83,0,0,77,2464,2496,0,83,36,36,1561200,3681800,2430700,2034300,2369200,1452300,1435600,3110800,2201750,47,139,82,0,181,0,133,83,77,58,0,1932,1964,0,83,36,36,1.1450748907842729,0.13547004166576324,532,0.21590909090909091,532,0.21314102564102563,19,0.25,283,397,114
629,sealed_evaluation:room-32-32-4:s2:r6,room,room-32-32-4.map,holdout,room-32-32-4-random-2.scen,2,5,6,3,23,25,13,31,16,258600,263900,503000,445800,267400,266300,261000,577900,266850,22,66,40,0,23,0,0,41,0,0,0,0,0,0,41,19,19,584700,771600,1106000,802400,592300,584000,884800,1296900,787000,16,49,31,0,17,0,0,32,0,0,32,1024,1056,0,32,16,16,455700,718800,717800,456900,456300,465800,459100,895300,462450,16,49,31,0,34,0,17,32,0,0,18,576,608,0,32,16,16,483400,489900,933000,884300,488600,483000,488300,1367300,489250,16,49,31,0,49,0,32,32,18,16,0,520,552,0,32,16,16,1.0579522110498432,0.056335163275916492,56,0.097222222222222224,56,0.092105263157894732,2,0.11764705882352941,83,113,30
630,sealed_evaluation:room-32-32-4:s2:r7,room,room-32-32-4.map,holdout,room-32-32-4-random-2.scen,2,6,7,4,25,26,27,9,19,251700,601900,533400,471400,421100,246000,246100,445300,433200,19,57,38,0,20,0,0,39,0,0,0,0,0,0,39,20,20,703300,700400,2096000,2543900,996400,724000,1316900,1281800,1139100,19,57,38,0,20,0,0,39,0,0,39,1248,1280,0,39,20,20,511900,512800,1156700,935000,870900,516000,516000,885400,693450,19,57,38,0,38,0,18,39,0,0,19,608,640,0,39,20,20,570100,840600,1234200,1423700,672900,576700,580400,1141300,756750,19,57,38,0,56,0,36,39,19,19,0,608,640,0,39,20,20,1.0912827168505299,0.087353808799483845,0,0,0,0,0,0,95,131,36
631,sealed_evaluation:room-32-32-4:s2:r8,room,room-32-32-4.map,holdout,room-32-32-4-random-2.scen,2,7,8,4,30,21,18,29,20,269700,276200,481000,455800,271000,274100,269000,270300,272550,22,64,40,0,23,0,0,41,0,0,0,0,0,0,41,19,19,1008700,706500,1312300,1228500,714100,969500,697200,803100,886300,20,59,37,0,21,0,0,38,0,0,38,1216,1248,0,38,18,18,584300,609200,542100,735900,548700,548100,543200,985000,566500,20,59,37,0,41,0,20,38,0,0,21,672,704,0,38,18,18,657300,616100,726900,1195700,606500,609200,732000,612100,636700,20,59,37,0,61,0,40,38,21,21,0,672,704,0,38,18,18,1.1239187996469551,0.11682150655491871,0,0,0,0,0,0,99,139,40
632,sealed_evaluation:room-32-32-4:s2:r9,room,room-32-32-4.map,holdout,room-32-32-4-random-2.scen,2,8,9,9,15,5,6,25,41,2349100,3844600,2229000,2186200,3547400,3495100,2332900,3171100,2760100,274,782,319,0,297,22,0,298,0,0,0,0,0,22,298,49,42,2125000,1417300,1274300,1512100,2038900,1394300,1398800,2646400,1464700,41,122,76,0,42,0,0,77,0,0,77,2464,2496,0,77,36,36,2582200,3033200,2789800,2625700,1669200,1472700,1529300,1574100,2125700,41,122,76,0,112,0,70,77,0,0,71,2272,2304,0,77,36,36,1508700,2591300,2308700,1204200,1347100,2466600,1319400,1312700,1427900,41,122,76,0,152,0,110,77,71,41,0,1432,1464,0,77,36,36,0.67173166486333913,-0.39789632644283029,840,0.36971830985915494,840,0.36458333333333331,30,0.42857142857142855,259,339,80
633,sealed_evaluation:room-32-32-4:s2:r10,room,room-32-32-4.map,holdout,room-32-32-4-random-2.scen,2,9,10,5,29,23,31,2,25,333000,587100,799800,339000,347200,392600,337400,768900,369900,29,84,49,0,30,0,0,48,0,0,0,0,0,2,48,21,19,857300,846600,906300,845500,843300,836600,1323700,1861600,851950,25,71,45,0,26,0,0,46,0,0,46,1472,1504,0,46,21,21,677700,682300,834900,679300,680100,682400,726900,1143400,682350,25,71,45,0,52,0,26,46,0,0,27,864,896,0,46,21,21,733000,849500,808300,735500,731400,763400,728800,1195200,749450,25,71,45,0,76,0,50,46,27,25,0,808,840,0,46,21,21,1.0983366307613396,0.093796881492482068,56,0.064814814814814811,56,0.0625,2,0.076923076923076927,124,172,48
634,sealed_evaluation:room-32-32-4:s2:r11,room,room-32-32-4.map,holdout,room-32-32-4-random-2.scen,2,10,11,5,16,18,14,1,23,387400,610700,395500,412500,380600,470700,738300,686400,441600,32,100,59,0,33,0,0,60,0,0,0,0,0,0,60,28,28,955000,1457200,996500,989800,1249600,981000,1671700,1661700,1123050,23,75,51,0,24,0,0,52,0,0,52,1664,1696,0,52,29,29,664600,1803600,1044600,676500,693200,1253600,879400,1208100,962000,23,75,51,0,47,0,23,52,0,0,24,768,800,0,52,29,29,747900,889900,782600,758800,785300,949900,903400,1336900,837600,23,75,51,0,70,0,46,52,24,24,0,768,800,0,52,29,29,0.87068607068607073,-0.13847379110937932,0,0,0,0,0,0,122,168,46
635,sealed_evaluation:room-32-32-4:s2:r12,room,room-32-32-4.map,holdout,room-32-32-4-random-2.scen,2,11,12,6,19,11,29,27,28,683100,905600,720200,1062200,1129500,807200,1177300,688900,856400,64,188,104,0,68,3,0,98,0,0,0,0,0,7,98,38,34,1398600,1480600,1435400,1572800,2771200,2580200,2123800,2091000,1831900,42,126,70,0,43,0,0,70,0,0,70,2240,2272,1,70,29,28,1354200,1700800,1582700,2190300,2516100,2281700,1712000,1907400,1809700,42,126,70,0,101,0,58,70,0,0,59,1888,1920,1,70,29,28,1751800,1686300,1461200,2282800,2741600,2751300,2312700,1561800,2017300,42,126,70,0,151,0,108,70,59,51,0,1664,1696,1,70,29,28,1.1147151461568217,0.10859889797414966,224,0.11864406779661017,224,0.11666666666666667,8,0.13793103448275862,230,330,100
636,sealed_evaluation:room-32-32-4:s2:r13,room,room-32-32-4.map,holdout,room-32-32-4-random-2.scen,2,12,13,4,30,25,25,10,20,331500,565400,376400,320800,334400,349300,539300,870300,362850,24,74,46,0,25,0,0,47,0,0,0,0,0,0,47,23,23,1139700,1298100,992400,865900,1731800,841500,1457500,1013800,1076750,20,62,42,0,21,0,0,43,0,0,43,1376,1408,0,43,23,23,743500,1035700,1139200,633700,1195600,634900,648500,1029500,886500,20,62,42,0,42,0,21,43,0,0,22,704,736,0,43,23,23,737600,1221300,1005500,879800,777600,720000,829200,1131600,854500,20,62,42,0,63,0,42,43,22,22,0,704,736,0,43,23,23,0.9639029892837,-0.036764622958616947,0,0,0,0,0,0,106,148,42
637,sealed_evaluation:room-32-32-4:s2:r14,room,room-32-32-4.map,holdout,room-32-32-4-random-2.scen,2,13,14,2,21,0,29,1,13,357500,236900,385600,232800,300500,278500,277900,226700,278200,19,55,28,0,20,0,0,28,0,0,0,0,0,1,28,10,9,794400,799300,611500,592600,666700,604100,622000,695800,644350,13,38,24,0,14,0,0,25,0,0,25,800,832,0,25,12,12,738600,867700,733900,614800,596800,558900,557300,788900,674350,13,38,24,0,32,0,18,25,0,0,19,608,640,0,25,12,12,717800,749800,780600,661900,569400,547600,547000,502300,615650,13,38,24,0,44,0,30,25,19,13,0,440,472,0,25,12,12,0.91295321420627273,-0.091070643723986086,168,0.27631578947368424,168,0.26250000000000001,6,0.33333333333333331,75,99,24
638,sealed_evaluation:room-32-32-4:s2:r15,room,room-32-32-4.map,holdout,room-32-32-4-random-2.scen,2,14,15,12,29,31,5,3,52,1648600,1938300,1871800,2483300,1576800,1852000,1797400,1845800,1848900,161,472,252,0,162,0,0,232,0,0,0,0,0,21,232,92,71,3305200,2084600,2506000,3914400,2327900,6143900,2366700,3175200,2840600,67,204,132,0,68,0,0,133,0,0,133,4256,4288,0,133,66,66,2553200,1777800,3603300,1974900,1955100,2368800,2814900,3406500,2461000,67,204,132,0,151,0,83,133,0,0,84,2688,2720,0,133,66,66,2055200,1992400,2955500,2196600,3612300,2172600,3810300,2174700,2185650,67,204,132,0,233,0,165,133,84,83,0,2660,2692,0,133,66,66,0.88811458756603012,-0.11865450426308259,28,0.010416666666666666,28,0.010294117647058823,1,0.012048192771084338,367,531,164
639,sealed_evaluation:room-32-32-4:s2:r16,room,room-32-32-4.map,holdout,room-32-32-4-random-2.scen,2,15,16,7,6,31,14,10,37,1119000,3031000,1258500,1131400,1496800,1063600,1883500,1064300,1194950,124,354,157,0,129,4,0,151,0,0,0,0,0,7,151,30,27,1390200,1299500,1423400,1276900,2506300,1621300,1574500,1902700,1498950,37,111,69,0,38,0,0,70,0,0,70,2240,2272,0,70,33,33,2205500,1316800,4206700,1333200,2391700,1220600,1208900,1381400,1357300,37,111,69,0,102,0,64,70,0,0,65,2080,2112,0,70,33,33,2526400,1472300,4060500,1857700,1520300,1373400,1524900,1816700,1670800,37,111,69,0,163,0,125,70,65,62,0,1996,2028,0,70,33,33,1.2309732557282842,0.20780512131910092,84,0.040384615384615387,84,0.039772727272727272,3,0.046875,236,358,122
640,sealed_evaluation:room-32-32-4:s2:r17,room,room-32-32-4.map,holdout,room-32-32-4-random-2.scen,2,16,17,7,26,21,5,22,34,1246700,1071300,1951800,1061500,1061000,1134800,1048800,1234100,1103050,118,346,153,0,122,3,0,146,0,0,0,0,0,8,146,36,33,1674500,1487500,1243300,1214500,1199700,1570500,1210200,2156200,1365400,34,104,66,0,35,0,0,67,0,0,67,2144,2176,0,67,33,33,1788600,1264600,2122000,1253700,1884000,1444600,1263000,2293000,1616600,34,104,66,0,95,0,60,67,0,0,61,1952,1984,0,67,33,33,1160500,1144900,2090000,1142300,1290400,1166500,1147800,1140400,1154150,34,104,66,0,131,0,96,67,61,37,0,1280,1312,0,67,33,33,0.71393665718173949,-0.33696103600973676,672,0.34426229508196721,672,0.33870967741935482,24,0.40000000000000002,222,294,72
641,sealed_evaluation:room-32-32-4:s2:r18,room,room-32-32-4.map,holdout,room-32-32-4-random-2.scen,2,17,18,3,22,13,28,23,16,253100,248600,247600,320500,274300,458800,453500,452700,297400,20,62,38,0,21,0,0,38,0,0,0,0,0,1,38,19,18,655400,651800,656100,1114000,728500,1197800,1213600,1252200,921250,16,53,36,0,17,0,0,37,0,0,37,1184,1216,0,37,21,21,508600,533300,505800,572700,1215200,905000,918500,954900,738850,16,53,36,0,36,0,19,37,0,0,20,640,672,0,37,21,21,515800,508900,518200,552600,944300,912400,952900,914600,732500,16,53,36,0,51,0,34,37,20,16,0,528,560,0,37,21,21,0.99140556269878866,-0.008631582458420552,112,0.17499999999999999,112,0.16666666666666666,4,0.21052631578947367,92,122,30
642,sealed_evaluation:room-32-32-4:s2:r19,room,room-32-32-4.map,holdout,room-32-32-4-random-2.scen,2,18,19,6,21,25,31,8,27,424400,750200,427700,637600,388800,492400,396000,496300,460050,32,91,59,0,33,0,0,60,0,0,0,0,0,0,60,28,28,1004900,966600,1305900,1798000,1798800,1751800,971000,1834000,1528850,27,79,52,0,28,0,0,53,0,0,53,1696,1728,0,53,26,26,750900,1451800,1355400,802800,1308900,1217300,860200,1349600,1263100,27,79,52,0,56,0,28,53,0,0,29,928,960,0,53,26,26,1098900,2129500,1124800,1493300,2905400,1071600,853800,1147200,1136000,27,79,52,0,83,0,55,53,29,28,0,900,932,0,53,26,26,0.89937455466708893,-0.10605569649883287,28,0.03017241379310345,28,0.029166666666666667,1,0.035714285714285712,137,191,54
643,sealed_evaluation:room-32-32-4:s2:r20,room,room-32-32-4.map,holdout,room-32-32-4-random-2.scen,2,19,20,9,30,29,9,10,42,971200,978700,1036000,982100,970800,982800,1204300,972500,980400,95,284,152,0,96,0,0,144,0,0,0,0,0,9,144,58,49,2075500,2300100,2561400,1552700,1768800,1937500,1857100,2472300,2006500,42,130,84,0,43,0,0,85,0,0,85,2720,2752,0,85,43,43,1687000,1447100,1352300,1276400,1423200,2422400,1282500,2244000,1435150,42,130,84,0,96,0,53,85,0,0,54,1728,1760,0,85,43,43,3555500,1286600,1503000,2237900,1288500,1840400,1338800,1298200,1420900,42,130,84,0,137,0,94,85,54,42,0,1392,1424,0,85,43,43,0.99007072431453158,-0.0099788997035769079,336,0.19444444444444445,336,0.19090909090909092,12,0.22641509433962265,234,316,82
644,sealed_evaluation:room-32-32-4:s2:r21,room,room-32-32-4.map,holdout,room-32-32-4-random-2.scen,2,20,21,6,17,3,7,18,29,1262700,600000,565700,930200,566500,654300,925100,1006500,789700,58,168,92,0,59,0,0,88,0,0,0,0,0,5,88,35,30,3278800,1168700,2016800,1088700,1085800,1088600,2977800,1713400,1441050,37,111,64,0,38,0,0,64,0,0,64,2048,2080,1,64,28,27,3587200,1022900,1006200,1007600,1011700,1571500,1045200,2385200,1034050,37,111,64,0,87,0,49,64,0,0,50,1600,1632,1,64,28,27,1982100,1102600,1109000,5180000,1101000,1240000,1095000,2407500,1174500,37,111,64,0,132,0,94,64,50,46,0,1488,1520,1,64,28,27,1.135825153522557,0.12735939430028217,112,0.070000000000000007,112,0.068627450980392163,4,0.081632653061224483,201,291,90
645,sealed_evaluation:room-32-32-4:s2:r22,room,room-32-32-4.map,holdout,room-32-32-4-random-2.scen,2,21,22,8,24,3,28,31,36,579200,764700,576900,577300,573700,623600,555000,660900,578250,53,152,87,0,54,0,0,88,0,0,0,0,0,0,88,35,35,1219700,1504300,1228700,1217900,1249400,1742100,1106600,2022500,1239050,36,103,66,0,37,0,0,67,0,0,67,2144,2176,0,67,31,31,1090500,1792200,1205000,1077100,1962600,1229700,1102000,1710600,1217350,36,103,66,0,83,0,46,67,0,0,47,1504,1536,0,67,31,31,1100900,1276200,1117000,1106900,2200600,1376100,1211100,1017600,1164050,36,103,66,0,120,0,83,67,47,38,0,1252,1284,0,67,31,31,0.95621637162689443,-0.044771061385885769,252,0.16755319148936171,252,0.1640625,9,0.19565217391304349,196,270,74
646,sealed_evaluation:room-32-32-4:s2:r23,room,room-32-32-4.map,holdout,room-32-32-4-random-2.scen,2,22,23,9,19,25,15,1,40,1290300,1283000,1247100,1832800,1394100,1263400,2556600,1253500,1286650,135,396,184,0,137,1,0,176,0,0,0,0,0,9,176,49,41,1788100,1731800,4223300,1690900,3157000,1550400,2093800,1542800,1759950,44,136,85,0,45,0,0,86,0,0,86,2752,2784,0,86,42,42,1904800,1448900,1431000,1495700,2054900,1433900,2122400,1696100,1595900,44,136,85,0,109,0,64,86,0,0,65,2080,2112,0,86,42,42,1841600,1465900,1465400,3487700,1927300,1468900,2707700,1471100,1656350,44,136,85,0,160,0,115,86,65,52,0,1716,1748,0,86,42,42,1.0378783131775173,0.037178545865242808,364,0.17499999999999999,364,0.17234848484848486,13,0.203125,259,361,102
647,sealed_evaluation:room-32-32-4:s2:r24,room,room-32-32-4.map,holdout,room-32-32-4-random-2.scen,2,23,24,4,18,14,5,7,20,656600,757300,468700,463000,460000,734500,896400,488100,572350,42,125,74,0,43,0,0,74,0,0,0,0,0,1,74,33,32,1447700,838800,784800,780400,779100,1226900,1317200,798700,818750,20,63,43,0,21,0,0,44,0,0,44,1408,1440,0,44,24,24,748200,1121600,1049500,617200,621900,907800,760400,616600,754300,20,63,43,0,45,0,24,44,0,0,25,800,832,0,44,24,24,636000,1080900,644900,628000,1086600,743000,809800,1024400,776400,20,63,43,0,64,0,43,44,25,20,0,660,692,0,44,24,24,1.0292986875248575,0.028877684435270053,140,0.17499999999999999,140,0.16826923076923078,5,0.20833333333333334,113,151,38
648,sealed_evaluation:room-32-32-4:s2:r25,room,room-32-32-4.map,holdout,room-32-32-4-random-2.scen,2,24,25,4,7,15,18,7,19,309900,354000,473400,322500,310100,313700,435200,507500,338250,28,79,45,0,29,0,0,44,0,0,0,0,0,2,44,18,16,644700,643700,1066800,644900,894000,2164400,836900,742400,789650,19,53,34,0,20,0,0,35,0,0,35,1120,1152,0,35,16,16,563500,713700,953100,556600,1823900,1404100,787500,558700,750600,19,53,34,0,42,0,22,35,0,0,23,736,768,0,35,16,16,615900,1032400,1129700,638000,1942600,1314600,868700,622000,950550,19,53,34,0,64,0,44,35,23,23,0,736,768,0,35,16,16,1.2663868904876099,0.23616787773671519,0,0,0,0,0,0,99,143,44
649,sealed_evaluation:room-32-32-4:s2:r26,room,room-32-32-4.map,holdout,room-32-32-4-random-2.scen,2,25,26,7,21,31,9,14,33,1548900,937000,933500,1036700,1190000,1015800,1200900,1017100,1026900,100,289,131,0,116,15,0,117,0,0,0,0,0,15,117,31,24,1697800,1297300,1790800,1239200,1250100,1225800,1167700,1375900,1273700,33,104,68,0,34,0,0,69,0,0,69,2208,2240,0,69,36,36,969200,931200,998900,936600,938500,1068400,1403600,934300,953850,33,104,68,0,70,0,36,69,0,0,37,1184,1216,0,69,36,36,1299300,1011400,1063600,1177300,1008500,1015900,1171200,1390100,1117400,33,104,68,0,103,0,69,69,37,34,0,1100,1132,0,69,36,36,1.1714630182942811,0.15825341064352197,84,0.070945945945945943,84,0.069078947368421059,3,0.083333333333333329,175,241,66
650,sealed_evaluation:room-32-32-4:s3:r2,room,room-32-32-4.map,holdout,room-32-32-4-random-3.scen,3,1,2,8,27,24,3,26,34,1574700,973300,996200,1061900,1314000,978700,1408600,1057900,1059900,99,283,131,0,102,2,0,129,0,0,0,0,0,3,129,31,30,3115700,2057800,1287900,1560500,1496100,1271700,1492400,1326000,1494250,34,102,66,0,35,0,0,67,0,0,67,2144,2176,0,67,33,33,4229300,2671100,1309600,1819200,1391500,1269900,1283800,1355400,1373450,34,102,66,0,90,0,55,67,0,0,56,1792,1824,0,67,33,33,2836500,1390000,1162000,1214900,1144900,1146700,1409300,1659900,1302450,34,102,66,0,123,0,88,67,56,34,0,1176,1208,0,67,33,33,0.94830536240853325,-0.053078716348838595,616,0.34375,616,0.33771929824561403,22,0.40000000000000002,212,278,66
651,sealed_evaluation:room-32-32-4:s3:r3,room,room-32-32-4.map,holdout,room-32-32-4-random-3.scen,3,2,3,4,21,21,10,31,21,307200,447500,336800,301600,300000,355800,514400,518600,346300,22,68,44,0,23,0,0,45,0,0,0,0,0,0,45,23,23,964600,1397900,898500,839200,835400,1365200,1418500,1424300,1164900,21,65,42,0,22,0,0,43,0,0,43,1376,1408,0,43,22,22,1575300,1277400,716500,641800,950900,699800,1185500,1050800,1000850,21,65,42,0,43,0,21,43,0,0,22,704,736,0,43,22,22,856800,1114700,805200,688100,1170700,723300,1141100,1118000,985750,21,65,42,0,63,0,41,43,22,21,0,676,708,0,43,22,22,0.98491282409951542,-0.015202145178978409,28,0.039772727272727272,28,0.038043478260869568,1,0.047619047619047616,107,147,40
652,sealed_evaluation:room-32-32-4:s3:r4,room,room-32-32-4.map,holdout,room-32-32-4-random-3.scen,3,3,4,6,15,1,7,17,26,646100,1073100,1083900,1008300,1095700,619200,597400,644400,827200,56,163,88,0,57,0,0,82,0,0,0,0,0,7,82,33,26,1108300,1105600,1232500,1394000,1173400,1829600,1008300,1014100,1140850,32,97,56,0,33,0,0,56,0,0,56,1792,1824,1,56,25,24,1093500,1063600,2274000,1109800,1055200,1748000,999800,996400,1078550,32,97,56,0,77,0,44,56,0,0,45,1440,1472,1,56,25,24,1107400,1256500,2202700,1140600,1127200,1505600,994900,1401000,1198550,32,97,56,0,115,0,82,56,45,39,0,1272,1304,1,56,25,24,1.1112604886189792,0.10549494637869331,168,0.11666666666666667,168,0.11413043478260869,6,0.13636363636363635,178,254,76
653,sealed_evaluation:room-32-32-4:s3:r5,room,room-32-32-4.map,holdout,room-32-32-4-random-3.scen,3,4,5,4,18,22,6,17,19,1164300,298300,296700,508400,288200,284700,292100,289400,294400,25,73,42,0,27,1,0,42,0,0,0,0,0,1,42,17,17,2805000,783800,1070700,1256600,724500,713900,721200,719000,754150,19,59,39,0,20,0,0,40,0,0,40,1280,1312,0,40,21,21,795300,704900,661300,941600,628800,837600,601900,600300,683100,19,59,39,0,44,0,24,40,0,0,25,800,832,0,40,21,21,647700,652900,665000,853100,593500,661900,613800,597000,650300,19,59,39,0,62,0,42,40,25,19,0,632,664,0,40,21,21,0.95198360415751715,-0.049207466862697544,168,0.20999999999999999,168,0.20192307692307693,6,0.25,108,144,36
654,sealed_evaluation:room-32-32-4:s3:r6,room,room-32-32-4.map,holdout,room-32-32-4-random-3.scen,3,5,6,4,15,29,23,23,18,666400,262100,264300,264000,439500,245600,242000,242000,263050,23,67,36,0,24,0,0,37,0,0,0,0,0,0,37,14,14,927400,1146700,639400,646200,2280100,577700,574500,578300,642800,19,56,34,0,20,0,0,35,0,0,35,1120,1152,0,35,16,16,944900,550800,544000,952500,1838700,484300,488000,486600,547400,19,56,34,0,41,0,21,35,0,0,22,704,736,0,35,16,16,671100,586500,562600,583000,767000,518200,514900,517900,572800,19,56,34,0,59,0,39,35,22,19,0,620,652,0,35,16,16,1.0464011691633175,0.045356819039857145,84,0.11931818181818182,84,0.11413043478260869,3,0.14285714285714285,97,133,36
655,sealed_evaluation:room-32-32-4:s3:r7,room,room-32-32-4.map,holdout,room-32-32-4-random-3.scen,3,6,7,2,15,13,21,15,10,154400,177500,225000,152400,249400,170700,164100,166900,168800,14,40,22,0,15,0,0,23,0,0,0,0,0,0,23,9,9,337300,677200,363100,332100,673700,377300,377300,371800,374550,10,29,19,0,11,0,0,20,0,0,20,640,672,0,20,10,10,418000,351300,346100,447000,445800,350300,350300,343700,350800,10,29,19,0,25,0,14,20,0,0,15,480,512,0,20,10,10,448700,338900,342600,313200,352000,336000,339000,337100,338950,10,29,19,0,35,0,24,20,15,11,0,368,400,0,20,10,10,0.96622006841505126,-0.034363656621053409,112,0.23333333333333334,112,0.21875,4,0.2857142857142857,59,79,20
656,sealed_evaluation:room-32-32-4:s3:r8,room,room-32-32-4.map,holdout,room-32-32-4-random-3.scen,3,7,8,8,15,31,30,10,36,1295900,515700,576600,515400,536700,615400,524900,512000,530800,44,128,80,0,45,0,0,81,0,0,0,0,0,0,81,37,37,1558700,1273300,2282300,1274200,1265000,1277900,1273200,1268400,1273750,36,108,70,0,37,0,0,71,0,0,71,2272,2304,0,71,35,35,1302000,1004800,1056900,1003200,999400,1765900,1074500,1007000,1031950,36,108,70,0,76,0,39,71,0,0,40,1280,1312,0,71,35,35,1377900,1108200,2090100,1323900,1159300,2189300,1122700,1114200,1241600,36,108,70,0,115,0,78,71,40,40,0,1280,1312,0,71,35,35,1.2031590677842918,0.18495065417356971,0,0,0,0,0,0,186,264,78
657,sealed_evaluation:room-32-32-4:s3:r9,room,room-32-32-4.map,holdout,room-32-32-4-random-3.scen,3,8,9,7,5,21,29,22,35,883100,1319600,880600,865200,1870300,881600,868900,1040400,882350,94,269,121,0,96,1,0,121,0,0,0,0,0,1,121,27,27,1266500,1263400,1269300,1258200,2662000,1269400,2629000,1286000,1269350,38,109,68,0,39,0,0,69,0,0,69,2208,2240,0,69,31,31,1299500,1286200,1851800,1966700,2149500,1293900,1298600,1304700,1302100,38,109,68,0,99,0,60,69,0,0,61,1952,1984,0,69,31,31,1417300,1524300,1717800,1412900,1437500,1412800,1422100,1808300,1429800,38,109,68,0,155,0,116,69,61,57,0,1840,1872,0,69,31,31,1.0980723446739882,0.093556228598068808,112,0.05737704918032787,112,0.056451612903225805,4,0.066666666666666666,228,340,112
658,sealed_evaluation:room-32-32-4:s3:r10,room,room-32-32-4.map,holdout,room-32-32-4-random-3.scen,3,9,10,4,10,21,2,31,20,538400,826100,533800,531900,530100,963300,538900,536900,537650,52,159,83,0,56,3,0,79,0,0,0,0,0,5,79,29,27,788000,1354500,788200,792600,789100,847700,838600,782900,790850,23,71,43,0,24,0,0,43,0,0,43,1376,1408,1,43,21,20,641900,1112900,672600,684900,639500,712000,1156900,639300,678750,23,71,43,0,49,0,25,43,0,0,26,832,864,1,43,21,20,997100,1270500,716200,723900,984700,1291900,1111300,723000,990900,23,71,43,0,74,0,50,43,26,26,0,832,864,1,43,21,20,1.459889502762431,0.37836074981670853,0,0,0,0,0,0,118,168,50
659,sealed_evaluation:room-32-32-4:s3:r11,room,room-32-32-4.map,holdout,room-32-32-4-random-3.scen,3,10,11,8,27,16,1,24,38,2043500,1634000,1592500,1368200,1122400,1544800,1127500,1709500,1568650,120,345,166,0,128,7,0,157,0,0,0,0,0,10,157,40,37,3982500,1624100,1458300,1502200,1319100,1444800,1319800,2265500,1480250,38,116,72,0,39,0,0,73,0,0,73,2336,2368,0,73,35,35,2443800,2019300,2364400,1308800,1959500,1301500,1341900,1627100,1793300,38,116,72,0,99,0,60,73,0,0,61,1952,1984,0,73,35,35,1911100,1872700,1699500,1203200,1369100,1194900,1195200,1211500,1290300,38,116,72,0,136,0,97,73,61,38,0,1308,1340,0,73,35,35,0.71951151508392353,-0.32918274849657814,644,0.32991803278688525,644,0.32459677419354838,23,0.38333333333333336,232,306,74
660,sealed_evaluation:room-32-32-4:s3:r12,room,room-32-32-4.map,holdout,room-32-32-4-random-3.scen,3,11,12,2,29,14,23,18,10,264600,165600,171900,164700,170900,187000,307900,265800,179450,14,41,23,0,15,0,0,24,0,0,0,0,0,0,24,10,10,654000,612300,376100,370100,371700,518200,679400,1023600,565250,10,29,19,0,11,0,0,20,0,0,20,640,672,0,20,10,10,517100,409300,349900,298700,382400,396900,362300,460500,389650,10,29,19,0,22,0,11,20,0,0,12,384,416,0,20,10,10,504200,311200,332200,312300,569600,354200,467400,503200,410800,10,29,19,0,31,0,20,20,12,10,0,328,360,0,20,10,10,1.0542794815860388,0.052857577764833262,56,0.14583333333333334,56,0.13461538461538461,2,0.18181818181818182,53,71,18
661,sealed_evaluation:room-32-32-4:s3:r13,room,room-32-32-4.map,holdout,room-32-32-4-random-3.scen,3,12,13,3,11,16,15,10,14,369400,606300,576600,452000,680400,611300,570400,480900,573500,33,97,49,0,35,1,0,48,0,0,0,0,0,2,48,16,15,505400,500100,909800,904700,955800,878800,930700,635900,891750,14,41,26,0,15,0,0,27,0,0,27,864,896,0,27,13,13,477100,475200,876200,1185400,838500,640600,1040400,472900,739550,14,41,26,0,35,0,20,27,0,0,21,672,704,0,27,13,13,498000,569800,987400,950800,870800,674800,944700,1108600,907750,14,41,26,0,52,0,37,27,21,18,0,588,620,0,27,13,13,1.2274356027313906,0.20492711717706608,84,0.125,84,0.11931818181818182,3,0.14999999999999999,82,116,34
662,sealed_evaluation:room-32-32-4:s3:r14,room,room-32-32-4.map,holdout,room-32-32-4-random-3.scen,3,13,14,2,22,27,13,26,12,181800,178100,176500,239300,212800,221200,166900,165900,179950,14,44,26,0,15,0,0,27,0,0,0,0,0,0,27,13,13,471600,475600,470000,685900,734500,480100,423000,423300,473600,15,45,25,0,16,0,0,25,0,0,25,800,832,1,25,11,10,414500,415800,419200,652800,899600,478200,396300,376400,417500,15,45,25,0,32,0,16,25,0,0,17,544,576,1,25,11,10,459300,464000,460000,464100,734600,444000,425200,423300,459650,15,45,25,0,48,0,32,25,17,17,0,544,576,1,25,11,10,1.1009580838323354,0.096180786018853534,0,0,0,0,0,0,74,106,32
663,sealed_evaluation:room-32-32-4:s3:r15,room,room-32-32-4.map,holdout,room-32-32-4-random-3.scen,3,14,15,5,21,14,30,31,26,440500,436300,432300,431600,435300,670000,473600,2162700,438400,40,121,75,0,41,0,0,76,0,0,0,0,0,0,76,36,36,1475000,1128400,988000,988200,1686200,2626900,1850500,3875200,1580600,33,97,60,0,34,0,0,61,0,0,61,1952,1984,0,61,28,28,1358000,803600,809800,805600,2301700,1762000,1289900,1890700,1323950,33,97,60,0,69,0,35,61,0,0,36,1152,1184,0,61,28,28,1703900,872600,869600,865900,1147300,1693400,1091900,2601000,1119600,33,97,60,0,101,0,67,61,36,33,0,1068,1100,0,61,28,28,0.84565127081838443,-0.16764821379211081,84,0.072916666666666671,84,0.070945945945945943,3,0.085714285714285715,165,229,64
664,sealed_evaluation:room-32-32-4:s3:r16,room,room-32-32-4.map,holdout,room-32-32-4-random-3.scen,3,15,16,3,22,7,26,17,16,512100,248900,249600,248000,247600,479900,377200,283600,266600,23,68,39,0,25,1,0,38,0,0,0,0,0,2,38,16,15,1116300,613600,610600,613300,897900,3041900,812800,704300,758550,19,58,37,0,20,0,0,38,0,0,38,1216,1248,0,38,19,19,737700,588800,591700,589300,1395500,1541900,881400,997300,809550,19,58,37,0,49,0,29,38,0,0,30,960,992,0,38,19,19,591400,586900,583000,586000,2110700,1153700,847500,836400,713900,19,58,37,0,70,0,50,38,30,22,0,736,768,0,38,19,19,0.88184794021369894,-0.12573564122434666,224,0.23333333333333334,224,0.22580645161290322,8,0.27586206896551724,116,158,42
665,sealed_evaluation:room-32-32-4:s3:r17,room,room-32-32-4.map,holdout,room-32-32-4-random-3.scen,3,16,17,4,18,1,2,5,22,363400,373300,670000,711300,972100,485200,364500,680000,577600,33,99,57,0,34,0,0,56,0,0,0,0,0,2,56,25,23,790500,787800,1091700,2086300,1389000,823100,897300,1371400,994500,22,68,43,0,23,0,0,44,0,0,44,1408,1440,0,44,22,22,719800,715200,712400,1369400,985500,714300,773500,938100,746650,22,68,43,0,54,0,31,44,0,0,32,1024,1056,0,44,22,22,759600,757300,754900,963100,760400,1039300,758200,1391700,760000,22,68,43,0,81,0,58,44,32,28,0,912,944,0,44,22,22,1.0178798633898078,0.01772189877709918,112,0.109375,112,0.10606060606060606,4,0.12903225806451613,129,183,54
666,sealed_evaluation:room-32-32-4:s3:r18,room,room-32-32-4.map,holdout,room-32-32-4-random-3.scen,3,17,18,3,21,7,26,1,17,312800,502100,963900,388500,382500,292100,516600,557200,445300,30,85,45,0,33,2,0,44,0,0,0,0,0,2,44,14,14,603100,1029600,1332500,677600,534300,539200,747100,1110500,712350,17,48,31,0,18,0,0,32,0,0,32,1024,1056,0,32,15,15,561900,1170500,2643900,916300,504800,504600,510600,564400,563150,17,48,31,0,42,0,24,32,0,0,25,800,832,0,32,15,15,534200,1198000,2055100,762500,497300,491200,555300,896700,658900,17,48,31,0,58,0,40,32,25,17,0,576,608,0,32,15,15,1.1700257480245051,0.15702575542606875,224,0.28000000000000003,224,0.26923076923076922,8,0.33333333333333331,98,130,32
667,sealed_evaluation:room-32-32-4:s3:r19,room,room-32-32-4.map,holdout,room-32-32-4-random-3.scen,3,18,19,3,7,13,20,11,17,754300,798100,370800,584500,407800,366600,663600,596500,590500,34,101,55,0,35,0,0,55,0,0,0,0,0,1,55,22,21,1189000,1106600,661000,905000,934300,830000,1079500,683000,919650,17,53,35,0,18,0,0,36,0,0,36,1152,1184,0,36,19,19,1283600,1154700,1127100,697000,703900,531200,538700,527700,700450,17,53,35,0,39,0,21,36,0,0,22,704,736,0,36,19,19,1473400,1074500,902900,550800,694400,565600,914100,939600,908500,17,53,35,0,57,0,39,36,22,19,0,620,652,0,36,19,19,1.2970233421371975,0.26007190219410292,84,0.11931818181818182,84,0.11413043478260869,3,0.14285714285714285,96,132,36
668,sealed_evaluation:room-32-32-4:s3:r20,room,room-32-32-4.map,holdout,room-32-32-4-random-3.scen,3,19,20,1,31,21,26,18,8,115100,114400,114500,113800,116200,114200,114600,185700,114550,8,25,17,0,9,0,0,18,0,0,0,0,0,0,18,10,10,330100,323300,322300,324400,324900,324100,324200,555600,324300,8,25,17,0,9,0,0,18,0,0,18,576,608,0,18,10,10,227700,226900,228700,228500,227700,232400,228900,602300,228600,8,25,17,0,16,0,7,18,0,0,8,256,288,0,18,10,10,250400,250300,248600,248100,248600,250000,250500,383100,250150,8,25,17,0,23,0,14,18,8,8,0,256,288,0,18,10,10,1.0942694663167105,0.090086986573503863,0,0,0,0,0,0,41,55,14
669,sealed_evaluation:room-32-32-4:s3:r21,room,room-32-32-4.map,holdout,room-32-32-4-random-3.scen,3,20,21,6,9,31,24,18,28,408000,732400,370400,364300,365200,501800,404700,392700,398700,33,99,59,0,34,0,0,59,0,0,0,0,0,1,59,27,26,1010000,1013700,907900,899200,891200,931400,1119900,987000,959200,28,87,55,0,29,0,0,56,0,0,56,1792,1824,0,56,28,28,804300,1332600,1735300,716500,747300,965700,1108800,794300,885000,28,87,55,0,60,0,31,56,0,0,32,1024,1056,0,56,28,28,883100,1379000,1034300,796900,813200,1591000,964900,880000,924000,28,87,55,0,90,0,61,56,32,31,0,996,1028,0,56,28,28,1.0440677966101695,0.043124426633754619,28,0.02734375,28,0.026515151515151516,1,0.032258064516129031,147,207,60
670,sealed_evaluation:room-32-32-4:s3:r22,room,room-32-32-4.map,holdout,room-32-32-4-random-3.scen,3,21,22,4,17,7,25,17,20,657300,571400,548500,601500,551700,558600,554600,546000,556600,54,158,89,0,55,0,0,82,0,0,0,0,0,8,82,36,28,1361900,948700,897300,888100,1419900,1426400,884800,895200,923000,26,78,49,0,27,0,0,50,0,0,50,1600,1632,0,50,24,24,1205900,929300,896900,903200,1019200,1387000,902200,898000,916250,26,78,49,0,69,0,42,50,0,0,43,1376,1408,0,50,24,24,1137200,1001000,1036800,1006700,1141100,1007200,1008000,1007000,1007600,26,78,49,0,110,0,83,50,43,42,0,1348,1380,0,50,24,24,1.099699863574352,0.095037291277593902,28,0.020348837209302327,28,0.019886363636363636,1,0.023809523809523808,161,243,82
671,sealed_evaluation:room-32-32-4:s3:r23,room,room-32-32-4.map,holdout,room-32-32-4-random-3.scen,3,22,23,8,31,28,9,13,37,722700,3435700,1071300,877500,716600,725500,1116000,817600,847550,68,204,109,0,69,0,0,104,0,0,0,0,0,6,104,42,36,1332200,1322800,1999500,1941400,1332600,1319700,1794700,1360900,1346750,37,115,74,0,38,0,0,75,0,0,75,2400,2432,0,75,38,38,1114900,1111700,2847000,1212700,1122900,1285500,2066100,1348100,1249100,37,115,74,0,85,0,47,75,0,0,48,1536,1568,0,75,38,38,1124900,3481300,1812500,1702100,1130200,1157700,1296700,1467800,1382250,37,115,74,0,121,0,83,75,48,37,0,1228,1260,0,75,38,38,1.1065967496597551,0.10128931424617882,308,0.20052083333333334,308,0.19642857142857142,11,0.23404255319148937,207,279,72
672,sealed_evaluation:room-32-32-4:s3:r24,room,room-32-32-4.map,holdout,room-32-32-4-random-3.scen,3,23,24,2,17,21,21,18,9,132300,227100,196900,188300,127600,127900,126500,125700,130100,9,27,19,0,10,0,0,20,0,0,0,0,0,0,20,11,11,363900,361300,613600,571100,363400,364200,367900,361400,364050,9,27,19,0,10,0,0,20,0,0,20,640,672,0,20,11,11,255500,255000,466000,393600,254200,257600,254200,254200,255250,9,27,19,0,18,0,8,20,0,0,9,288,320,0,20,11,11,288700,459300,439400,471100,280300,279100,281500,294900,291800,9,27,19,0,26,0,16,20,9,9,0,288,320,0,20,11,11,1.1431929480901077,0.13382517904391034,0,0,0,0,0,0,46,62,16
673,sealed_evaluation:room-32-32-4:s3:r25,room,room-32-32-4.map,holdout,room-32-32-4-random-3.scen,3,24,25,5,15,22,10,10,25,1097400,533700,528500,595000,544700,504300,699500,799200,569850,55,159,74,0,57,1,0,74,0,0,0,0,0,1,74,19,19,1347900,1215900,1104800,1123000,872700,1048300,1695200,806500,1113900,25,75,47,0,26,0,0,48,0,0,48,1536,1568,0,48,23,23,898700,889800,905200,1342000,947000,939300,797400,786400,901950,25,75,47,0,66,0,40,48,0,0,41,1312,1344,0,48,23,23,912300,970000,966900,1921500,1093200,1005100,892900,1678700,987550,25,75,47,0,105,0,79,48,41,40,0,1284,1316,0,48,23,23,1.0949054825655524,0.090668042251179387,28,0.021341463414634148,28,0.020833333333333332,1,0.025000000000000001,154,232,78
674,sealed_evaluation:room-32-32-4:s3:r26,room,room-32-32-4.map,holdout,room-32-32-4-random-3.scen,3,25,26,5,1,30,18,28,21,333800,370900,597700,948800,509000,409200,618100,357100,459100,31,93,54,0,32,0,0,52,0,0,0,0,0,3,52,24,21,725200,726000,1326500,1311400,1169500,994300,1582200,853900,1081900,21,66,45,0,22,0,0,46,0,0,46,1472,1504,0,46,25,25,617900,615100,826000,914300,832400,753400,1089800,675600,789700,21,66,45,0,50,0,28,46,0,0,29,928,960,0,46,25,25,610500,614800,1187700,930800,829100,980500,1299500,722100,879950,21,66,45,0,70,0,48,46,29,21,0,704,736,0,46,25,25,1.1142839052804863,0.10821196117268465,224,0.2413793103448276,224,0.23333333333333334,8,0.2857142857142857,124,164,40
675,sealed_evaluation:room-32-32-4:s4:r2,room,room-32-32-4.map,holdout,room-32-32-4-random-4.scen,4,1,2,5,21,21,13,9,22,483700,557400,445100,475900,447600,1001800,989100,420100,479800,40,123,72,0,41,0,0,72,0,0,0,0,0,1,72,33,32,904100,1588200,863800,881000,873200,858600,1850100,776900,877100,22,70,48,0,23,0,0,49,0,0,49,1568,1600,0,49,27,27,637900,1124700,677600,641900,649200,884100,873800,582700,663400,22,70,48,0,47,0,24,49,0,0,25,800,832,0,49,27,27,804100,1288100,720300,711900,738500,1362100,711800,716300,729400,22,70,48,0,71,0,48,49,25,25,0,800,832,0,49,27,27,1.0994874886946036,0.094844151861627798,0,0,0,0,0,0,120,168,48
676,sealed_evaluation:room-32-32-4:s4:r3,room,room-32-32-4.map,holdout,room-32-32-4-random-4.scen,4,2,3,4,10,22,23,27,20,308600,634900,451200,508700,585200,657200,659800,630200,607700,28,83,51,0,29,0,0,51,0,0,0,0,0,1,51,24,23,674100,1566900,1288700,1121100,1420300,1366900,1465700,1372500,1369700,20,63,41,0,21,0,0,42,0,0,42,1344,1376,0,42,22,22,685100,1235900,1261800,1543800,1239600,1159000,935100,1147700,1197450,20,63,41,0,48,0,27,42,0,0,28,896,928,0,42,22,22,1731700,1229300,1230100,1109600,1169700,1096600,1057700,1662400,1199500,20,63,41,0,73,0,52,42,28,26,0,840,872,0,42,22,22,1.0017119712722868,0.0017105075198315886,56,0.0625,56,0.060344827586206899,2,0.07407407407407407,117,167,50
677,sealed_evaluation:room-32-32-4:s4:r4,room,room-32-32-4.map,holdout,room-32-32-4-random-4.scen,4,3,4,6,15,17,25,2,31,1278500,1023800,952200,1954600,976100,1278800,987800,954200,1005800,105,306,134,0,115,9,0,126,0,0,0,0,0,9,126,35,28,1129700,1433900,1740700,2187600,1119800,1738900,1124500,1090100,1281800,31,93,59,0,32,0,0,60,0,0,60,1920,1952,0,60,29,29,1795800,1544100,1145700,1868800,1161100,1277800,1408300,1133100,1343050,31,93,59,0,85,0,53,60,0,0,54,1728,1760,0,60,29,29,1569100,1021500,1006900,1497400,1007700,1011300,1211600,1003700,1016400,31,93,59,0,115,0,83,60,54,31,0,1084,1116,0,60,29,29,0.75678492982390821,-0.27867617446611248,644,0.37268518518518517,644,0.36590909090909091,23,0.43396226415094341,198,258,60
678,sealed_evaluation:room-32-32-4:s4:r5,room,room-32-32-4.map,holdout,room-32-32-4-random-4.scen,4,4,5,7,3,5,14,21,33,2069400,1426900,1223200,1192500,1846300,2118500,1571300,1287300,1499100,144,413,178,0,160,15,0,164,0,0,0,0,0,15,164,38,29,1284200,4883800,1102100,1604900,1120700,1815900,1229500,1230600,1257400,38,113,67,0,39,0,0,67,0,0,67,2144,2176,1,67,30,29,1290400,3060900,1297800,2243800,1516400,1307600,2382700,2236000,1876200,38,113,67,0,100,0,61,67,0,0,62,1984,2016,1,67,30,29,1733700,2955500,1760400,1199300,1788300,1661600,1738000,1305000,1735850,38,113,67,0,147,0,108,67,62,48,0,1592,1624,1,67,30,29,0.92519454215968444,-0.077751247734681922,392,0.19758064516129031,392,0.19444444444444445,14,0.22950819672131148,229,323,94
679,sealed_evaluation:room-32-32-4:s4:r6,room,room-32-32-4.map,holdout,room-32-32-4-random-4.scen,4,5,6,9,2,11,31,21,41,1044200,562900,717400,670500,625300,579100,927400,986900,693950,47,145,88,0,48,0,0,89,0,0,0,0,0,0,89,42,42,3177800,1594200,2732700,2165100,2547500,3894400,2014000,2794600,2640100,46,143,88,0,47,0,0,89,0,0,89,2848,2880,0,89,43,43,2576100,1208800,1211400,1348600,1351200,2064800,1228600,1301300,1324950,46,143,88,0,93,0,46,89,0,0,47,1504,1536,0,89,43,43,1480100,1336100,1336500,2688800,2071800,1397600,1600600,2702800,1540350,46,143,88,0,138,0,91,89,47,46,0,1476,1508,0,89,43,43,1.1625721725348126,0.15063494045316278,28,0.018617021276595744,28,0.018229166666666668,1,0.021739130434782608,228,318,90
680,sealed_evaluation:room-32-32-4:s4:r7,room,room-32-32-4.map,holdout,room-32-32-4-random-4.scen,4,6,7,6,11,7,13,23,32,1988400,1376000,1366600,2127800,1367600,1949900,1380800,1369200,1378400,150,439,204,0,158,7,0,190,0,0,0,0,0,15,190,48,40,1571600,1151600,1365400,1152400,1137500,1129600,1145300,1136000,1148450,32,99,62,0,33,0,0,63,0,0,63,2016,2048,0,63,31,31,1267100,1072100,1100400,1095200,1088000,1436900,1618700,1310400,1183750,32,99,62,0,82,0,49,63,0,0,50,1600,1632,0,63,31,31,1109600,1105100,1103100,1615900,1101900,1744000,1131000,1113900,1111750,32,99,62,0,121,0,88,63,50,40,0,1320,1352,0,63,31,31,0.9391763463569166,-0.06275201510948214,280,0.17499999999999999,280,0.17156862745098039,10,0.20408163265306123,194,272,78
681,sealed_evaluation:room-32-32-4:s4:r8,room,room-32-32-4.map,holdout,room-32-32-4-random-4.scen,4,7,8,9,30,26,7,9,40,1065800,1186300,1059300,2196500,1306700,1066100,1219000,1082700,1134500,105,315,166,0,106,0,0,154,0,0,0,0,0,13,154,62,49,1493300,1511900,1488800,1527000,2810100,1482300,2235600,1516000,1513950,40,126,83,0,41,0,0,84,0,0,84,2688,2720,0,84,44,44,1222600,1215900,1445800,1219700,1584900,1483000,1250500,1576300,1348150,40,126,83,0,91,0,50,84,0,0,51,1632,1664,0,84,44,44,1424900,1862700,1244200,1240100,1233500,1252500,1232300,1904200,1248350,40,126,83,0,130,0,89,84,51,40,0,1324,1356,0,84,44,44,0.92597262915847645,-0.076910602917002122,308,0.18872549019607843,308,0.18509615384615385,11,0.22,225,303,78
682,sealed_evaluation:room-32-32-4:s4:r9,room,room-32-32-4.map,holdout,room-32-32-4-random-4.scen,4,8,9,7,3,6,3,25,33,1532300,829600,831400,921400,836900,1347100,2914000,1157100,1039250,91,259,112,0,95,3,0,110,0,0,0,0,0,3,110,25,23,2148900,1438600,1804000,1197700,1187400,1171500,2571400,2137900,1621300,33,101,64,0,34,0,0,65,0,0,65,2080,2112,0,65,32,32,1543700,1265100,1265600,1653400,1257800,1253700,1956600,2295200,1404650,33,101,64,0,94,0,60,65,0,0,61,1952,1984,0,65,32,32,1092600,1121700,1080500,1632800,1089800,1083800,1966200,1859000,1107150,33,101,64,0,126,0,92,65,61,33,0,1168,1200,0,65,32,32,0.7882034670558502,-0.2379990155302607,784,0.40163934426229508,784,0.39516129032258063,28,0.46666666666666667,219,283,64
683,sealed_evaluation:room-32-32-4:s4:r10,room,room-32-32-4.map,holdout,room-32-32-4-random-4.scen,4,9,10,5,18,11,15,25,25,754400,927600,1080600,757100,745300,797300,755000,746900,756050,81,230,106,0,84,2,0,105,0,0,0,0,0,2,105,24,24,979500,988500,1340600,969000,969900,1781900,969400,978200,978850,25,78,53,0,26,0,0,54,0,0,54,1728,1760,0,54,29,29,845500,1232100,927700,838100,950600,1807800,858100,838600,892900,25,78,53,0,61,0,35,54,0,0,36,1152,1184,0,54,29,29,899300,1130100,1231500,1124200,1064800,1331700,912600,904400,1094500,25,78,53,0,93,0,67,54,36,33,0,1068,1100,0,54,29,29,1.2257811625041999,0.20357832443974697,84,0.072916666666666671,84,0.070945945945945943,3,0.085714285714285715,150,214,64
684,sealed_evaluation:room-32-32-4:s4:r11,room,room-32-32-4.map,holdout,room-32-32-4-random-4.scen,4,10,11,12,14,30,3,0,53,1191200,1179000,2171500,1497200,1478800,2068800,1180700,2281600,1488000,121,351,174,0,122,0,0,163,0,0,0,0,0,12,163,54,42,1835000,1896300,4087900,2759500,2320600,1815600,1806800,2708100,2108450,53,159,100,0,54,0,0,101,0,0,101,3232,3264,0,101,48,48,3244100,1708100,1733900,2275900,1716400,1694400,2338100,1996700,1865300,53,159,100,0,130,0,76,101,0,0,77,2464,2496,0,101,48,48,2945900,1642500,2888300,2888200,1658100,2318700,1642600,1631900,1988400,53,159,100,0,182,0,128,101,77,53,0,1792,1824,0,101,48,48,1.0659947461534338,0.063908397170000658,672,0.27272727272727271,672,0.26923076923076922,24,0.31578947368421051,307,411,104
685,sealed_evaluation:room-32-32-4:s4:r12,room,room-32-32-4.map,holdout,room-32-32-4-random-4.scen,4,11,12,8,26,22,14,1,35,632600,597100,1377500,1692100,508600,825200,497200,493800,614850,47,136,79,0,48,0,0,78,0,0,0,0,0,2,78,33,31,1253800,1818700,3775700,1984700,1112500,1097800,1102000,1098300,1183150,35,104,67,0,36,0,0,68,0,0,68,2176,2208,0,68,33,33,1012000,2625000,1031300,1381200,908800,1025800,1519800,902800,1028550,35,104,67,0,76,0,40,68,0,0,41,1312,1344,0,68,33,33,1122500,1915200,1224400,3681800,1017200,1602900,1040000,1584000,1404200,35,104,67,0,116,0,80,68,41,41,0,1312,1344,0,68,33,33,1.365222886587915,0.31131770218466531,0,0,0,0,0,0,184,264,80
686,sealed_evaluation:room-32-32-4:s4:r13,room,room-32-32-4.map,holdout,room-32-32-4-random-4.scen,4,12,13,9,17,31,24,3,43,1738900,1793000,1719700,2400500,3243000,2747200,2323700,1638300,2058350,195,561,240,0,205,9,0,219,0,0,0,0,0,22,219,38,33,1426400,1388100,1550200,2740700,2543200,2059800,3474800,1398400,1805000,43,132,85,0,44,0,0,86,0,0,86,2752,2784,0,86,43,43,1493200,2144500,2779800,2593600,2106700,1705100,1974900,1514900,2040800,43,132,85,0,124,0,80,86,0,0,81,2592,2624,0,86,43,43,1456300,1683400,1592900,1620800,2452300,2405200,1705900,1483500,1652100,43,132,85,0,180,0,136,86,81,57,0,1920,1952,0,86,43,43,0.80953547628381028,-0.21129468189105613,672,0.25925925925925924,672,0.25609756097560976,24,0.29999999999999999,290,402,112
687,sealed_evaluation:room-32-32-4:s4:r14,room,room-32-32-4.map,holdout,room-32-32-4-random-4.scen,4,13,14,7,19,10,2,27,36,912000,1634800,880000,855700,853400,873400,862500,1078600,876700,87,259,130,0,88,0,0,123,0,0,0,0,0,8,123,44,37,1315100,1297900,1308500,1308700,1299200,1403200,1299100,1626500,1308600,36,112,71,0,37,0,0,72,0,0,72,2304,2336,0,72,36,36,1348200,1345500,1667400,1352300,2450100,1513300,1340400,2078000,1432800,36,112,71,0,101,0,64,72,0,0,65,2080,2112,0,72,36,36,1351100,1348400,1488800,1369900,1672900,1363700,1354200,1854000,1366800,36,112,71,0,150,0,113,72,65,50,0,1660,1692,0,72,36,36,0.95393634840871022,-0.047158330505365255,420,0.20192307692307693,420,0.19886363636363635,15,0.234375,237,335,98
688,sealed_evaluation:room-32-32-4:s4:r15,room,room-32-32-4.map,holdout,room-32-32-4-random-4.scen,4,14,15,3,11,9,5,19,16,318600,315200,318500,375800,883100,315500,329800,449900,324200,30,87,46,0,31,0,0,42,0,0,0,0,0,5,42,17,12,559300,557400,696500,2638400,1134100,689300,571600,896800,692900,16,47,29,0,17,0,0,30,0,0,30,960,992,0,30,14,14,486200,483700,481100,1809000,661400,599400,480700,755000,542800,16,47,29,0,36,0,19,30,0,0,20,640,672,0,30,14,14,520200,496900,492000,1680100,610300,512200,851800,561600,540900,16,47,29,0,51,0,34,30,20,16,0,528,560,0,30,14,14,0.99649963154016208,-0.003506509083332842,112,0.17499999999999999,112,0.16666666666666666,4,0.21052631578947367,85,115,30
689,sealed_evaluation:room-32-32-4:s4:r16,room,room-32-32-4.map,holdout,room-32-32-4-random-4.scen,4,15,16,1,21,14,25,17,9,230100,146500,145400,145400,143900,136800,204400,157600,145950,12,36,20,0,13,0,0,21,0,0,0,0,0,0,21,9,9,411000,362800,363100,363900,362300,373200,515800,520400,368550,9,29,19,0,10,0,0,20,0,0,20,640,672,0,20,11,11,341900,339000,354800,337300,338100,524900,304100,526500,340450,9,29,19,0,24,0,14,20,0,0,15,480,512,0,20,11,11,374500,364900,365500,366800,552100,338700,342400,573500,366150,9,29,19,0,37,0,27,20,15,14,0,452,484,0,20,11,11,1.0754883242766926,0.072774813578103115,28,0.058333333333333334,28,0.0546875,1,0.071428571428571425,58,84,26
690,sealed_evaluation:room-32-32-4:s4:r17,room,room-32-32-4.map,holdout,room-32-32-4-random-4.scen,4,16,17,3,14,7,5,14,16,200500,197200,369100,212400,221200,363800,212700,215500,214100,17,48,31,0,18,0,0,32,0,0,0,0,0,0,32,15,15,574000,524200,601900,586700,581800,675200,598800,581100,584250,17,48,31,0,18,0,0,32,0,0,32,1024,1056,0,32,15,15,407900,404300,405200,449600,688500,518500,704900,453800,451700,17,48,31,0,34,0,16,32,0,0,17,544,576,0,32,15,15,450900,452200,612900,515400,1169700,698900,516700,496600,516050,17,48,31,0,50,0,32,32,17,17,0,544,576,0,32,15,15,1.1424618109364622,0.13318541735138373,0,0,0,0,0,0,82,114,32
691,sealed_evaluation:room-32-32-4:s4:r18,room,room-32-32-4.map,holdout,room-32-32-4-random-4.scen,4,17,18,4,21,2,30,11,20,273800,455500,280100,297000,285800,1116300,274800,263800,282950,24,70,39,0,25,0,0,40,0,0,0,0,0,0,40,16,16,768800,899200,785200,817500,776500,777400,725200,934800,781300,23,70,42,0,24,0,0,43,0,0,43,1376,1408,0,43,20,20,768200,867400,1228300,772800,767100,925800,3274800,701200,820100,23,70,42,0,59,0,35,43,0,0,36,1152,1184,0,43,20,20,891700,1413700,1058600,1259900,785900,1369700,1545000,734800,1159250,23,70,42,0,87,0,63,43,36,29,0,956,988,0,43,20,20,1.4135471283989758,0.34610223922920474,196,0.1701388888888889,196,0.16554054054054054,7,0.20000000000000001,137,193,56
692,sealed_evaluation:room-32-32-4:s4:r19,room,room-32-32-4.map,holdout,room-32-32-4-random-4.scen,4,18,19,10,29,21,8,1,45,3071100,1403500,1501100,1018700,1009900,1418700,1081500,1900800,1411100,110,320,166,0,111,0,0,154,0,0,0,0,0,13,154,57,44,3767800,2345500,1617900,1348100,1343300,2797300,1494400,1613500,1615700,45,130,82,0,46,0,0,83,0,0,83,2656,2688,0,83,38,38,2631900,2183900,1871800,1166600,1179000,1340100,1312200,1314700,1327400,45,130,82,0,100,0,54,83,0,0,55,1760,1792,0,83,38,38,3803800,2246900,1985400,1312000,2516500,1419900,1419200,2502500,2116150,45,130,82,0,152,0,106,83,55,53,0,1704,1736,0,83,38,38,1.594206719903571,0.46637625822270579,56,0.031818181818181815,56,0.03125,2,0.037037037037037035,237,341,104
693,sealed_evaluation:room-32-32-4:s4:r20,room,room-32-32-4.map,holdout,room-32-32-4-random-4.scen,4,19,20,6,21,29,2,31,29,534700,860900,635200,500800,872300,532300,530300,600400,567550,53,154,77,0,54,0,0,78,0,0,0,0,0,0,78,25,25,1117400,2674300,1053500,1666700,1644700,1075600,1079500,1232600,1175000,31,93,59,0,32,0,0,60,0,0,60,1920,1952,0,60,29,29,971900,1798200,1152600,1574500,894900,887300,894300,1067300,1019600,31,93,59,0,68,0,36,60,0,0,37,1184,1216,0,60,29,29,1722300,1528400,1101200,855900,942800,960200,932200,1402300,1030700,31,93,59,0,99,0,67,60,37,32,0,1044,1076,0,60,29,29,1.0108866222047861,0.010827789540786571,140,0.11824324324324324,140,0.11513157894736842,5,0.1388888888888889,164,226,62
694,sealed_evaluation:room-32-32-4:s4:r21,room,room-32-32-4.map,holdout,room-32-32-4-random-4.scen,4,20,21,8,26,1,25,31,37,732500,1049700,1305600,749100,735300,740900,734100,742800,741850,78,223,103,0,82,3,0,93,0,0,0,0,0,11,93,23,15,1295200,1660200,2995800,1278300,1282000,1533600,1929500,2058700,1596900,40,114,70,0,41,0,0,71,0,0,71,2272,2304,0,71,31,31,1629300,3161600,2112000,1318300,2298000,1504800,1340200,2798900,1870650,40,114,70,0,103,0,62,71,0,0,63,2016,2048,0,71,31,31,2126300,2348200,2640900,1859200,2710400,1394600,1400400,1414300,1992750,40,114,70,0,156,0,115,71,63,54,0,1764,1796,0,71,31,31,1.0652714297169432,0.063229630273166665,252,0.125,252,0.123046875,9,0.14516129032258066,236,342,106
695,sealed_evaluation:room-32-32-4:s4:r22,room,room-32-32-4.map,holdout,room-32-32-4-random-4.scen,4,21,22,10,28,14,6,25,49,6045600,4092800,5758900,9376600,3536400,5770800,5052000,4817300,5405450,430,1228,497,0,466,35,0,459,0,0,0,0,0,39,459,48,47,1710900,2760500,1720600,2031500,2272300,3454300,2585100,1801300,2151900,49,147,91,0,50,0,0,92,0,0,92,2944,2976,0,92,43,43,1778400,2740900,1807100,3295600,3042300,3717600,1992400,2254800,2497850,49,147,91,0,135,0,85,92,0,0,86,2752,2784,0,92,43,43,1574900,1579100,1611800,4372700,2625900,3855400,1893500,2110000,2001750,49,147,91,0,183,0,133,92,86,49,0,1716,1748,0,92,43,43,0.8013891947074484,-0.22140856389139341,1036,0.37645348837209303,1036,0.37212643678160917,37,0.43529411764705883,312,408,96
696,sealed_evaluation:room-32-32-4:s4:r23,room,room-32-32-4.map,holdout,room-32-32-4-random-4.scen,4,22,23,7,11,21,16,2,32,953300,1647000,937200,943700,938500,955700,1493900,991200,954500,98,289,142,0,104,5,0,134,0,0,0,0,0,9,134,40,36,1158700,1137300,1141400,1147600,2936700,1567300,1464000,1403800,1281250,32,97,62,0,33,0,0,63,0,0,63,2016,2048,0,63,31,31,1033900,1425100,1082200,1040300,2195800,1312100,1057300,1046000,1069750,32,97,62,0,78,0,45,63,0,0,46,1472,1504,0,63,31,31,1138600,2225600,1148400,1135100,1804300,1222900,1136200,1281700,1185650,32,97,62,0,120,0,87,63,46,43,0,1388,1420,0,63,31,31,1.1083430708109372,0.10286617109519246,84,0.057065217391304345,84,0.055851063829787231,3,0.066666666666666666,186,270,84
697,sealed_evaluation:room-32-32-4:s4:r24,room,room-32-32-4.map,holdout,room-32-32-4-random-4.scen,4,23,24,3,26,14,27,26,13,181600,177700,176500,299200,196100,178100,178000,181700,179850,13,40,27,0,14,0,0,28,0,0,0,0,0,0,28,15,15,508300,511300,1292600,968000,564900,528000,512400,506300,520200,13,40,27,0,14,0,0,28,0,0,28,896,928,0,28,15,15,379000,362800,363300,414700,409400,361700,362200,364800,364050,13,40,27,0,26,0,12,28,0,0,13,416,448,0,28,15,15,401500,403300,436400,569100,484600,404900,401000,399000,404100,13,40,27,0,38,0,24,28,13,13,0,416,448,0,28,15,15,1.1100123609394315,0.10437115124370797,0,0,0,0,0,0,66,90,24
698,sealed_evaluation:room-32-32-4:s4:r25,room,room-32-32-4.map,holdout,room-32-32-4-random-4.scen,4,24,25,2,2,16,9,19,12,174500,174300,209000,196800,211000,175000,174100,173000,174750,14,42,25,0,15,0,0,25,0,0,0,0,0,1,25,12,11,438700,819700,690100,501000,478700,461700,451400,456700,470200,12,36,23,0,13,0,0,24,0,0,24,768,800,0,24,12,12,396200,427300,395000,434700,529100,388800,393600,390800,395600,12,36,23,0,29,0,16,24,0,0,17,544,576,0,24,12,12,380500,382700,389300,578800,416300,383200,381900,381400,382950,12,36,23,0,40,0,27,24,17,12,0,404,436,0,24,12,12,0.96802325581395354,-0.03249916739295447,140,0.25735294117647056,140,0.24305555555555555,5,0.3125,69,91,22
699,sealed_evaluation:room-32-32-4:s4:r26,room,room-32-32-4.map,holdout,room-32-32-4-random-4.scen,4,25,26,2,6,13,9,7,13,1554100,371400,363100,336200,351000,648700,436500,342000,367250,33,99,51,0,34,0,0,49,0,0,0,0,0,3,49,19,16,2239600,1248600,519900,716900,525900,511800,654700,538500,596600,13,41,27,0,14,0,0,28,0,0,28,896,928,0,28,15,15,1563900,661500,477100,462900,444600,443200,573300,442700,470000,13,41,27,0,32,0,18,28,0,0,19,608,640,0,28,15,15,1129700,478800,461700,421600,429200,561200,484600,440000,470250,13,41,27,0,44,0,30,28,19,13,0,440,472,0,28,15,15,1.0005319148936169,0.00053177347703540091,168,0.27631578947368424,168,0.26250000000000001,6,0.33333333333333331,78,102,24
700,sealed_evaluation:warehouse-10-20-10-2-2:s1:r2,warehouse,warehouse-10-20-10-2-2.map,holdout,warehouse-10-20-10-2-2-random-1.scen,1,1,2,9,151,21,145,57,42,692000,1244300,643900,647200,1126600,638400,1135000,649500,670750,42,168,126,0,43,0,0,127,0,0,0,0,0,0,127,85,85,2189400,2142500,2345200,2127300,3693700,2173100,3168400,2147500,2181250,42,168,126,0,43,0,0,127,0,0,127,4064,4096,0,127,85,85,1472200,1241400,2207600,1233700,1299100,1224800,1226800,1238400,1239900,42,168,126,0,84,0,41,127,0,0,42,1344,1376,0,127,85,85,1516000,1957000,1432200,1374500,1850300,1353100,2209600,1645600,1580800,42,168,126,0,125,0,82,127,42,42,0,1344,1376,0,127,85,85,1.2749415275425438,0.24290031680780699,0,0,0,0,0,0,252,334,82
701,sealed_evaluation:warehouse-10-20-10-2-2:s1:r3,warehouse,warehouse-10-20-10-2-2.map,holdout,warehouse-10-20-10-2-2-random-1.scen,1,2,3,13,6,32,48,8,66,1169200,3455100,3022600,2312500,2548000,2379700,2087900,2300500,2346100,88,329,219,0,89,0,0,202,0,0,0,0,0,18,202,132,114,3506500,7524600,6846000,3770700,6668700,3788700,8414500,4466400,5567550,88,329,219,0,89,0,0,202,0,0,202,6464,6496,18,202,132,114,2361800,4551300,12096700,3244400,2974800,3570200,4541300,3036300,3407300,88,329,219,0,176,0,87,202,0,0,88,2816,2848,18,202,132,114,4961900,5984600,6838900,5357300,2716400,4941900,5035100,5058300,5046700,88,329,219,0,263,0,174,202,88,88,0,2816,2848,18,202,132,114,1.4811434273471664,0.39281437553043475,0,0,0,0,0,0,483,657,174
702,sealed_evaluation:warehouse-10-20-10-2-2:s1:r4,warehouse,warehouse-10-20-10-2-2.map,holdout,warehouse-10-20-10-2-2-random-1.scen,1,3,4,41,2,74,166,82,172,5526800,3179000,7892500,2557400,2534800,2471500,2643900,2525600,2600650,172,588,416,0,173,0,0,417,0,0,0,0,0,0,417,245,245,14152100,7570800,9760600,9194700,10192600,7407800,9258800,9779200,9509700,172,588,416,0,173,0,0,417,0,0,417,13344,13376,0,417,245,245,4994900,7985300,6472900,5624200,5007100,8142700,6127500,4917100,5875850,172,588,416,0,344,0,171,417,0,0,172,5504,5536,0,417,245,245,8359500,5467500,6364000,7479800,7932900,5504600,5491300,4982000,5934300,172,588,416,0,515,0,342,417,172,172,0,5504,5536,0,417,245,245,1.009947496957887,0.0098983462919813164,0,0,0,0,0,0,932,1274,342
703,sealed_evaluation:warehouse-10-20-10-2-2:s1:r5,warehouse,warehouse-10-20-10-2-2.map,holdout,warehouse-10-20-10-2-2-random-1.scen,1,4,5,13,60,40,109,45,54,708100,834000,712400,1071400,878800,708800,698300,1087800,773200,54,172,117,0,55,0,0,118,0,0,0,0,0,0,118,64,64,2103600,2088500,2105500,6731500,1941600,2612200,2720000,3360200,2358850,54,172,117,0,55,0,0,118,0,0,118,3776,3808,0,118,64,64,1466200,2089400,2243300,1700000,1353200,2575400,1478600,1680100,1690050,54,172,117,0,108,0,53,118,0,0,54,1728,1760,0,118,64,64,1619500,2351000,1698200,1628300,2037400,1902800,1627800,1670300,1684250,54,172,117,0,161,0,106,118,54,54,0,1728,1760,0,118,64,64,0.99656814887133516,-0.0034377534375153928,0,0,0,0,0,0,279,385,106
704,sealed_evaluation:warehouse-10-20-10-2-2:s1:r6,warehouse,warehouse-10-20-10-2-2.map,holdout,warehouse-10-20-10-2-2-random-1.scen,1,5,6,10,125,5,101,25,44,1737800,1867500,1138200,1381100,1131100,1556700,1124600,1162700,1271900,114,356,172,0,115,0,0,173,0,0,0,0,0,0,173,59,59,2949200,4292900,3176800,3603100,4230400,3133000,4396800,3201000,3402050,114,356,172,0,115,0,0,173,0,0,173,5536,5568,0,173,59,59,2845200,3738700,3184300,2818200,4182600,2703100,2759100,2873200,2859200,114,356,172,0,228,0,113,173,0,0,114,3648,3680,0,173,59,59,4612600,4039400,3129000,5151300,3068500,6078500,3045000,4147000,4093200,114,356,172,0,341,0,226,173,114,114,0,3648,3680,0,173,59,59,1.4315892557358703,0.35878519480743681,0,0,0,0,0,0,514,740,226
705,sealed_evaluation:warehouse-10-20-10-2-2:s1:r7,warehouse,warehouse-10-20-10-2-2.map,holdout,warehouse-10-20-10-2-2-random-1.scen,1,6,7,24,100,18,25,48,105,1424000,1386600,2579000,4580000,1381900,1399400,2692300,1791200,1607600,105,342,238,0,106,0,0,239,0,0,0,0,0,0,239,134,134,5724900,4536300,5358300,7073500,6708900,4806000,4528400,7396100,5541600,105,342,238,0,106,0,0,239,0,0,239,7648,7680,0,239,134,134,3582500,4499200,3109700,2957800,3298400,3626100,2886800,2886200,3204050,105,342,238,0,210,0,104,239,0,0,105,3360,3392,0,239,134,134,3903500,3522100,3229500,3860300,3208400,3650900,4550800,3178000,3586500,105,342,238,0,314,0,208,239,105,105,0,3360,3392,0,239,134,134,1.1193645542360451,0.1127611620068702,0,0,0,0,0,0,553,761,208
706,sealed_evaluation:warehouse-10-20-10-2-2:s1:r8,warehouse,warehouse-10-20-10-2-2.map,holdout,warehouse-10-20-10-2-2-random-1.scen,1,7,8,40,17,32,162,1,176,4143000,3672800,3453300,2407300,2537300,2885200,3053300,2474300,2969250,176,559,383,0,177,0,0,384,0,0,0,0,0,0,384,208,208,7845000,7746800,9629800,9422200,7788200,13334300,7543300,9688600,8633600,176,559,383,0,177,0,0,384,0,0,384,12288,12320,0,384,208,208,6286700,7185200,5300100,6438800,4964500,8248600,4958300,4991200,5793400,176,559,383,0,352,0,175,384,0,0,176,5632,5664,0,384,208,208,7370900,8372800,6838900,7484100,8051600,7146900,8093900,7988900,7736500,176,559,383,0,527,0,350,384,176,176,0,5632,5664,0,384,208,208,1.335398902199054,0.28923005036480254,0,0,0,0,0,0,911,1261,350
707,sealed_evaluation:warehouse-10-20-10-2-2:s1:r9,warehouse,warehouse-10-20-10-2-2.map,holdout,warehouse-10-20-10-2-2-random-1.scen,1,8,9,22,76,77,148,51,98,1441800,1495000,1605300,1455500,1860700,1466500,2090400,1448100,1480750,118,380,241,0,119,0,0,242,0,0,0,0,0,0,242,124,124,8606900,6413400,4271900,6505700,4271900,4508000,6137500,5337900,5737700,114,368,237,0,115,0,0,238,0,0,238,7616,7648,0,238,124,124,4979500,4377700,3121200,3176700,4274000,3295500,3167200,4236500,3766000,114,368,237,0,230,0,115,238,0,0,116,3712,3744,0,238,124,124,5719200,7029400,8275400,3663000,4573500,5238400,3450200,3576900,4905950,114,368,237,0,345,0,230,238,116,116,0,3712,3744,0,238,124,124,1.3026951672862455,0.26443532394728236,0,0,0,0,0,0,583,813,230
708,sealed_evaluation:warehouse-10-20-10-2-2:s1:r10,warehouse,warehouse-10-20-10-2-2.map,holdout,warehouse-10-20-10-2-2-random-1.scen,1,9,10,34,57,21,154,75,151,2219800,2481900,3079300,2224200,3718500,2061100,2208800,2256500,2240350,151,531,380,0,152,0,0,381,0,0,0,0,0,0,381,230,230,7932700,11200700,7073400,7059800,15280800,9282600,9099200,8270800,8685000,151,531,380,0,152,0,0,381,0,0,381,12192,12224,0,381,230,230,5720000,4433700,4483500,6284500,4792700,6208400,7012700,4402000,5256350,151,531,380,0,302,0,150,381,0,0,151,4832,4864,0,381,230,230,4924900,7043200,6842800,7436500,6291600,5660000,5124900,4891100,5975800,151,531,380,0,452,0,300,381,151,151,0,4832,4864,0,381,230,230,1.1368725446364873,0.12828111053991287,0,0,0,0,0,0,833,1133,300
709,sealed_evaluation:warehouse-10-20-10-2-2:s1:r11,warehouse,warehouse-10-20-10-2-2.map,holdout,warehouse-10-20-10-2-2-random-1.scen,1,10,11,39,3,70,117,5,179,5130400,2729400,3527200,2635800,5432600,7352800,2650700,4169600,3848400,179,639,460,0,180,0,0,461,0,0,0,0,0,0,461,282,282,7903700,10721900,9964100,13694500,14620500,9570200,10379400,7770600,10171750,179,639,460,0,180,0,0,461,0,0,461,14752,14784,0,461,282,282,6432100,6247300,5839200,6602900,8460600,6455200,8851100,6873100,6529050,179,639,460,0,358,0,178,461,0,0,179,5728,5760,0,461,282,282,6010500,7587300,7636800,6567600,7995300,6756600,6951300,5663300,6853950,179,639,460,0,536,0,356,461,179,179,0,5728,5760,0,461,282,282,1.0497622165552416,0.048563678099818902,0,0,0,0,0,0,997,1353,356
710,sealed_evaluation:warehouse-10-20-10-2-2:s1:r12,warehouse,warehouse-10-20-10-2-2.map,holdout,warehouse-10-20-10-2-2-random-1.scen,1,11,12,14,90,1,58,30,61,1132000,1009500,1034200,1852600,1399300,1784900,1025400,1705700,1265650,89,281,164,0,90,0,0,165,0,0,0,0,0,0,165,76,76,3201500,3692200,2944900,4705300,3709500,2978700,2920100,3026700,3114100,89,281,164,0,90,0,0,165,0,0,165,5280,5312,0,165,76,76,2265000,3214100,5843900,3273300,4139500,2265800,3660400,2287500,3243700,89,281,164,0,178,0,88,165,0,0,89,2848,2880,0,165,76,76,4161800,2545800,3461900,3059900,2598300,3460900,2998700,3354400,3207150,89,281,164,0,266,0,176,165,89,89,0,2848,2880,0,165,76,76,0.98873200357616298,-0.011331961253109984,0,0,0,0,0,0,431,607,176
711,sealed_evaluation:warehouse-10-20-10-2-2:s1:r13,warehouse,warehouse-10-20-10-2-2.map,holdout,warehouse-10-20-10-2-2-random-1.scen,1,12,13,42,3,76,155,35,193,4847500,6069300,3588200,3567300,4268100,5950200,4632700,3598400,4450400,275,960,602,0,276,0,0,561,0,0,0,0,0,42,561,328,286,12270100,19234100,15199700,13402400,14074600,13068800,11030800,17142900,13738500,275,960,602,0,276,0,0,561,0,0,561,17952,17984,42,561,328,286,8021800,9589900,9380100,9382900,7700700,8070500,8437400,11451800,8908750,275,960,602,0,550,0,274,561,0,0,275,8800,8832,42,561,328,286,11025200,9523000,10406200,11373800,11098100,12451500,17312700,10589500,11061650,275,960,602,0,824,0,548,561,275,275,0,8800,8832,42,561,328,286,1.2416612880594922,0.21645023138986363,0,0,0,0,0,0,1427,1975,548
712,sealed_evaluation:warehouse-10-20-10-2-2:s1:r14,warehouse,warehouse-10-20-10-2-2.map,holdout,warehouse-10-20-10-2-2-random-1.scen,1,13,14,13,61,26,22,45,58,1487600,1600000,1654500,1579500,1545900,818700,798600,789200,1516750,58,202,144,0,59,0,0,145,0,0,0,0,0,0,145,87,87,4716800,2772200,5075200,4095300,4531100,4146700,3433800,2271700,4121000,58,202,144,0,59,0,0,145,0,0,145,4640,4672,0,145,87,87,2407500,2170000,3104100,3844500,2892400,1718200,1644600,1484600,2288750,58,202,144,0,116,0,57,145,0,0,58,1856,1888,0,145,87,87,2174500,3813200,2534100,3391500,2197600,1789300,1791000,2703100,2365850,58,202,144,0,173,0,114,145,58,58,0,1856,1888,0,145,87,87,1.0336865101037684,0.033131548399543367,0,0,0,0,0,0,318,432,114
713,sealed_evaluation:warehouse-10-20-10-2-2:s1:r15,warehouse,warehouse-10-20-10-2-2.map,holdout,warehouse-10-20-10-2-2-random-1.scen,1,14,15,22,37,1,100,33,95,2463800,1983000,1663600,2497500,1610600,1614400,1603100,1678400,1671000,143,445,254,0,144,0,0,255,0,0,0,0,0,0,255,112,112,5118100,5205200,5377300,5591100,5781300,4651700,4608400,4585100,5161650,143,445,254,0,144,0,0,255,0,0,255,8160,8192,0,255,112,112,4361300,4781800,4149800,3711300,4249800,5651100,5021000,3568900,4305550,143,445,254,0,286,0,142,255,0,0,143,4576,4608,0,255,112,112,7931900,5012300,5078200,3705600,3962600,4134900,5772000,6181900,5045250,143,445,254,0,428,0,284,255,143,143,0,4576,4608,0,255,112,112,1.1718015120019509,0.15854231845196429,0,0,0,0,0,0,683,967,284
714,sealed_evaluation:warehouse-10-20-10-2-2:s1:r16,warehouse,warehouse-10-20-10-2-2.map,holdout,warehouse-10-20-10-2-2-random-1.scen,1,15,16,24,96,65,9,45,107,3259800,1439100,1559100,1797800,1432800,1483500,1431500,1351100,1461300,107,358,251,0,108,0,0,252,0,0,0,0,0,0,252,145,145,5802600,5572400,6106600,5627700,4653900,4881600,7831200,6296800,5715150,107,358,251,0,108,0,0,252,0,0,252,8064,8096,0,252,145,145,3211000,4401800,2969500,3700800,3604800,2989500,3250000,3368600,3309300,107,358,251,0,214,0,106,252,0,0,107,3424,3456,0,252,145,145,6508800,4993000,3472600,3627700,4581200,5335400,3284000,6104000,4787100,107,358,251,0,320,0,212,252,107,107,0,3424,3456,0,252,145,145,1.4465596954038618,0.36918811344104552,0,0,0,0,0,0,572,784,212
715,sealed_evaluation:warehouse-10-20-10-2-2:s1:r17,warehouse,warehouse-10-20-10-2-2.map,holdout,warehouse-10-20-10-2-2-random-1.scen,1,16,17,23,60,2,26,66,98,4762300,5165500,4228200,4197100,6747300,4614900,4292900,5822800,4688600,408,1260,552,0,409,0,0,553,0,0,0,0,0,0,553,145,145,10685200,11568000,11523200,12514000,14496700,13929000,12536000,19028700,12525000,390,1206,539,0,391,0,0,540,0,0,540,17280,17312,0,540,150,150,10995900,11696000,11155500,11808200,10042000,11578300,11843400,11935700,11637150,390,1206,539,0,788,0,397,540,0,0,398,12736,12768,0,540,150,150,12852600,12119000,14041000,11803200,13748300,16599500,12187300,12272200,12562400,390,1206,539,0,1185,0,794,540,398,398,0,12736,12768,0,540,150,150,1.0795082988532416,0.076505658625659043,0,0,0,0,0,0,1725,2519,794
716,sealed_evaluation:warehouse-10-20-10-2-2:s1:r18,warehouse,warehouse-10-20-10-2-2.map,holdout,warehouse-10-20-10-2-2-random-1.scen,1,17,18,33,164,51,34,62,141,2185600,2081700,3239600,2100600,1998700,2410400,2154900,3769700,2170250,149,490,332,0,150,0,0,333,0,0,0,0,0,0,333,184,184,6085900,5272100,8366800,8013300,8437700,9388800,11263600,9281200,8402250,149,490,332,0,150,0,0,333,0,0,333,10656,10688,0,333,184,184,4239700,4969300,5121100,4237900,4172200,5405800,4810800,7188200,4890050,149,490,332,0,298,0,148,333,0,0,149,4768,4800,0,333,184,184,6309400,7780200,8679000,4589900,9108900,4639900,6749500,8890100,7264850,149,490,332,0,446,0,296,333,149,149,0,4768,4800,0,333,184,184,1.4856392061430865,0.39584512148834289,0,0,0,0,0,0,779,1075,296
717,sealed_evaluation:warehouse-10-20-10-2-2:s1:r19,warehouse,warehouse-10-20-10-2-2.map,holdout,warehouse-10-20-10-2-2-random-1.scen,1,18,19,17,151,71,85,76,71,1585900,1899900,1195200,1983800,1234300,1251100,1004900,969000,1242700,71,231,159,0,72,0,0,160,0,0,0,0,0,0,160,89,89,3869600,4393700,3746500,3847800,3843200,5435100,4571300,2822500,3858700,71,231,159,0,72,0,0,160,0,0,160,5120,5152,0,160,89,89,2620000,3925000,4375000,2573800,3986800,3871200,2378900,1929900,3245600,71,231,159,0,142,0,70,160,0,0,71,2272,2304,0,160,89,89,3026000,4226400,3058500,3463500,4314700,2982800,2462000,2738100,3042250,71,231,159,0,212,0,140,160,71,71,0,2272,2304,0,160,89,89,0.93734594527976334,-0.064702859675328087,0,0,0,0,0,0,372,512,140
718,sealed_evaluation:warehouse-10-20-10-2-2:s1:r20,warehouse,warehouse-10-20-10-2-2.map,holdout,warehouse-10-20-10-2-2-random-1.scen,1,19,20,38,161,30,21,56,166,2396200,2742900,3970600,3384200,3378100,3060000,4182500,3411000,3381150,166,564,398,0,167,0,0,399,0,0,0,0,0,0,399,233,233,8992800,11859100,9322400,11067700,10323300,13203000,10904200,7866800,10613750,166,564,398,0,167,0,0,399,0,0,399,12768,12800,0,399,233,233,5241400,5920900,5484600,8227900,9717400,6621800,6652300,10560700,6637050,166,564,398,0,332,0,165,399,0,0,166,5312,5344,0,399,233,233,11880800,6248000,7452900,9674500,8695900,9287600,9643500,7663900,8991750,166,564,398,0,497,0,330,399,166,166,0,5312,5344,0,399,233,233,1.3547811151038489,0.30363990261414203,0,0,0,0,0,0,896,1226,330
719,sealed_evaluation:warehouse-10-20-10-2-2:s1:r21,warehouse,warehouse-10-20-10-2-2.map,holdout,warehouse-10-20-10-2-2-random-1.scen,1,20,21,41,158,14,2,39,181,2436100,2714200,3266000,3950700,3012500,3388300,5057100,3834400,3327150,181,624,443,0,182,0,0,444,0,0,0,0,0,0,444,263,263,13329000,10726600,10620800,8081100,9903800,15740700,11395400,13309400,11061000,181,624,443,0,182,0,0,444,0,0,444,14208,14240,0,444,263,263,6827000,5679800,5862600,7528800,6179200,10351200,9162300,11060300,7177900,181,624,443,0,362,0,180,444,0,0,181,5792,5824,0,444,263,263,5772600,8997800,11394600,9098100,8056100,9845200,7800500,9712500,9047950,181,624,443,0,542,0,360,444,181,181,0,5792,5824,0,444,263,263,1.2605288454840553,0.2315313515442968,0,0,0,0,0,0,986,1346,360
720,sealed_evaluation:warehouse-10-20-10-2-2:s1:r22,warehouse,warehouse-10-20-10-2-2.map,holdout,warehouse-10-20-10-2-2-random-1.scen,1,21,22,35,43,10,141,62,150,11118000,6158200,6112500,6877100,5176200,7184500,6668200,6293700,6480950,350,1091,549,0,351,0,0,550,0,0,0,0,0,0,550,200,200,17569900,18441800,15511700,18088300,11995700,13264800,16159600,19626900,16864750,328,1025,527,0,329,0,0,528,0,0,528,16896,16928,0,528,200,200,36999100,16321400,16886100,10867600,10657000,12009800,16673400,13413700,14867550,328,1025,527,0,660,0,331,528,0,0,332,10624,10656,0,528,200,200,12812500,17724300,14427800,13770400,11637100,14477900,19229000,17434600,14452850,328,1025,527,0,991,0,662,528,332,332,0,10624,10656,0,528,200,200,0.97210703848313951,-0.028289358688434824,0,0,0,0,0,0,1519,2181,662
721,sealed_evaluation:warehouse-10-20-10-2-2:s1:r23,warehouse,warehouse-10-20-10-2-2.map,holdout,warehouse-10-20-10-2-2-random-1.scen,1,22,23,16,11,25,40,73,77,2143500,2129400,1788100,1553800,3220800,2625500,2513000,3240200,2328250,149,488,267,0,150,0,0,268,0,0,0,0,0,0,268,119,119,9654100,5922600,8786600,4884300,7464900,7856200,6991000,9153400,7660550,145,476,263,0,146,0,0,264,0,0,264,8448,8480,0,264,119,119,4388100,4493200,5911800,10377000,3835600,5921800,5150600,5202600,5176600,145,476,263,0,292,0,146,264,0,0,147,4704,4736,0,264,119,119,8043700,8701300,6271700,4330000,7760700,7590500,7368600,8256400,7675600,145,476,263,0,438,0,292,264,147,147,0,4704,4736,0,264,119,119,1.4827492949039911,0.39389799620395466,0,0,0,0,0,0,702,994,292
722,sealed_evaluation:warehouse-10-20-10-2-2:s1:r24,warehouse,warehouse-10-20-10-2-2.map,holdout,warehouse-10-20-10-2-2-random-1.scen,1,23,24,17,64,29,2,51,84,2081900,1109800,1116700,1198100,3137900,1235200,1201800,2024800,1218500,84,303,219,0,85,0,0,220,0,0,0,0,0,0,220,136,136,8818300,5163800,4576900,3834600,5273200,7227800,4717500,3627600,4940650,84,303,219,0,85,0,0,220,0,0,220,7040,7072,0,220,136,136,3874100,3977800,2183800,3256000,2409400,2507600,4081000,2563400,2909700,84,303,219,0,168,0,83,220,0,0,84,2688,2720,0,220,136,136,3782400,3528600,2399300,3545000,4565600,3617200,3569600,3289800,3557300,84,303,219,0,251,0,166,220,84,84,0,2688,2720,0,220,136,136,1.2225659002646321,0.20095184706094421,0,0,0,0,0,0,471,637,166
723,sealed_evaluation:warehouse-10-20-10-2-2:s1:r25,warehouse,warehouse-10-20-10-2-2.map,holdout,warehouse-10-20-10-2-2-random-1.scen,1,24,25,14,72,5,21,18,64,1411000,1175200,889400,865800,1208300,877000,866700,870000,883200,64,216,152,0,65,0,0,153,0,0,0,0,0,0,153,89,89,3091400,2672500,2700000,3468900,3349500,3742300,3354200,2681200,3220450,64,216,152,0,65,0,0,153,0,0,153,4896,4928,0,153,89,89,2005600,1775700,1804000,1899800,1962400,3058500,1786800,1775400,1851900,64,216,152,0,128,0,63,153,0,0,64,2048,2080,0,153,89,89,1962000,2622900,2423300,1956100,1974900,2310800,1955200,3281300,2142850,64,216,152,0,191,0,126,153,64,64,0,2048,2080,0,153,89,89,1.1571089151682057,0.14592457962218508,0,0,0,0,0,0,344,470,126
724,sealed_evaluation:warehouse-10-20-10-2-2:s1:r26,warehouse,warehouse-10-20-10-2-2.map,holdout,warehouse-10-20-10-2-2-random-1.scen,1,25,26,33,33,29,163,24,135,3202100,3729000,3812200,2702500,3905100,1979800,2067000,1969900,2952300,153,498,326,0,154,0,0,327,0,0,0,0,0,0,327,174,174,9938600,9198600,9269600,8557900,8882200,6810000,7952300,8829100,8855650,153,498,326,0,154,0,0,327,0,0,327,10464,10496,0,327,174,174,7281700,7627500,6819300,8287000,6048200,4843200,6730400,4198700,6774850,153,498,326,0,306,0,152,327,0,0,153,4896,4928,0,327,174,174,8526900,8314900,7724600,7251900,8519300,4796400,4771300,4671700,7488250,153,498,326,0,458,0,304,327,153,153,0,4896,4928,0,327,174,174,1.1053012243813516,0.10011789907083839,0,0,0,0,0,0,785,1089,304
725,sealed_evaluation:warehouse-10-20-10-2-2:s2:r2,warehouse,warehouse-10-20-10-2-2.map,holdout,warehouse-10-20-10-2-2-random-2.scen,2,1,2,7,31,74,8,60,37,1711800,1033100,535200,564900,651900,589900,529900,987200,620900,37,134,96,0,38,0,0,97,0,0,0,0,0,0,97,60,60,3686300,2625900,1681800,1692400,2321500,1711300,1765200,2810200,2043350,37,134,96,0,38,0,0,97,0,0,97,3104,3136,0,97,60,60,1427300,1492800,1199700,1072700,1211700,1143500,1322300,1558700,1267000,37,134,96,0,74,0,36,97,0,0,37,1184,1216,0,97,60,60,1907500,2704800,1236500,1383200,1285600,1355500,1181300,1776700,1369350,37,134,96,0,110,0,72,97,37,37,0,1184,1216,0,97,60,60,1.0807813733228098,0.077684273358060399,0,0,0,0,0,0,207,279,72
726,sealed_evaluation:warehouse-10-20-10-2-2:s2:r3,warehouse,warehouse-10-20-10-2-2.map,holdout,warehouse-10-20-10-2-2-random-2.scen,2,2,3,15,79,5,18,9,65,862000,858900,1207400,861700,1011900,1271700,861300,856900,861850,65,214,149,0,66,0,0,150,0,0,0,0,0,0,150,85,85,2670700,3236800,2717900,2643300,3067200,2632300,2634400,3755000,2694300,65,214,149,0,66,0,0,150,0,0,150,4800,4832,0,150,85,85,2669900,1803600,2274800,2242100,1790900,1777600,2371800,2534500,2258450,65,214,149,0,130,0,64,150,0,0,65,2080,2112,0,150,85,85,2932400,1982500,3181100,1978900,1986600,2494900,1994300,1984800,1990450,65,214,149,0,194,0,128,150,65,65,0,2080,2112,0,150,85,85,0.88133454360291352,-0.12631799345391659,0,0,0,0,0,0,344,472,128
727,sealed_evaluation:warehouse-10-20-10-2-2:s2:r4,warehouse,warehouse-10-20-10-2-2.map,holdout,warehouse-10-20-10-2-2-random-2.scen,2,3,4,22,118,25,166,82,105,1560100,1586200,2094800,2430800,2627000,2669300,2314600,3221900,2372700,105,398,293,0,106,0,0,294,0,0,0,0,0,0,294,189,189,5190600,5258900,8844100,6968500,8639100,7918400,10409000,9973800,8278750,105,398,293,0,106,0,0,294,0,0,294,9408,9440,0,294,189,189,4213100,3943500,3134100,5050600,4798400,6436000,4807800,6376800,4803100,105,398,293,0,210,0,104,294,0,0,105,3360,3392,0,294,189,189,4982400,4750500,5101600,5824100,5574400,6823200,4849400,6893700,5338000,105,398,293,0,314,0,208,294,105,105,0,3360,3392,0,294,189,189,1.1113655763985759,0.105589508195752,0,0,0,0,0,0,608,816,208
728,sealed_evaluation:warehouse-10-20-10-2-2:s2:r5,warehouse,warehouse-10-20-10-2-2.map,holdout,warehouse-10-20-10-2-2-random-2.scen,2,4,5,31,22,22,132,47,135,1914500,1801100,3155900,3764600,2564800,3548200,4125600,2587400,2871650,135,438,304,0,136,0,0,305,0,0,0,0,0,0,305,170,170,5447800,6191500,11579100,10991800,6544700,10583800,10795000,7604200,9094000,135,438,304,0,136,0,0,305,0,0,305,9760,9792,0,305,170,170,5940600,5507400,4024400,6838200,6483500,6467600,7675300,6007900,6237750,135,438,304,0,270,0,134,305,0,0,135,4320,4352,0,305,170,170,4890900,4332700,6936300,7615700,6778800,9080100,7420500,8079700,7178400,135,438,304,0,404,0,268,305,135,135,0,4320,4352,0,305,170,170,1.1507995671516171,0.14045697656694134,0,0,0,0,0,0,709,977,268
729,sealed_evaluation:warehouse-10-20-10-2-2:s2:r6,warehouse,warehouse-10-20-10-2-2.map,holdout,warehouse-10-20-10-2-2-random-2.scen,2,5,6,41,167,4,10,30,183,3079500,2656800,3472800,4643600,4280200,4925000,4155500,3796000,3975750,183,631,447,0,184,0,0,448,0,0,0,0,0,0,448,265,265,12279700,8542100,12082500,14305200,11575000,11915700,10394800,7954400,11745350,183,631,447,0,184,0,0,448,0,0,448,14336,14368,0,448,265,265,5696700,7339900,13372300,6441800,8844500,8451700,7013500,7975300,7657600,183,631,447,0,366,0,182,448,0,0,183,5856,5888,0,448,265,265,8278400,6416900,12411300,8393200,9089500,8237200,10441400,5966600,8335800,183,631,447,0,548,0,364,448,183,183,0,5856,5888,0,448,265,265,1.0885656080234016,0.084860873668816825,0,0,0,0,0,0,996,1360,364
730,sealed_evaluation:warehouse-10-20-10-2-2:s2:r7,warehouse,warehouse-10-20-10-2-2.map,holdout,warehouse-10-20-10-2-2-random-2.scen,2,6,7,12,42,62,69,37,52,645900,739000,1114900,730800,701400,696900,692200,830800,716100,52,172,119,0,53,0,0,120,0,0,0,0,0,0,120,68,68,1863400,2242800,2529700,2182100,2121300,3160600,2719600,2364100,2303450,52,172,119,0,53,0,0,120,0,0,120,3840,3872,0,120,68,68,1912700,1463300,1537600,1615400,1430000,1496600,1431800,1461800,1479950,52,172,119,0,104,0,51,120,0,0,52,1664,1696,0,120,68,68,3131200,2187200,1639000,1848000,2675700,1925000,1585500,2893400,2056100,52,172,119,0,155,0,102,120,52,52,0,1664,1696,0,120,68,68,1.3893036926923208,0.3288026811208638,0,0,0,0,0,0,275,377,102
731,sealed_evaluation:warehouse-10-20-10-2-2:s2:r8,warehouse,warehouse-10-20-10-2-2.map,holdout,warehouse-10-20-10-2-2-random-2.scen,2,7,8,27,95,5,160,65,125,2493800,2520300,2373200,3628700,2588000,1901500,3189800,2463800,2507050,125,459,334,0,126,0,0,335,0,0,0,0,0,0,335,210,210,6851100,5961900,8158300,6152400,6418600,9546400,6259500,9658900,6634850,125,459,334,0,126,0,0,335,0,0,335,10720,10752,0,335,210,210,3669200,3690400,3720400,4043000,3625100,5365700,3869100,7440200,3794750,125,459,334,0,250,0,124,335,0,0,125,4000,4032,0,335,210,210,5455400,6213600,4242300,4368400,5331800,4562500,4891400,4510400,4726950,125,459,334,0,374,0,248,335,125,125,0,4000,4032,0,335,210,210,1.2456551815007577,0.21966164169700614,0,0,0,0,0,0,709,957,248
732,sealed_evaluation:warehouse-10-20-10-2-2:s2:r9,warehouse,warehouse-10-20-10-2-2.map,holdout,warehouse-10-20-10-2-2-random-2.scen,2,8,9,19,103,66,164,33,94,1513900,1807400,2042700,1914600,2177200,2601700,1956600,2318900,1999650,94,324,229,0,95,0,0,230,0,0,0,0,0,0,230,136,136,5609600,6986800,5664800,5321200,5708100,6206300,6144400,5974700,5841400,94,324,229,0,95,0,0,230,0,0,230,7360,7392,0,230,136,136,2727800,3390400,4087800,4764300,3672300,4535500,5230700,4612200,4311650,94,324,229,0,188,0,93,230,0,0,94,3008,3040,0,230,136,136,2914200,3628100,4002500,4419300,5809700,5685300,5134900,5080000,4749650,94,324,229,0,281,0,186,230,94,94,0,3008,3040,0,230,136,136,1.1015852399893313,0.096750269640049458,0,0,0,0,0,0,511,697,186
733,sealed_evaluation:warehouse-10-20-10-2-2:s2:r10,warehouse,warehouse-10-20-10-2-2.map,holdout,warehouse-10-20-10-2-2-random-2.scen,2,9,10,19,91,57,168,57,77,2047200,1198500,1193800,1223900,1188100,1478100,5103700,1090700,1211200,77,263,187,0,78,0,0,188,0,0,0,0,0,0,188,111,111,6507500,6275300,3684700,7786800,3956200,4552700,7528100,3503900,5414000,77,263,187,0,78,0,0,188,0,0,188,6016,6048,0,188,111,111,3803000,3981700,3343900,2852500,7129500,4420700,2946300,2154900,3573450,77,263,187,0,154,0,76,188,0,0,77,2464,2496,0,188,111,111,4769000,4441500,3948300,2651900,2869200,3996300,5297200,2955000,3972300,77,263,187,0,230,0,152,188,77,77,0,2464,2496,0,188,111,111,1.1116148260084793,0.10581375633638156,0,0,0,0,0,0,418,570,152
734,sealed_evaluation:warehouse-10-20-10-2-2:s2:r11,warehouse,warehouse-10-20-10-2-2.map,holdout,warehouse-10-20-10-2-2-random-2.scen,2,10,11,31,120,17,13,47,137,2015400,1893800,1890500,1893800,1896600,4164300,2713800,1933700,1915150,137,468,331,0,138,0,0,332,0,0,0,0,0,0,332,195,195,6701400,6204600,8025700,8507400,7531300,7954300,11213500,5977200,7742800,137,468,331,0,138,0,0,332,0,0,332,10624,10656,0,332,195,195,6860200,5341400,4713400,6033500,3977600,4039800,4068500,6814800,5027400,137,468,331,0,274,0,136,332,0,0,137,4384,4416,0,332,195,195,4490500,4895500,7241500,4797100,4322500,4446200,4292900,7060900,4643800,137,468,331,0,410,0,272,332,137,137,0,4384,4416,0,332,195,195,0.92369813422445002,-0.079369955279030416,0,0,0,0,0,0,742,1014,272
735,sealed_evaluation:warehouse-10-20-10-2-2:s2:r12,warehouse,warehouse-10-20-10-2-2.map,holdout,warehouse-10-20-10-2-2-random-2.scen,2,11,12,29,3,17,107,45,132,4426600,3065900,4555700,3019400,2840000,6307400,3931400,4388100,4159750,272,865,453,0,273,0,0,454,0,0,0,0,0,0,454,182,182,8683400,13282900,8472100,16117300,15253400,12140100,12458500,12296800,12377650,272,865,453,0,273,0,0,454,0,0,454,14528,14560,0,454,182,182,11855100,7265600,10095700,9777800,8830400,8321600,10159700,9865600,9821700,272,865,453,0,544,0,271,454,0,0,272,8704,8736,0,454,182,182,14621600,11353700,9664300,10350800,8995200,9347300,12747900,11781700,10852250,272,865,453,0,815,0,542,454,272,272,0,8704,8736,0,454,182,182,1.1049258275044036,0.099778208286366757,0,0,0,0,0,0,1269,1811,542
736,sealed_evaluation:warehouse-10-20-10-2-2:s2:r13,warehouse,warehouse-10-20-10-2-2.map,holdout,warehouse-10-20-10-2-2-random-2.scen,2,12,13,22,96,47,23,70,96,2041600,1698600,1764400,2640800,1709100,2721200,1838000,1731600,1801200,96,322,226,0,97,0,0,227,0,0,0,0,0,0,227,131,131,6351800,8168000,5890400,8322400,6027100,6206800,7529500,12709800,6940650,96,322,226,0,97,0,0,227,0,0,227,7264,7296,0,227,131,131,4416800,3670000,4401400,4164500,5543800,5349400,5503700,7480500,4883100,96,322,226,0,192,0,95,227,0,0,96,3072,3104,0,227,131,131,4840800,4230800,5876700,6499500,5168900,5719600,4256300,4029000,5004850,96,322,226,0,287,0,190,227,96,96,0,3072,3104,0,227,131,131,1.0249329319489668,0.024627178204678381,0,0,0,0,0,0,514,704,190
737,sealed_evaluation:warehouse-10-20-10-2-2:s2:r14,warehouse,warehouse-10-20-10-2-2.map,holdout,warehouse-10-20-10-2-2-random-2.scen,2,13,14,10,17,13,55,21,46,1003800,1094000,1976800,1905100,1045600,1385600,1682200,953200,1239800,70,227,133,0,71,0,0,134,0,0,0,0,0,0,134,64,64,3297000,3714200,6309800,2992900,3513900,5167800,4857900,2605600,3614050,70,227,133,0,71,0,0,134,0,0,134,4288,4320,0,134,64,64,3482700,2224000,2823300,2266600,3019700,2869000,2579500,1883400,2701400,70,227,133,0,140,0,69,134,0,0,70,2240,2272,0,134,64,64,3561600,2612900,6152600,4421100,4989700,3615400,3024100,2598000,3588500,70,227,133,0,209,0,138,134,70,70,0,2240,2272,0,134,64,64,1.3283852817057822,0.28396413074346283,0,0,0,0,0,0,343,481,138
738,sealed_evaluation:warehouse-10-20-10-2-2:s2:r15,warehouse,warehouse-10-20-10-2-2.map,holdout,warehouse-10-20-10-2-2-random-2.scen,2,14,15,33,22,3,149,17,141,2108300,2047000,1917900,2892500,3517800,3154200,2637400,3880800,2764950,141,462,320,0,142,0,0,321,0,0,0,0,0,0,321,180,180,10422000,5812200,10836300,7926900,10819400,9796800,9336400,11434300,10109400,141,462,320,0,142,0,0,321,0,0,321,10272,10304,0,321,180,180,8661400,7912500,5821900,6086600,7486800,5583700,5567400,8564500,6786700,141,462,320,0,282,0,140,321,0,0,141,4512,4544,0,321,180,180,5318600,5043400,4839000,5297300,7602100,7076200,7130100,9120800,6197400,141,462,320,0,422,0,280,321,141,141,0,4512,4544,0,321,180,180,0.91316840290568313,-0.090834965335000406,0,0,0,0,0,0,743,1023,280
739,sealed_evaluation:warehouse-10-20-10-2-2:s2:r16,warehouse,warehouse-10-20-10-2-2.map,holdout,warehouse-10-20-10-2-2-random-2.scen,2,15,16,18,153,18,81,22,76,1035300,2030300,3058000,1815900,976600,1395700,1450400,1410000,1430200,79,258,179,0,80,0,0,180,0,0,0,0,0,0,180,101,101,3236700,5973500,4536200,6020900,3939500,3013200,3464700,4171600,4055550,76,249,173,0,77,0,0,174,0,0,174,5568,5600,0,174,98,98,8386800,3960300,5979200,1912200,1920700,1899700,2126600,2884900,2505750,76,249,173,0,153,0,76,174,0,0,77,2464,2496,0,174,98,98,6404100,4045600,8611100,3090200,2841700,2122200,2528300,2332300,2965950,76,249,173,0,229,0,152,174,77,77,0,2464,2496,0,174,98,98,1.1836575875486381,0.1686092949299727,0,0,0,0,0,0,403,555,152
740,sealed_evaluation:warehouse-10-20-10-2-2:s2:r17,warehouse,warehouse-10-20-10-2-2.map,holdout,warehouse-10-20-10-2-2-random-2.scen,2,16,17,24,138,18,64,49,105,3427000,2368400,2317600,5858500,4507900,3630400,3565300,3509300,3537300,225,702,365,0,226,0,0,366,0,0,0,0,0,0,366,141,141,7516400,9589400,6044200,7841300,7268800,8625200,9566800,10103000,8233250,218,681,358,0,219,0,0,359,0,0,359,11488,11520,0,359,141,141,8537500,5816200,5072100,7395200,7774000,6927200,9188600,8890800,7584600,218,681,358,0,438,0,219,359,0,0,220,7040,7072,0,359,141,141,6304700,8207600,7707900,14495500,6661500,9882500,8439200,10025600,8323400,218,681,358,0,657,0,438,359,220,220,0,7040,7072,0,359,141,141,1.0974079054927088,0.092950949455599285,0,0,0,0,0,0,1016,1454,438
741,sealed_evaluation:warehouse-10-20-10-2-2:s2:r18,warehouse,warehouse-10-20-10-2-2.map,holdout,warehouse-10-20-10-2-2-random-2.scen,2,17,18,17,141,77,104,41,73,1267300,1983000,991500,982600,1025400,1615800,993000,1130200,1077800,73,243,170,0,74,0,0,171,0,0,0,0,0,0,171,98,98,5591600,4363000,3064900,3472500,3091400,8060400,3010400,4718100,3917750,73,243,170,0,74,0,0,171,0,0,171,5472,5504,0,171,98,98,4214200,3800500,4051200,3189500,2015100,5107700,3505700,2081300,3653100,73,243,170,0,146,0,72,171,0,0,73,2336,2368,0,171,98,98,3759500,4286600,3495900,2211200,2238600,3270100,2318600,3025600,3147850,73,243,170,0,218,0,144,171,73,73,0,2336,2368,0,171,98,98,0.86169280884728039,-0.14885644208018517,0,0,0,0,0,0,389,533,144
742,sealed_evaluation:warehouse-10-20-10-2-2:s2:r19,warehouse,warehouse-10-20-10-2-2.map,holdout,warehouse-10-20-10-2-2-random-2.scen,2,18,19,43,10,77,149,21,195,2640100,2834700,2825600,4502900,5106300,4423300,3261600,4384200,3822900,195,680,485,0,196,0,0,486,0,0,0,0,0,0,486,291,291,12058100,10115600,11393100,9343800,11299900,10246500,16384000,9622700,10773200,195,680,485,0,196,0,0,486,0,0,486,15552,15584,0,486,291,291,8001000,5790300,5884200,11260100,12356400,10719700,6364200,7431200,7716100,195,680,485,0,390,0,194,486,0,0,195,6240,6272,0,486,291,291,7857500,9067000,7358100,6594200,8975300,8179600,8640400,7332000,8018550,195,680,485,0,584,0,388,486,195,195,0,6240,6272,0,486,291,291,1.0391972628659556,0.038448552485060024,0,0,0,0,0,0,1070,1458,388
743,sealed_evaluation:warehouse-10-20-10-2-2:s2:r20,warehouse,warehouse-10-20-10-2-2.map,holdout,warehouse-10-20-10-2-2-random-2.scen,2,19,20,38,150,56,36,2,168,2537100,3080700,3354100,2424700,2396300,2408900,2443000,2296900,2433850,168,582,414,0,169,0,0,415,0,0,0,0,0,0,415,247,247,9400600,8691000,11606000,8351900,10061400,12245700,18173600,10342600,10202000,168,582,414,0,169,0,0,415,0,0,415,13280,13312,0,415,247,247,5446100,8186600,5988400,6336500,5138600,6352500,6613800,5118400,6162450,168,582,414,0,336,0,167,415,0,0,168,5376,5408,0,415,247,247,6732100,6285400,6159000,7898300,6211700,5500600,5474700,7345200,6248550,168,582,414,0,503,0,334,415,168,168,0,5376,5408,0,415,247,247,1.0139717157948542,0.01387501108651748,0,0,0,0,0,0,918,1252,334
744,sealed_evaluation:warehouse-10-20-10-2-2:s2:r21,warehouse,warehouse-10-20-10-2-2.map,holdout,warehouse-10-20-10-2-2-random-2.scen,2,20,21,28,162,48,69,13,128,3309200,2507200,3208600,2875200,3396800,1787800,1795400,2693200,2784200,128,450,322,0,129,0,0,323,0,0,0,0,0,0,323,195,195,6439900,7953800,6371400,8736200,9873500,4983600,5657600,13324000,7196850,128,450,322,0,129,0,0,323,0,0,323,10336,10368,0,323,195,195,3352600,3325000,4886800,4142300,5870800,6000400,3713200,6140700,4514550,128,450,322,0,256,0,127,323,0,0,128,4096,4128,0,323,195,195,4404100,5297200,4007300,4182300,3838900,4160900,6201000,11114300,4293200,128,450,322,0,383,0,254,323,128,128,0,4096,4128,0,323,195,195,0.95096964260003769,-0.050273138502467403,0,0,0,0,0,0,706,960,254
745,sealed_evaluation:warehouse-10-20-10-2-2:s2:r22,warehouse,warehouse-10-20-10-2-2.map,holdout,warehouse-10-20-10-2-2-random-2.scen,2,21,22,15,22,8,20,68,62,876300,1894600,1637500,965400,981900,1657200,949600,985300,983600,62,248,186,0,63,0,0,187,0,0,0,0,0,0,187,125,125,4526900,5601900,5425500,3240700,4138900,3221300,3197900,5278600,4332900,62,248,186,0,63,0,0,187,0,0,187,5984,6016,0,187,125,125,1998600,3559200,3515900,1853800,1986000,1823200,2767900,4455400,2383250,62,248,186,0,124,0,61,187,0,0,62,1984,2016,0,187,125,125,3829200,4391500,3741800,2460100,2821400,2281600,2478500,2007700,2649950,62,248,186,0,185,0,122,187,62,62,0,1984,2016,0,187,125,125,1.1119060106996748,0.10607566950405049,0,0,0,0,0,0,372,494,122
746,sealed_evaluation:warehouse-10-20-10-2-2:s2:r23,warehouse,warehouse-10-20-10-2-2.map,holdout,warehouse-10-20-10-2-2-random-2.scen,2,22,23,15,77,13,101,54,65,2770900,1507000,2086700,1405500,1506500,1552100,1511900,2179800,1532000,145,459,234,0,146,0,0,235,0,0,0,0,0,0,235,90,90,4624500,4855500,4852200,4895000,4322600,4689800,4599700,5068000,4771000,145,459,234,0,146,0,0,235,0,0,235,7520,7552,0,235,90,90,3796400,3571200,3980800,4250200,8939500,5622800,5944500,3298500,4115500,145,459,234,0,290,0,144,235,0,0,145,4640,4672,0,235,90,90,6773600,5888500,5076400,3793500,5580300,4115100,5958900,5082800,5331550,145,459,234,0,434,0,288,235,145,145,0,4640,4672,0,235,90,90,1.2954805005467136,0.25888166922532468,0,0,0,0,0,0,669,957,288
747,sealed_evaluation:warehouse-10-20-10-2-2:s2:r24,warehouse,warehouse-10-20-10-2-2.map,holdout,warehouse-10-20-10-2-2-random-2.scen,2,23,24,11,74,65,86,29,48,609200,812200,681700,658400,656000,656700,656500,2153700,657550,48,164,116,0,49,0,0,117,0,0,0,0,0,0,117,69,69,1798800,3733300,2559300,2067800,2062600,2752400,2615600,3734700,2587450,48,164,116,0,49,0,0,117,0,0,117,3744,3776,0,117,69,69,1648000,2203400,1206800,1345600,1583800,1414200,1350400,1891400,1499000,48,164,116,0,96,0,47,117,0,0,48,1536,1568,0,117,69,69,3671100,1794700,1996700,1775200,2665700,1490700,1483400,3832800,1895700,48,164,116,0,143,0,94,117,48,48,0,1536,1568,0,117,69,69,1.2646430953969312,0.23478994434492151,0,0,0,0,0,0,260,354,94
748,sealed_evaluation:warehouse-10-20-10-2-2:s2:r25,warehouse,warehouse-10-20-10-2-2.map,holdout,warehouse-10-20-10-2-2-random-2.scen,2,24,25,10,10,17,49,10,46,658300,650300,1044800,1049600,1198100,648000,1043000,652300,850650,46,164,118,0,47,0,0,119,0,0,0,0,0,0,119,73,73,3109400,2038600,7057500,2463100,2400000,2033200,2289800,2034800,2344900,46,164,118,0,47,0,0,119,0,0,119,3808,3840,0,119,73,73,2229500,1290800,1297100,1627900,1350500,1404300,1608600,1297800,1377400,46,164,118,0,92,0,45,119,0,0,46,1472,1504,0,119,73,73,1463000,1425700,1426900,2630800,1425400,1437900,1615000,1525700,1450450,46,164,118,0,137,0,90,119,46,46,0,1472,1504,0,119,73,73,1.0530347030637432,0.051676188984613576,0,0,0,0,0,0,256,346,90
749,sealed_evaluation:warehouse-10-20-10-2-2:s2:r26,warehouse,warehouse-10-20-10-2-2.map,holdout,warehouse-10-20-10-2-2-random-2.scen,2,25,26,20,42,13,9,72,92,1348600,1676800,1372600,2592400,2395300,1349900,1362300,2300100,1524700,92,353,261,0,93,0,0,262,0,0,0,0,0,0,262,170,170,6398500,7068800,4534800,4598500,5704200,7119200,4575200,5830500,5767350,92,353,261,0,93,0,0,262,0,0,262,8384,8416,0,262,170,170,3264200,4044800,4824100,2698500,2789400,3989000,3524800,2738000,3394500,92,353,261,0,184,0,91,262,0,0,92,2944,2976,0,262,170,170,4816600,3825100,3485700,5109600,2984200,2946400,4030300,4016200,3920650,92,353,261,0,275,0,182,262,92,92,0,2944,2976,0,262,170,170,1.1550007364854913,0.14410098162332957,0,0,0,0,0,0,537,719,182
750,sealed_evaluation:warehouse-10-20-10-2-2:s3:r2,warehouse,warehouse-10-20-10-2-2.map,holdout,warehouse-10-20-10-2-2-random-3.scen,3,1,2,8,12,14,21,43,38,581700,704700,577800,953800,580800,2069200,608000,878200,656350,38,152,114,0,39,0,0,115,0,0,0,0,0,0,115,77,77,1947600,2685600,1941400,2820600,1953100,1973300,2946600,2239600,2106450,38,152,114,0,39,0,0,115,0,0,115,3680,3712,0,115,77,77,1127800,1277600,1356000,1149100,1125000,1546700,2325400,1144100,1213350,38,152,114,0,76,0,37,115,0,0,38,1216,1248,0,115,77,77,1968200,2351900,1383200,2025800,1262400,6179000,1749200,1541100,1858700,38,152,114,0,113,0,74,115,38,38,0,1216,1248,0,115,77,77,1.5318745621626078,0.42649218948223599,0,0,0,0,0,0,228,302,74
751,sealed_evaluation:warehouse-10-20-10-2-2:s3:r3,warehouse,warehouse-10-20-10-2-2.map,holdout,warehouse-10-20-10-2-2-random-3.scen,3,2,3,15,157,18,127,58,70,2621600,2905100,2641400,1622500,2730000,1785800,1763700,2892300,2631500,165,530,275,0,166,0,0,276,0,0,0,0,0,0,276,111,111,4799200,5620100,3359000,4338800,4569100,4517200,3066800,4336400,4428000,89,302,195,0,90,0,0,196,0,0,196,6272,6304,0,196,107,107,2754000,4255000,2505800,2690600,2660100,2456600,5918300,2684900,2687750,89,302,195,0,197,0,107,196,0,0,108,3456,3488,0,196,107,107,3521300,3146600,4008600,2709200,3893400,2678800,3158300,3754500,3339800,89,302,195,0,304,0,214,196,108,108,0,3456,3488,0,196,107,107,1.2426006883080645,0.21720651257299467,0,0,0,0,0,0,500,714,214
752,sealed_evaluation:warehouse-10-20-10-2-2:s3:r4,warehouse,warehouse-10-20-10-2-2.map,holdout,warehouse-10-20-10-2-2-random-3.scen,3,3,4,36,136,54,3,82,161,2311100,6929700,45090600,2336200,2996400,2321100,6331200,2504300,2750350,161,551,390,0,162,0,0,391,0,0,0,0,0,0,391,230,230,10130600,7651700,13924300,9051400,10524700,7202500,13203000,7373600,9591000,161,551,390,0,162,0,0,391,0,0,391,12512,12544,0,391,230,230,4895100,7177800,6562600,5749400,10263500,7636800,10872900,7033300,7105550,161,551,390,0,322,0,160,391,0,0,161,5152,5184,0,391,230,230,7424500,5213700,10107000,9397100,14285600,6215500,11621500,7548600,8472850,161,551,390,0,482,0,320,391,161,161,0,5152,5184,0,391,230,230,1.1924270464636797,0.17599076493931146,0,0,0,0,0,0,873,1193,320
753,sealed_evaluation:warehouse-10-20-10-2-2:s3:r5,warehouse,warehouse-10-20-10-2-2.map,holdout,warehouse-10-20-10-2-2-random-3.scen,3,4,5,24,119,58,51,21,105,2467000,2464900,1391700,1374200,1765800,2704400,1371900,1323200,1578750,105,343,237,0,106,0,0,238,0,0,0,0,0,0,238,133,133,4264300,4294800,6405300,4180800,5496300,7937600,6667700,3836700,4895550,105,343,237,0,106,0,0,238,0,0,238,7616,7648,0,238,133,133,3532600,2838900,2994200,3734700,3047800,2716900,3116400,4844000,3082100,105,343,237,0,210,0,104,238,0,0,105,3360,3392,0,238,133,133,4983300,4068400,3171100,3314600,4041600,3659800,3172900,3552800,3606300,105,343,237,0,314,0,208,238,105,105,0,3360,3392,0,238,133,133,1.1700788423477499,0.15707113316129684,0,0,0,0,0,0,552,760,208
754,sealed_evaluation:warehouse-10-20-10-2-2:s3:r6,warehouse,warehouse-10-20-10-2-2.map,holdout,warehouse-10-20-10-2-2-random-3.scen,3,5,6,22,30,21,86,62,97,1465100,1468500,2808700,1464200,1468400,2644900,1428800,1513100,1468450,117,381,244,0,118,0,0,245,0,0,0,0,0,0,245,128,128,6145900,6359000,8616200,5596800,4367600,3884900,6451300,7353400,6252450,117,381,244,0,118,0,0,245,0,0,245,7840,7872,0,245,128,128,3369700,3364500,3863000,4084800,4121100,2835400,2902800,5587300,3616350,117,381,244,0,234,0,116,245,0,0,117,3744,3776,0,245,128,128,4231300,3897700,6850200,5639100,4949300,4215300,3213600,5456700,4590300,117,381,244,0,350,0,232,245,117,117,0,3744,3776,0,245,128,128,1.2693185117590942,0.23848015153245897,0,0,0,0,0,0,595,827,232
755,sealed_evaluation:warehouse-10-20-10-2-2:s3:r7,warehouse,warehouse-10-20-10-2-2.map,holdout,warehouse-10-20-10-2-2-random-3.scen,3,6,7,21,63,5,133,25,90,1812800,2324100,1731100,1188400,1195900,1746800,1352000,3072400,1738950,90,291,201,0,91,0,0,202,0,0,0,0,0,0,202,112,112,3593900,4666700,4851600,3828600,5907200,3186800,4144700,4910800,4405700,90,291,201,0,91,0,0,202,0,0,202,6464,6496,0,202,112,112,2450000,2655900,3399400,2508500,2520900,3594500,4142000,2236100,2588400,90,291,201,0,180,0,89,202,0,0,90,2880,2912,0,202,112,112,7614100,3344000,2726200,3627500,3057600,3410900,5279900,6684700,3519200,90,291,201,0,269,0,178,202,90,90,0,2880,2912,0,202,112,112,1.3596043888116212,0.30719376685139904,0,0,0,0,0,0,471,649,178
756,sealed_evaluation:warehouse-10-20-10-2-2:s3:r8,warehouse,warehouse-10-20-10-2-2.map,holdout,warehouse-10-20-10-2-2-random-3.scen,3,7,8,41,147,13,3,53,184,3964300,2478200,2887900,2634100,4717700,3148200,2734500,2691900,2811200,184,636,452,0,185,0,0,453,0,0,0,0,0,0,453,269,269,9528400,12648700,10305100,10682000,9967300,13142600,9742400,10648100,10476600,184,636,452,0,185,0,0,453,0,0,453,14496,14528,0,453,269,269,7271600,5522200,6358700,6170500,8522100,5580100,5413300,5424700,5875300,184,636,452,0,368,0,183,453,0,0,184,5888,5920,0,453,269,269,6082400,8672700,7275100,6210500,11954000,7157600,8559100,6663200,7216350,184,636,452,0,551,0,366,453,184,184,0,5888,5920,0,453,269,269,1.228252174357054,0.20559216235371963,0,0,0,0,0,0,1004,1370,366
757,sealed_evaluation:warehouse-10-20-10-2-2:s3:r9,warehouse,warehouse-10-20-10-2-2.map,holdout,warehouse-10-20-10-2-2-random-3.scen,3,8,9,33,97,72,14,6,149,3198200,2119200,2394300,2127000,2173400,2090200,2711800,5200100,2283850,149,502,353,0,150,0,0,354,0,0,0,0,0,0,354,205,205,9516500,8348500,6451000,6463500,10504400,11061100,6377000,7763300,8055900,149,502,353,0,150,0,0,354,0,0,354,11328,11360,0,354,205,205,6092500,7079000,4032900,6544900,5322200,4332900,3963300,6711500,5707350,149,502,353,0,298,0,148,354,0,0,149,4768,4800,0,354,205,205,5103300,9897000,6886600,7546200,4768600,6658800,5366500,5496600,6077700,149,502,353,0,446,0,296,354,149,149,0,4768,4800,0,354,205,205,1.0648900102499408,0.062871517067357607,0,0,0,0,0,0,800,1096,296
758,sealed_evaluation:warehouse-10-20-10-2-2:s3:r10,warehouse,warehouse-10-20-10-2-2.map,holdout,warehouse-10-20-10-2-2-random-3.scen,3,9,10,28,99,21,6,58,130,3485600,2322000,3335600,3368000,1847100,1918700,1913500,2492700,2407350,130,458,328,0,131,0,0,329,0,0,0,0,0,0,329,199,199,10324700,6945800,8375100,7933900,5814800,5749400,6018300,7497700,7221750,130,458,328,0,131,0,0,329,0,0,329,10528,10560,0,329,199,199,3866100,3698800,3772600,5157600,4359700,4709500,4160700,5462500,4260200,130,458,328,0,260,0,129,329,0,0,130,4160,4192,0,329,199,199,5547500,6504600,4177800,5530500,4771000,6405800,6422200,8680800,5976650,130,458,328,0,389,0,258,329,130,130,0,4160,4192,0,329,199,199,1.4029036195483779,0.3385441027865761,0,0,0,0,0,0,718,976,258
759,sealed_evaluation:warehouse-10-20-10-2-2:s3:r11,warehouse,warehouse-10-20-10-2-2.map,holdout,warehouse-10-20-10-2-2-random-3.scen,3,10,11,24,121,34,37,16,102,1439900,2488300,2266900,1451100,1577400,2862000,2381200,1547000,1922150,116,372,242,0,117,0,0,243,0,0,0,0,0,0,243,127,127,4559500,5520100,7273800,5492500,4377000,4356700,4466000,6923400,5026000,116,372,242,0,117,0,0,243,0,0,243,7776,7808,0,243,127,127,3177700,10138000,4632300,4414000,4182900,3178800,3138700,3139200,3680850,116,372,242,0,232,0,115,243,0,0,116,3712,3744,0,243,127,127,5426900,7872900,5720200,3804100,5405900,6780000,4678900,3452700,5416400,116,372,242,0,347,0,230,243,116,116,0,3712,3744,0,243,127,127,1.4715079397421791,0.38628768435619437,0,0,0,0,0,0,590,820,230
760,sealed_evaluation:warehouse-10-20-10-2-2:s3:r12,warehouse,warehouse-10-20-10-2-2.map,holdout,warehouse-10-20-10-2-2-random-3.scen,3,11,12,34,67,2,146,70,147,2182900,2530700,2553900,2184500,2172000,2189200,2170100,4604200,2186850,147,523,376,0,148,0,0,377,0,0,0,0,0,0,377,230,230,8005000,13628700,9631500,9317000,9173700,6682800,7016600,7490600,8589350,147,523,376,0,148,0,0,377,0,0,377,12064,12096,0,377,230,230,5507100,5755500,4709800,4337800,4367800,4842900,4376900,9334500,4776350,147,523,376,0,294,0,146,377,0,0,147,4704,4736,0,377,230,230,6462900,5074900,5409500,8676300,6871600,6546300,7284100,14054000,6708950,147,523,376,0,440,0,292,377,147,147,0,4704,4736,0,377,230,230,1.4046185895087253,0.33976579939016505,0,0,0,0,0,0,817,1109,292
761,sealed_evaluation:warehouse-10-20-10-2-2:s3:r13,warehouse,warehouse-10-20-10-2-2.map,holdout,warehouse-10-20-10-2-2-random-3.scen,3,12,13,32,123,45,10,15,143,3512900,2918400,2914000,3013600,6543500,2261900,2278700,2492700,2916200,175,570,362,0,176,0,0,363,0,0,0,0,0,0,363,188,188,8425700,7243900,6593100,6610900,10098900,6953700,9430300,9038000,7834800,175,570,362,0,176,0,0,363,0,0,363,11616,11648,0,363,188,188,5950000,4429800,4859900,6455400,4821700,4759200,5023600,4880200,4870050,175,570,362,0,350,0,174,363,0,0,175,5600,5632,0,363,188,188,5666600,6397600,6205200,6634100,7044300,7712300,7366800,5491700,6515850,175,570,362,0,524,0,348,363,175,175,0,5600,5632,0,363,188,188,1.3379431422675332,0.29113346623475611,0,0,0,0,0,0,887,1235,348
762,sealed_evaluation:warehouse-10-20-10-2-2:s3:r14,warehouse,warehouse-10-20-10-2-2.map,holdout,warehouse-10-20-10-2-2-random-3.scen,3,13,14,12,108,43,155,37,53,844200,1113300,722600,1206100,729900,726600,825200,692100,777550,53,179,126,0,54,0,0,127,0,0,0,0,0,0,127,74,74,2230700,3917600,3499200,2539000,2222800,3114400,3909700,2042000,2826700,53,179,126,0,54,0,0,127,0,0,127,4064,4096,0,127,74,74,1461500,1746300,2298400,1479200,1764800,1496300,1476600,1339700,1487750,53,179,126,0,106,0,52,127,0,0,53,1696,1728,0,127,74,74,1774800,1664200,1650200,2588200,2887700,1632700,1633800,3108400,1719500,53,179,126,0,158,0,104,127,53,53,0,1696,1728,0,127,74,74,1.1557721391362796,0.14476863934735945,0,0,0,0,0,0,285,389,104
763,sealed_evaluation:warehouse-10-20-10-2-2:s3:r15,warehouse,warehouse-10-20-10-2-2.map,holdout,warehouse-10-20-10-2-2-random-3.scen,3,14,15,22,161,65,79,49,98,1359700,1539100,1339100,1353600,1865500,1297500,1270900,1254100,1346350,98,338,240,0,99,0,0,241,0,0,0,0,0,0,241,143,143,4193500,8494900,5021500,4258800,4982300,8328300,4143800,6090600,5001900,98,338,240,0,99,0,0,241,0,0,241,7712,7744,0,241,143,143,2806700,2843300,3420700,3266500,2762700,2820100,3272900,2516700,2831700,98,338,240,0,196,0,97,241,0,0,98,3136,3168,0,241,143,143,4016200,4204300,3050500,3603800,4054700,3194100,3275900,2783800,3439850,98,338,240,0,293,0,194,241,98,98,0,3136,3168,0,241,143,143,1.2147649821661899,0.19455062776656237,0,0,0,0,0,0,534,728,194
764,sealed_evaluation:warehouse-10-20-10-2-2:s3:r16,warehouse,warehouse-10-20-10-2-2.map,holdout,warehouse-10-20-10-2-2-random-3.scen,3,15,16,28,53,14,161,28,122,2459600,2721700,3048700,2949200,3332600,1690800,5535000,2195200,2835450,122,411,289,0,123,0,0,290,0,0,0,0,0,0,290,168,168,8457000,6922500,10020900,6105700,4800000,6935400,5866500,9607700,6928950,122,411,289,0,123,0,0,290,0,0,290,9280,9312,0,290,168,168,5933300,6193000,3492900,4292000,3080700,5811500,3798100,5263700,4777850,122,411,289,0,244,0,121,290,0,0,122,3904,3936,0,290,168,168,5208300,6937700,4875200,6963300,4839100,5825700,5572600,6014600,5699150,122,411,289,0,365,0,242,290,122,122,0,3904,3936,0,290,168,168,1.1928273177265925,0.17632638639141257,0,0,0,0,0,0,655,897,242
765,sealed_evaluation:warehouse-10-20-10-2-2:s3:r17,warehouse,warehouse-10-20-10-2-2.map,holdout,warehouse-10-20-10-2-2-random-3.scen,3,16,17,5,128,70,133,51,24,332000,332500,454200,572300,455500,333000,328100,330700,332750,24,81,57,0,25,0,0,58,0,0,0,0,0,0,58,34,34,1087800,1760500,1281000,1162900,1527900,1019900,1148400,1007300,1155650,24,81,57,0,25,0,0,58,0,0,58,1856,1888,0,58,34,34,1167200,727600,761900,669200,777100,667200,690300,671800,708950,24,81,57,0,48,0,23,58,0,0,24,768,800,0,58,34,34,1305500,734200,1131700,1379400,935100,1124100,743100,747100,1029600,24,81,57,0,71,0,46,58,24,24,0,768,800,0,58,34,34,1.4522885958107059,0.3731406540983499,0,0,0,0,0,0,129,175,46
766,sealed_evaluation:warehouse-10-20-10-2-2:s3:r18,warehouse,warehouse-10-20-10-2-2.map,holdout,warehouse-10-20-10-2-2-random-3.scen,3,17,18,35,2,44,140,58,152,2523100,3738200,4470300,3844700,3725900,3770300,2524800,2513500,3732050,194,630,393,0,195,0,0,394,0,0,0,0,0,0,394,200,200,10141600,15973100,14849600,10073400,13046000,9627100,7814000,9655700,10107500,194,630,393,0,195,0,0,394,0,0,394,12608,12640,0,394,200,200,9539100,11013500,5697300,5303600,7460100,4822400,4875800,4820000,5500450,194,630,393,0,388,0,193,394,0,0,194,6208,6240,0,394,200,200,13033400,11788600,8362000,15735300,5390900,7257400,8989100,6931900,8675550,194,630,393,0,581,0,386,394,194,194,0,6208,6240,0,394,200,200,1.5772436800625402,0.45567881732624155,0,0,0,0,0,0,975,1361,386
767,sealed_evaluation:warehouse-10-20-10-2-2:s3:r19,warehouse,warehouse-10-20-10-2-2.map,holdout,warehouse-10-20-10-2-2-random-3.scen,3,18,19,20,8,49,61,5,97,1387000,1439100,1521800,2863200,1581700,2765700,1410100,1399200,1480450,97,358,261,0,98,0,0,262,0,0,0,0,0,0,262,165,165,4678800,5070300,4750500,6300200,4835700,7256100,5581500,4487600,4953000,97,358,261,0,98,0,0,262,0,0,262,8384,8416,0,262,165,165,6787100,4887200,3804800,3716400,2934300,4258400,3714000,4072600,3938700,97,358,261,0,194,0,96,262,0,0,97,3104,3136,0,262,165,165,3940800,4213500,5177100,9398500,3340700,3563000,3138700,5715900,4077150,97,358,261,0,290,0,192,262,97,97,0,3104,3136,0,262,165,165,1.0351511920176708,0.034547495292924953,0,0,0,0,0,0,552,744,192
768,sealed_evaluation:warehouse-10-20-10-2-2:s3:r20,warehouse,warehouse-10-20-10-2-2.map,holdout,warehouse-10-20-10-2-2-random-3.scen,3,19,20,35,19,49,161,48,143,2239000,2252400,2230100,2232200,2490800,2508600,3356700,2251100,2251750,168,552,359,0,169,0,0,355,0,0,0,0,0,5,355,192,187,7707800,8956000,9293400,8307100,8550500,10741900,10202800,9022000,8989000,168,552,359,0,169,0,0,355,0,0,355,11360,11392,5,355,192,187,4811700,4631300,5054400,4754700,4833200,5351000,4632600,4722700,4783200,168,552,359,0,336,0,167,355,0,0,168,5376,5408,5,355,192,187,5126500,11403800,7183300,5850600,5762100,5434100,6981700,5402700,5806350,168,552,359,0,503,0,334,355,168,168,0,5376,5408,5,355,192,187,1.2139049172102359,0.19384236766737978,0,0,0,0,0,0,863,1197,334
769,sealed_evaluation:warehouse-10-20-10-2-2:s3:r21,warehouse,warehouse-10-20-10-2-2.map,holdout,warehouse-10-20-10-2-2-random-3.scen,3,20,21,37,14,47,156,25,164,2343600,2327900,2482000,3218100,3896500,4721000,4359100,3310100,3264100,164,556,392,0,165,0,0,393,0,0,0,0,0,0,393,229,229,9684400,9612900,7378200,9816800,8779800,14091400,12982300,7407500,9648650,164,556,392,0,165,0,0,393,0,0,393,12576,12608,0,393,229,229,4886000,5685400,8005800,4929800,9587500,9788500,7087300,7483500,7285400,164,556,392,0,328,0,163,393,0,0,164,5248,5280,0,393,229,229,5894500,6498200,7702200,4784100,5535600,12133500,8690400,7333500,6915850,164,556,392,0,491,0,326,393,164,164,0,5248,5280,0,393,229,229,0.94927526285447605,-0.052056466735312869,0,0,0,0,0,0,884,1210,326
770,sealed_evaluation:warehouse-10-20-10-2-2:s3:r22,warehouse,warehouse-10-20-10-2-2.map,holdout,warehouse-10-20-10-2-2-random-3.scen,3,21,22,31,118,42,16,3,141,4310900,2051800,2264900,29689300,2543500,4462900,2244500,3188200,2865850,169,548,349,0,170,0,0,350,0,0,0,0,0,0,350,181,181,10437600,6459200,8105400,6954300,7431200,7652000,8730400,7048000,7541600,169,548,349,0,170,0,0,350,0,0,350,11200,11232,0,350,181,181,11366500,6713000,4607200,10248600,5052900,4679300,7985000,7122300,6917650,169,548,349,0,338,0,168,350,0,0,169,5408,5440,0,350,181,181,13058200,4811200,6891700,5700800,5982500,13223000,5482000,15203900,6437100,169,548,349,0,506,0,336,350,169,169,0,5408,5440,0,350,181,181,0.93053276763062598,-0.071997988441280095,0,0,0,0,0,0,856,1192,336
771,sealed_evaluation:warehouse-10-20-10-2-2:s3:r23,warehouse,warehouse-10-20-10-2-2.map,holdout,warehouse-10-20-10-2-2-random-3.scen,3,22,23,14,154,24,158,79,59,1692600,2372100,896600,1676600,2823800,903000,891200,1373600,1525100,59,236,177,0,60,0,0,178,0,0,0,0,0,0,178,119,119,3506500,2662200,5510500,5964100,7287600,4702200,4539500,2744100,4620850,59,236,177,0,60,0,0,178,0,0,178,5696,5728,0,178,119,119,1615500,3801600,1782900,5076800,4502100,3245600,1806100,1605000,2525850,59,236,177,0,118,0,58,178,0,0,59,1888,1920,0,178,119,119,1749800,3912300,1889500,3575000,3435200,2455200,1886800,4685200,2945200,59,236,177,0,176,0,116,178,59,59,0,1888,1920,0,178,119,119,1.1660233188827522,0.15359908677013398,0,0,0,0,0,0,354,470,116
772,sealed_evaluation:warehouse-10-20-10-2-2:s3:r24,warehouse,warehouse-10-20-10-2-2.map,holdout,warehouse-10-20-10-2-2-random-3.scen,3,23,24,19,99,6,164,32,91,2501200,2589000,1291100,1309000,2488200,1310400,1300000,2881200,1899300,91,325,234,0,92,0,0,235,0,0,0,0,0,0,235,144,144,4744200,4783600,4707400,4062700,5702000,7197700,4087100,5794300,4763900,91,325,234,0,92,0,0,235,0,0,235,7520,7552,0,235,144,144,3744300,3354700,4296300,2659400,2585700,3272700,3636700,2597600,3313700,91,325,234,0,182,0,90,235,0,0,91,2912,2944,0,235,144,144,3128400,6559200,2877700,5293300,2896800,2844100,3799000,2834700,3012600,91,325,234,0,272,0,180,235,91,91,0,2912,2944,0,235,144,144,0.9091348039955337,-0.095261896574891675,0,0,0,0,0,0,507,687,180
773,sealed_evaluation:warehouse-10-20-10-2-2:s3:r25,warehouse,warehouse-10-20-10-2-2.map,holdout,warehouse-10-20-10-2-2-random-3.scen,3,24,25,15,91,42,150,33,68,897000,2652600,1292000,1469800,1049100,1688900,1543400,1839800,1506600,68,222,153,0,69,0,0,154,0,0,0,0,0,0,154,86,86,3578100,2710500,2977000,2754300,2738400,4199000,8322500,5991100,3277550,68,222,153,0,69,0,0,154,0,0,154,4928,4960,0,154,86,86,2259700,1843700,3451200,1851600,2814400,19722300,3489700,10648000,3132800,68,222,153,0,136,0,67,154,0,0,68,2176,2208,0,154,86,86,2059000,3711600,2938300,3827000,3572300,10587100,3890300,3982800,3769300,68,222,153,0,203,0,134,154,68,68,0,2176,2208,0,154,86,86,1.2031728804902961,0.18496213447329674,0,0,0,0,0,0,357,491,134
774,sealed_evaluation:warehouse-10-20-10-2-2:s3:r26,warehouse,warehouse-10-20-10-2-2.map,holdout,warehouse-10-20-10-2-2-random-3.scen,3,25,26,38,159,45,9,40,155,2802100,2507600,7890400,3117300,4614000,6731700,3600500,3448100,3524300,189,636,412,0,190,0,0,399,0,0,0,0,0,14,399,224,210,9418500,7312400,12845700,7999200,7745700,8906500,7597900,7225800,7872450,189,636,412,0,190,0,0,399,0,0,399,12768,12800,14,399,224,210,5756700,6831600,6594900,5226700,7021800,8090600,11287000,8035400,6926700,189,636,412,0,378,0,188,399,0,0,189,6048,6080,14,399,224,210,8449400,5853300,11557000,7298200,6648800,7980500,6434300,7193300,7245750,189,636,412,0,566,0,376,399,189,189,0,6048,6080,14,399,224,210,1.0460608947983889,0.045031580772661201,0,0,0,0,0,0,979,1355,376
775,sealed_evaluation:warehouse-10-20-10-2-2:s4:r2,warehouse,warehouse-10-20-10-2-2.map,holdout,warehouse-10-20-10-2-2-random-4.scen,4,1,2,2,23,40,27,49,13,253600,398100,300000,267500,255200,264200,252000,282900,265850,21,70,41,0,22,0,0,42,0,0,0,0,0,0,42,21,21,748900,741200,927500,749400,743400,739800,738600,754200,746150,21,70,41,0,22,0,0,42,0,0,42,1344,1376,0,42,21,21,544800,546800,861300,542200,546500,542100,545500,544900,545200,21,70,41,0,42,0,20,42,0,0,21,672,704,0,42,21,21,601800,950000,896700,914100,607400,607900,605600,845600,726750,21,70,41,0,62,0,40,42,21,21,0,672,704,0,42,21,21,1.3329970652971386,0.28742983961660767,0,0,0,0,0,0,104,144,40
776,sealed_evaluation:warehouse-10-20-10-2-2:s4:r3,warehouse,warehouse-10-20-10-2-2.map,holdout,warehouse-10-20-10-2-2-random-4.scen,4,2,3,17,167,7,99,13,74,1177200,1171000,2286800,1530200,1928900,1586000,1197500,2110700,1558100,92,308,197,0,93,0,0,198,0,0,0,0,0,0,198,106,106,5012900,3506600,4236500,4529400,3559100,3479300,3612700,5508300,3924600,92,308,197,0,93,0,0,198,0,0,198,6336,6368,0,198,106,106,3178000,3443700,3079500,2807000,2665500,2720000,3719600,2906100,2992800,92,308,197,0,184,0,91,198,0,0,92,2944,2976,0,198,106,106,2924100,3639400,6017100,3991600,6852500,3613100,2743000,4402500,3815500,92,308,197,0,275,0,182,198,92,92,0,2944,2976,0,198,106,106,1.2748930767174553,0.24286231369575156,0,0,0,0,0,0,473,655,182
777,sealed_evaluation:warehouse-10-20-10-2-2:s4:r4,warehouse,warehouse-10-20-10-2-2.map,holdout,warehouse-10-20-10-2-2-random-4.scen,4,3,4,39,151,60,3,82,170,2330400,5542200,3026900,2545200,2429300,3356900,2980100,2426300,2762650,170,579,408,0,171,0,0,409,0,0,0,0,0,0,409,239,239,10301900,8141500,7296900,7551200,9620100,16325100,17978500,18482300,9961000,170,579,408,0,171,0,0,409,0,0,409,13088,13120,0,409,239,239,4908500,5925800,12170000,7977500,5022600,5091500,5281100,7656400,5603450,170,579,408,0,340,0,169,409,0,0,170,5440,5472,0,409,239,239,6907000,6561500,6532900,7585100,6907100,5361400,4965500,6303500,6547200,170,579,408,0,509,0,338,409,170,170,0,5440,5472,0,409,239,239,1.1684230251006076,0.15565499785953704,0,0,0,0,0,0,918,1256,338
778,sealed_evaluation:warehouse-10-20-10-2-2:s4:r5,warehouse,warehouse-10-20-10-2-2.map,holdout,warehouse-10-20-10-2-2-random-4.scen,4,4,5,11,99,25,58,34,50,1969200,1286900,910500,1319700,926500,1230100,1468800,1346800,1303300,58,186,120,0,59,0,0,121,0,0,0,0,0,0,121,63,63,4902000,3873500,3496500,3712300,4290500,4213100,3775400,3841800,3857650,58,186,120,0,59,0,0,121,0,0,121,3872,3904,0,121,63,63,2826500,2781700,2752900,3004200,2707000,2832400,2665300,2789000,2785350,58,186,120,0,116,0,57,121,0,0,58,1856,1888,0,121,63,63,2092800,3005400,2138700,2182200,3008400,3058900,3174600,2946500,2975950,58,186,120,0,173,0,114,121,58,58,0,1856,1888,0,121,63,63,1.0684294612885274,0.0661897770218597,0,0,0,0,0,0,294,408,114
779,sealed_evaluation:warehouse-10-20-10-2-2:s4:r6,warehouse,warehouse-10-20-10-2-2.map,holdout,warehouse-10-20-10-2-2-random-4.scen,4,5,6,11,65,77,107,82,47,1510600,975400,1642400,1378100,1419300,1316700,788200,1025300,1347400,67,209,122,0,68,0,0,123,0,0,0,0,0,0,123,56,56,4121700,3889800,5156200,3040200,3867400,4174100,2197500,2435100,3878600,65,203,120,0,66,0,0,121,0,0,121,3872,3904,0,121,56,56,3190100,3214400,5440500,3281500,3095900,3179200,3109100,1731200,3184650,65,203,120,0,132,0,66,121,0,0,67,2144,2176,0,121,56,56,3363300,3450300,5050100,2762200,3727500,3596800,2859600,1891000,3406800,65,203,120,0,198,0,132,121,67,67,0,2144,2176,0,121,56,56,1.0697564881541142,0.067431041408912609,0,0,0,0,0,0,319,451,132
780,sealed_evaluation:warehouse-10-20-10-2-2:s4:r7,warehouse,warehouse-10-20-10-2-2.map,holdout,warehouse-10-20-10-2-2-random-4.scen,4,6,7,22,104,81,132,17,92,2257600,2457700,2333100,2223300,2193100,1399100,3273700,1625500,2240450,92,312,220,0,93,0,0,221,0,0,0,0,0,0,221,129,129,6191000,4075700,6289600,7265600,9334600,7326700,7428400,4022100,6777600,92,312,220,0,93,0,0,221,0,0,221,7072,7104,0,221,129,129,4596400,4979700,4711700,3990200,5979300,4771300,2935000,3726300,4654050,92,312,220,0,184,0,91,221,0,0,92,2944,2976,0,221,129,129,5046100,5051700,5249600,4346700,6081200,6332800,6391600,5524100,5386850,92,312,220,0,275,0,182,221,92,92,0,2944,2976,0,221,129,129,1.1574542602679387,0.14622299023025215,0,0,0,0,0,0,496,678,182
781,sealed_evaluation:warehouse-10-20-10-2-2:s4:r8,warehouse,warehouse-10-20-10-2-2.map,holdout,warehouse-10-20-10-2-2-random-4.scen,4,7,8,42,158,19,7,59,191,5734800,3545600,3478700,5206300,5090400,5970000,5279200,5092800,5149550,191,662,470,0,192,0,0,471,0,0,0,0,0,0,471,280,280,13231100,16699200,15310500,13477300,14662200,19318100,13337800,15407100,14986350,191,662,470,0,192,0,0,471,0,0,471,15072,15104,0,471,280,280,10448600,6455400,8118000,14933500,7606400,9714200,9917200,9655700,9684950,191,662,470,0,382,0,190,471,0,0,191,6112,6144,0,471,280,280,12189600,10909200,6955700,11292500,10996200,10668400,10890300,7112600,10899750,191,662,470,0,572,0,380,471,191,191,0,6112,6144,0,471,280,280,1.1254317265447937,0.11816671896923196,0,0,0,0,0,0,1043,1423,380
782,sealed_evaluation:warehouse-10-20-10-2-2:s4:r9,warehouse,warehouse-10-20-10-2-2.map,holdout,warehouse-10-20-10-2-2-random-4.scen,4,8,9,17,74,38,12,20,80,2205000,2187700,1998100,2193700,1152600,1968900,1777100,5459900,2092900,88,293,195,0,89,0,0,196,0,0,0,0,0,0,196,108,108,6253100,4875400,6779100,7956400,5184700,5816900,6140600,8340300,6196850,87,290,194,0,88,0,0,195,0,0,195,6240,6272,0,195,108,108,3670800,3967000,5777700,2504500,4650700,4487500,4669500,3336900,4227250,87,290,194,0,175,0,87,195,0,0,88,2816,2848,0,195,108,108,4712900,4804300,2770500,5159400,3706300,5165800,3752000,5914400,4758600,87,290,194,0,262,0,174,195,88,88,0,2816,2848,0,195,108,108,1.1256963747116919,0.11840184389879035,0,0,0,0,0,0,457,631,174
783,sealed_evaluation:warehouse-10-20-10-2-2:s4:r10,warehouse,warehouse-10-20-10-2-2.map,holdout,warehouse-10-20-10-2-2-random-4.scen,4,9,10,28,117,50,10,64,121,2855500,1897900,3235500,3148400,3145100,2367000,1646900,1639100,2611250,121,406,285,0,122,0,0,286,0,0,0,0,0,0,286,165,165,8972000,9153200,9541300,9876000,5445600,7443700,6312700,6728600,8207850,121,406,285,0,122,0,0,286,0,0,286,9152,9184,0,286,165,165,5047500,6961700,5029300,6057900,3384500,3130800,3750300,4515700,4772500,121,406,285,0,242,0,120,286,0,0,121,3872,3904,0,286,165,165,6158800,4179500,7435300,7555000,4465100,4291100,3769900,3814600,4378100,121,406,285,0,362,0,240,286,121,121,0,3872,3904,0,286,165,165,0.91735987427972765,-0.086255436297829099,0,0,0,0,0,0,648,888,240
784,sealed_evaluation:warehouse-10-20-10-2-2:s4:r11,warehouse,warehouse-10-20-10-2-2.map,holdout,warehouse-10-20-10-2-2-random-4.scen,4,10,11,32,167,61,47,38,143,2897400,2068400,2099400,2078800,2118500,1907500,3573200,3577300,2108950,143,492,349,0,144,0,0,350,0,0,0,0,0,0,350,207,207,6682100,7895900,6410300,6232700,6249100,12642200,6249100,8661800,6546200,143,492,349,0,144,0,0,350,0,0,350,11200,11232,0,350,207,207,4198600,5063200,4170200,6277900,6123100,6554700,11699400,5954500,6038800,143,492,349,0,286,0,142,350,0,0,143,4576,4608,0,350,207,207,6726300,5717200,7383200,5942200,12102900,4652500,6701800,5404100,6322000,143,492,349,0,428,0,284,350,143,143,0,4576,4608,0,350,207,207,1.0468967344505531,0.045830297081982066,0,0,0,0,0,0,778,1062,284
785,sealed_evaluation:warehouse-10-20-10-2-2:s4:r12,warehouse,warehouse-10-20-10-2-2.map,holdout,warehouse-10-20-10-2-2-random-4.scen,4,11,12,10,87,61,116,46,44,950200,667600,705400,585800,581800,596300,582900,1058100,631950,44,143,99,0,45,0,0,100,0,0,0,0,0,0,100,56,56,2315400,2363100,2247000,1768300,1752700,2667300,1920500,2566600,2281200,44,143,99,0,45,0,0,100,0,0,100,3200,3232,0,100,56,56,1242000,1809800,1839700,1194100,1746200,1674600,1218900,2074100,1710400,44,143,99,0,88,0,43,100,0,0,44,1408,1440,0,100,56,56,1334500,1382700,1638900,1461800,1737600,1797500,1331900,2378400,1550350,44,143,99,0,131,0,86,100,44,44,0,1408,1440,0,100,56,56,0.90642539756782037,-0.098246549396315191,0,0,0,0,0,0,231,317,86
786,sealed_evaluation:warehouse-10-20-10-2-2:s4:r13,warehouse,warehouse-10-20-10-2-2.map,holdout,warehouse-10-20-10-2-2-random-4.scen,4,12,13,25,109,17,24,44,112,1678900,1521000,1551800,1853400,2442900,2215900,1579900,1439600,1629400,112,378,266,0,113,0,0,267,0,0,0,0,0,0,267,155,155,5652300,5646100,4695900,4775200,6434100,6959600,8556600,5682900,5667600,112,378,266,0,113,0,0,267,0,0,267,8544,8576,0,267,155,155,2851600,4695400,4219900,3120600,3272000,3225600,3501100,3892500,3386550,112,378,266,0,224,0,111,267,0,0,112,3584,3616,0,267,155,155,3154400,3571600,4732300,5482400,4005000,5358400,3445500,3434000,3788300,112,378,266,0,335,0,222,267,112,112,0,3584,3616,0,267,155,155,1.1186310552036733,0.11210566558360487,0,0,0,0,0,0,602,824,222
787,sealed_evaluation:warehouse-10-20-10-2-2:s4:r14,warehouse,warehouse-10-20-10-2-2.map,holdout,warehouse-10-20-10-2-2-random-4.scen,4,13,14,11,102,30,137,13,52,690200,644100,1282700,765900,690100,696600,1323900,698700,697650,52,170,117,0,53,0,0,118,0,0,0,0,0,0,118,66,66,2414200,3548400,3526600,2194700,2941400,2184700,3457200,2084000,2677800,52,170,117,0,53,0,0,118,0,0,118,3776,3808,0,118,66,66,4150200,1615500,1295600,1412400,1786800,1425300,1430800,1422500,1428050,52,170,117,0,104,0,51,118,0,0,52,1664,1696,0,118,66,66,6116900,1448600,2156700,1833600,2391400,1575700,1994800,1641400,1914200,52,170,117,0,155,0,102,118,52,52,0,1664,1696,0,118,66,66,1.3404292566786877,0.29298990346965015,0,0,0,0,0,0,273,375,102
788,sealed_evaluation:warehouse-10-20-10-2-2:s4:r15,warehouse,warehouse-10-20-10-2-2.map,holdout,warehouse-10-20-10-2-2-random-4.scen,4,14,15,26,154,64,69,29,120,3345100,1668100,2818900,2497300,1782200,2782300,2089700,2157000,2327150,120,418,298,0,121,0,0,299,0,0,0,0,0,0,299,179,179,9312200,5246000,5317100,6517100,7368500,6219200,5949000,6006000,6112600,120,418,298,0,121,0,0,299,0,0,299,9568,9600,0,299,179,179,4031200,3840800,3576400,3747300,3988100,3951600,6202000,3409100,3896200,120,418,298,0,240,0,119,299,0,0,120,3840,3872,0,299,179,179,5404300,5608700,4745100,4427400,3806200,7302500,6203500,3744300,5074700,120,418,298,0,359,0,238,299,120,120,0,3840,3872,0,299,179,179,1.302474205636261,0.26426569071513178,0,0,0,0,0,0,658,896,238
789,sealed_evaluation:warehouse-10-20-10-2-2:s4:r16,warehouse,warehouse-10-20-10-2-2.map,holdout,warehouse-10-20-10-2-2-random-4.scen,4,15,16,25,51,14,146,4,105,1473100,1465700,3885900,1868200,1469600,2136300,2289900,1584300,1726250,119,377,242,0,120,0,0,243,0,0,0,0,0,0,243,124,124,4510200,4322600,4671800,5693800,5184900,4554800,5072400,5802200,4872100,119,377,242,0,120,0,0,243,0,0,243,7776,7808,0,243,124,124,4355900,4207100,3174800,3185100,4089600,2875300,2895500,3200600,3192850,119,377,242,0,238,0,118,243,0,0,119,3808,3840,0,243,124,124,3738100,4131000,3852700,3222100,3738600,5008800,5460900,4450800,3991850,119,377,242,0,356,0,236,243,119,119,0,3808,3840,0,243,124,124,1.2502466448470801,0.22334084772765644,0,0,0,0,0,0,599,835,236
790,sealed_evaluation:warehouse-10-20-10-2-2:s4:r17,warehouse,warehouse-10-20-10-2-2.map,holdout,warehouse-10-20-10-2-2-random-4.scen,4,16,17,7,94,29,121,36,34,764700,671900,814000,1187600,791000,462900,458700,460600,718300,34,111,77,0,35,0,0,78,0,0,0,0,0,0,78,44,44,1819500,2036800,2099800,2799300,1886600,1505700,1430900,1695900,1853050,34,111,77,0,35,0,0,78,0,0,78,2496,2528,0,78,44,44,947200,1612700,1056500,1744800,1698400,1236100,949100,1195900,1216000,34,111,77,0,68,0,33,78,0,0,34,1088,1120,0,78,44,44,1041100,2057800,1902900,1056100,1694300,1279100,1056400,1051100,1167750,34,111,77,0,101,0,66,78,34,34,0,1088,1120,0,78,44,44,0.96032072368421051,-0.040487963143894933,0,0,0,0,0,0,179,245,66
791,sealed_evaluation:warehouse-10-20-10-2-2:s4:r18,warehouse,warehouse-10-20-10-2-2.map,holdout,warehouse-10-20-10-2-2-random-4.scen,4,17,18,42,3,47,165,67,182,2895700,4580400,8343400,2637300,4131400,4780500,2467500,2633300,3513550,182,626,443,0,183,0,0,444,0,0,0,0,0,0,444,262,262,14341400,8978000,9897300,11975000,9290600,13565300,8684300,11364800,10631050,182,626,443,0,183,0,0,444,0,0,444,14208,14240,0,444,262,262,8375200,6214600,5376500,6944000,7449900,9415300,6186000,5608100,6579300,182,626,443,0,364,0,181,444,0,0,182,5824,5856,0,444,262,262,7253700,6106600,6335200,7020300,5843600,9527400,8967400,6325000,6677750,182,626,443,0,545,0,362,444,182,182,0,5824,5856,0,444,262,262,1.0149635979511498,0.014852747763081714,0,0,0,0,0,0,989,1351,362
792,sealed_evaluation:warehouse-10-20-10-2-2:s4:r19,warehouse,warehouse-10-20-10-2-2.map,holdout,warehouse-10-20-10-2-2-random-4.scen,4,18,19,15,15,60,74,49,70,1188800,1822400,1166400,1374900,1321300,970500,1839100,977700,1255050,70,240,170,0,71,0,0,171,0,0,0,0,0,0,171,101,101,3018800,3036100,3061500,4540000,2984300,4190900,4285100,4746700,3626200,70,240,170,0,71,0,0,171,0,0,171,5472,5504,0,171,101,101,2438600,2477400,2968900,2456900,1921900,2979000,2352300,2774700,2467150,70,240,170,0,140,0,69,171,0,0,70,2240,2272,0,171,101,101,3700900,4239800,3119100,1975300,3484700,2187000,2942900,2243200,3031000,70,240,170,0,209,0,138,171,70,70,0,2240,2272,0,171,101,101,1.2285430557525889,0.20582895978260518,0,0,0,0,0,0,380,518,138
793,sealed_evaluation:warehouse-10-20-10-2-2:s4:r20,warehouse,warehouse-10-20-10-2-2.map,holdout,warehouse-10-20-10-2-2-random-4.scen,4,19,20,29,7,22,122,10,127,3144800,1845300,2151300,2330400,1724500,1737400,2066600,1738400,1955950,127,428,301,0,128,0,0,302,0,0,0,0,0,0,302,175,175,5551400,5435300,9742500,8186700,5573800,5850100,9129700,5842200,5846150,127,428,301,0,128,0,0,302,0,0,302,9664,9696,0,302,175,175,3569200,3580800,3656600,4387000,5279300,6033400,3665300,5054400,4026150,127,428,301,0,254,0,126,302,0,0,127,4064,4096,0,302,175,175,6491900,6298300,4679400,8366100,4148700,4183900,6503600,4551000,5488850,127,428,301,0,380,0,252,302,127,127,0,4064,4096,0,302,175,175,1.3632999267290091,0.30990817746462834,0,0,0,0,0,0,682,934,252
794,sealed_evaluation:warehouse-10-20-10-2-2:s4:r21,warehouse,warehouse-10-20-10-2-2.map,holdout,warehouse-10-20-10-2-2-random-4.scen,4,20,21,39,9,36,160,15,172,5138400,4010400,3121600,3940600,4034100,3089100,5249600,2912300,3975500,242,828,515,0,243,0,0,486,0,0,0,0,0,30,486,274,244,9062400,15328000,11293000,9711400,11770100,10838400,8930500,10712100,10775250,242,828,515,0,243,0,0,486,0,0,486,15552,15584,30,486,274,244,9036400,7794400,6996900,9891800,6653600,11269400,9288100,6030000,8415400,242,828,515,0,484,0,241,486,0,0,242,7744,7776,30,486,274,244,7407700,7837000,11712300,8556600,10668000,9260900,7443700,9392800,8908750,242,828,515,0,725,0,482,486,242,242,0,7744,7776,30,486,274,244,1.0586246643059154,0.056970579155705546,0,0,0,0,0,0,1241,1723,482
795,sealed_evaluation:warehouse-10-20-10-2-2:s4:r22,warehouse,warehouse-10-20-10-2-2.map,holdout,warehouse-10-20-10-2-2-random-4.scen,4,21,22,36,140,58,14,23,161,7569000,2528200,2540500,2571300,5100000,2518000,2358700,2438800,2534350,197,636,401,0,198,0,0,402,0,0,0,0,0,0,402,205,205,8811400,9928200,10141200,8735300,8513400,12790500,10122000,15244300,10025100,197,636,401,0,198,0,0,402,0,0,402,12864,12896,0,402,205,205,7199500,5500700,6379400,5471700,7518000,5637500,6476900,7772500,6428150,197,636,401,0,394,0,196,402,0,0,197,6304,6336,0,402,205,205,6681100,9231200,7538400,5978100,7065100,6803700,6810400,6130600,6807050,197,636,401,0,590,0,392,402,197,197,0,6304,6336,0,402,205,205,1.0589438640977575,0.057272056808001792,0,0,0,0,0,0,992,1384,392
796,sealed_evaluation:warehouse-10-20-10-2-2:s4:r23,warehouse,warehouse-10-20-10-2-2.map,holdout,warehouse-10-20-10-2-2-random-4.scen,4,22,23,17,157,10,133,65,79,1119100,1088700,1388600,1157100,1101300,1091000,2388900,1177200,1138100,79,278,200,0,80,0,0,201,0,0,0,0,0,0,201,122,122,3909400,4850200,3770800,7146700,3469900,3742300,6478100,3555500,3840100,79,278,200,0,80,0,0,201,0,0,201,6432,6464,0,201,122,122,2221500,2316900,3179800,2370300,2758700,2212900,3493400,2259100,2343600,79,278,200,0,158,0,78,201,0,0,79,2528,2560,0,201,122,122,3932700,2444600,3627400,2468400,2984500,2506400,7238600,3519000,3251750,79,278,200,0,236,0,156,201,79,79,0,2528,2560,0,201,122,122,1.3875021334698754,0.32750510427321661,0,0,0,0,0,0,437,593,156
797,sealed_evaluation:warehouse-10-20-10-2-2:s4:r24,warehouse,warehouse-10-20-10-2-2.map,holdout,warehouse-10-20-10-2-2-random-4.scen,4,23,24,13,123,57,143,22,55,760900,968000,791000,746800,999400,2104100,1287500,738000,879500,55,184,129,0,56,0,0,130,0,0,0,0,0,0,130,75,75,2319900,5173100,3527300,2268100,2459200,2573300,3393100,2142100,2516250,55,184,129,0,56,0,0,130,0,0,130,4160,4192,0,130,75,75,1530100,4358200,2013800,1516700,2578500,1519900,1621300,1375800,1575700,55,184,129,0,110,0,54,130,0,0,55,1760,1792,0,130,75,75,1702200,2746900,2241200,1805900,2368800,1666000,2939500,2110600,2175900,55,184,129,0,164,0,108,130,55,55,0,1760,1792,0,130,75,75,1.3809100717141587,0.32274275406947645,0,0,0,0,0,0,294,402,108
798,sealed_evaluation:warehouse-10-20-10-2-2:s4:r25,warehouse,warehouse-10-20-10-2-2.map,holdout,warehouse-10-20-10-2-2-random-4.scen,4,24,25,15,92,41,144,25,68,1057000,961000,896600,1542500,896300,891100,1623700,898900,929950,68,220,152,0,69,0,0,153,0,0,0,0,0,0,153,85,85,3020600,2768800,2683300,3616100,2695000,3849600,3033700,2715700,2894700,68,220,152,0,69,0,0,153,0,0,153,4896,4928,0,153,85,85,2123300,2454800,2098800,1948400,1859900,1921200,1861800,2175400,2023600,68,220,152,0,136,0,67,153,0,0,68,2176,2208,0,153,85,85,2597300,2780200,2087400,2602400,3759900,2052100,3434600,2081300,2599850,68,220,152,0,203,0,134,153,68,68,0,2176,2208,0,153,85,85,1.2847647756473612,0.25057564761983497,0,0,0,0,0,0,356,490,134
799,sealed_evaluation:warehouse-10-20-10-2-2:s4:r26,warehouse,warehouse-10-20-10-2-2.map,holdout,warehouse-10-20-10-2-2-random-4.scen,4,25,26,35,150,41,36,80,153,3122500,29550600,3572400,2699000,2818300,2237100,2845600,5175500,2984050,153,503,350,0,154,0,0,351,0,0,0,0,0,0,351,198,198,7477200,6339200,6965100,6610000,8625600,6314000,5699700,9429500,6787550,153,503,350,0,154,0,0,351,0,0,351,11232,11264,0,351,198,198,4342700,5615600,4466700,4392400,5266300,6822400,4421100,4458700,4462700,153,503,350,0,306,0,152,351,0,0,153,4896,4928,0,351,198,198,7180000,5372600,6090500,5500900,6677600,13522200,6292700,6767500,6485150,153,503,350,0,458,0,304,351,153,153,0,4896,4928,0,351,198,198,1.4531897730073722,0.37376098377296474,0,0,0,0,0,0,809,1113,304
